consumable_id,display_name,category,subcategory,item_group,specificity,parent_id,selectable,aliases,default_unit,allowed_units,requires_dosage_confirmation,search_keywords,sort_order,active,implementation_note
food_meals_and_eating_occasions_meal,Meal,Food,Meals and eating occasions,General,general,,TRUE,,serving,serving|piece|g|kg|oz|cup|tbsp|tsp|slice|bowl|plate|pack,FALSE,Meal Food Meals and eating occasions General,1,TRUE,General option remains selectable when the user does not want to choose a specific item.
food_meals_and_eating_occasions_breakfast,Breakfast,Food,Meals and eating occasions,Meal type,specific,food_meals_and_eating_occasions_meal,TRUE,,serving,serving|piece|g|kg|oz|cup|tbsp|tsp|slice|bowl|plate|pack,FALSE,Breakfast Food Meals and eating occasions Meal type,2,TRUE,
food_meals_and_eating_occasions_brunch,Brunch,Food,Meals and eating occasions,Meal type,specific,food_meals_and_eating_occasions_meal,TRUE,,serving,serving|piece|g|kg|oz|cup|tbsp|tsp|slice|bowl|plate|pack,FALSE,Brunch Food Meals and eating occasions Meal type,3,TRUE,
food_meals_and_eating_occasions_lunch,Lunch,Food,Meals and eating occasions,Meal type,specific,food_meals_and_eating_occasions_meal,TRUE,,serving,serving|piece|g|kg|oz|cup|tbsp|tsp|slice|bowl|plate|pack,FALSE,Lunch Food Meals and eating occasions Meal type,4,TRUE,
food_meals_and_eating_occasions_dinner,Dinner,Food,Meals and eating occasions,Meal type,specific,food_meals_and_eating_occasions_meal,TRUE,,serving,serving|piece|g|kg|oz|cup|tbsp|tsp|slice|bowl|plate|pack,FALSE,Dinner Food Meals and eating occasions Meal type,5,TRUE,
food_meals_and_eating_occasions_supper,Supper,Food,Meals and eating occasions,Meal type,specific,food_meals_and_eating_occasions_meal,TRUE,,serving,serving|piece|g|kg|oz|cup|tbsp|tsp|slice|bowl|plate|pack,FALSE,Supper Food Meals and eating occasions Meal type,6,TRUE,
food_meals_and_eating_occasions_snack,Snack,Food,Meals and eating occasions,Meal type,specific,food_meals_and_eating_occasions_meal,TRUE,,serving,serving|piece|g|kg|oz|cup|tbsp|tsp|slice|bowl|plate|pack,FALSE,Snack Food Meals and eating occasions Meal type,7,TRUE,
food_meals_and_eating_occasions_dessert,Dessert,Food,Meals and eating occasions,Meal type,specific,food_meals_and_eating_occasions_meal,TRUE,,serving,serving|piece|g|kg|oz|cup|tbsp|tsp|slice|bowl|plate|pack,FALSE,Dessert Food Meals and eating occasions Meal type,8,TRUE,
food_meals_and_eating_occasions_late_night_meal,Late-night meal,Food,Meals and eating occasions,Meal type,specific,food_meals_and_eating_occasions_meal,TRUE,,serving,serving|piece|g|kg|oz|cup|tbsp|tsp|slice|bowl|plate|pack,FALSE,Late-night meal Food Meals and eating occasions Meal type,9,TRUE,
food_meals_and_eating_occasions_home_cooked_meal,Home-cooked meal,Food,Meals and eating occasions,Meal type,specific,food_meals_and_eating_occasions_meal,TRUE,,serving,serving|piece|g|kg|oz|cup|tbsp|tsp|slice|bowl|plate|pack,FALSE,Home-cooked meal Food Meals and eating occasions Meal type,10,TRUE,
food_meals_and_eating_occasions_restaurant_meal,Restaurant meal,Food,Meals and eating occasions,Meal type,specific,food_meals_and_eating_occasions_meal,TRUE,,serving,serving|piece|g|kg|oz|cup|tbsp|tsp|slice|bowl|plate|pack,FALSE,Restaurant meal Food Meals and eating occasions Meal type,11,TRUE,
food_meals_and_eating_occasions_takeaway_meal,Takeaway meal,Food,Meals and eating occasions,Meal type,specific,food_meals_and_eating_occasions_meal,TRUE,,serving,serving|piece|g|kg|oz|cup|tbsp|tsp|slice|bowl|plate|pack,FALSE,Takeaway meal Food Meals and eating occasions Meal type,12,TRUE,
food_meals_and_eating_occasions_fast_food_meal,Fast-food meal,Food,Meals and eating occasions,Meal type,specific,food_meals_and_eating_occasions_meal,TRUE,,serving,serving|piece|g|kg|oz|cup|tbsp|tsp|slice|bowl|plate|pack,FALSE,Fast-food meal Food Meals and eating occasions Meal type,13,TRUE,
food_meals_and_eating_occasions_buffet_meal,Buffet meal,Food,Meals and eating occasions,Meal type,specific,food_meals_and_eating_occasions_meal,TRUE,,serving,serving|piece|g|kg|oz|cup|tbsp|tsp|slice|bowl|plate|pack,FALSE,Buffet meal Food Meals and eating occasions Meal type,14,TRUE,
food_meals_and_eating_occasions_leftovers,Leftovers,Food,Meals and eating occasions,Meal type,specific,food_meals_and_eating_occasions_meal,TRUE,,serving,serving|piece|g|kg|oz|cup|tbsp|tsp|slice|bowl|plate|pack,FALSE,Leftovers Food Meals and eating occasions Meal type,15,TRUE,
food_meals_and_eating_occasions_ready_meal,Ready meal,Food,Meals and eating occasions,Meal type,specific,food_meals_and_eating_occasions_meal,TRUE,,serving,serving|piece|g|kg|oz|cup|tbsp|tsp|slice|bowl|plate|pack,FALSE,Ready meal Food Meals and eating occasions Meal type,16,TRUE,
food_meals_and_eating_occasions_meal_replacement,Meal replacement,Food,Meals and eating occasions,Meal type,specific,food_meals_and_eating_occasions_meal,TRUE,,serving,serving|piece|g|kg|oz|cup|tbsp|tsp|slice|bowl|plate|pack,FALSE,Meal replacement Food Meals and eating occasions Meal type,17,TRUE,
food_meals_and_eating_occasions_street_food,Street food,Food,Meals and eating occasions,Meal type,specific,food_meals_and_eating_occasions_meal,TRUE,,serving,serving|piece|g|kg|oz|cup|tbsp|tsp|slice|bowl|plate|pack,FALSE,Street food Food Meals and eating occasions Meal type,18,TRUE,
food_meals_and_eating_occasions_hospital_meal,Hospital meal,Food,Meals and eating occasions,Meal type,specific,food_meals_and_eating_occasions_meal,TRUE,,serving,serving|piece|g|kg|oz|cup|tbsp|tsp|slice|bowl|plate|pack,FALSE,Hospital meal Food Meals and eating occasions Meal type,19,TRUE,
food_meals_and_eating_occasions_airline_meal,Airline meal,Food,Meals and eating occasions,Meal type,specific,food_meals_and_eating_occasions_meal,TRUE,,serving,serving|piece|g|kg|oz|cup|tbsp|tsp|slice|bowl|plate|pack,FALSE,Airline meal Food Meals and eating occasions Meal type,20,TRUE,
food_fruit_fruit,Fruit,Food,Fruit,General,general,,TRUE,,piece,serving|piece|g|kg|oz|cup|tbsp|tsp|slice|bowl|plate|pack,FALSE,Fruit Food Fruit General,21,TRUE,General option remains selectable when the user does not want to choose a specific item.
food_fruit_apple,Apple,Food,Fruit,Common fruit,specific,food_fruit_fruit,TRUE,,piece,serving|piece|g|kg|oz|cup|tbsp|tsp|slice|bowl|plate|pack,FALSE,Apple Food Fruit Common fruit,22,TRUE,
food_fruit_banana,Banana,Food,Fruit,Common fruit,specific,food_fruit_fruit,TRUE,,piece,serving|piece|g|kg|oz|cup|tbsp|tsp|slice|bowl|plate|pack,FALSE,Banana Food Fruit Common fruit,23,TRUE,
food_fruit_orange,Orange,Food,Fruit,Common fruit,specific,food_fruit_fruit,TRUE,,piece,serving|piece|g|kg|oz|cup|tbsp|tsp|slice|bowl|plate|pack,FALSE,Orange Food Fruit Common fruit,24,TRUE,
food_fruit_mandarin,Mandarin,Food,Fruit,Common fruit,specific,food_fruit_fruit,TRUE,,piece,serving|piece|g|kg|oz|cup|tbsp|tsp|slice|bowl|plate|pack,FALSE,Mandarin Food Fruit Common fruit,25,TRUE,
food_fruit_tangerine,Tangerine,Food,Fruit,Common fruit,specific,food_fruit_fruit,TRUE,,piece,serving|piece|g|kg|oz|cup|tbsp|tsp|slice|bowl|plate|pack,FALSE,Tangerine Food Fruit Common fruit,26,TRUE,
food_fruit_clementine,Clementine,Food,Fruit,Common fruit,specific,food_fruit_fruit,TRUE,,piece,serving|piece|g|kg|oz|cup|tbsp|tsp|slice|bowl|plate|pack,FALSE,Clementine Food Fruit Common fruit,27,TRUE,
food_fruit_pear,Pear,Food,Fruit,Common fruit,specific,food_fruit_fruit,TRUE,,piece,serving|piece|g|kg|oz|cup|tbsp|tsp|slice|bowl|plate|pack,FALSE,Pear Food Fruit Common fruit,28,TRUE,
food_fruit_grapes,Grapes,Food,Fruit,Common fruit,specific,food_fruit_fruit,TRUE,,piece,serving|piece|g|kg|oz|cup|tbsp|tsp|slice|bowl|plate|pack,FALSE,Grapes Food Fruit Common fruit,29,TRUE,
food_fruit_watermelon,Watermelon,Food,Fruit,Common fruit,specific,food_fruit_fruit,TRUE,,piece,serving|piece|g|kg|oz|cup|tbsp|tsp|slice|bowl|plate|pack,FALSE,Watermelon Food Fruit Common fruit,30,TRUE,
food_fruit_cantaloupe,Cantaloupe,Food,Fruit,Common fruit,specific,food_fruit_fruit,TRUE,,piece,serving|piece|g|kg|oz|cup|tbsp|tsp|slice|bowl|plate|pack,FALSE,Cantaloupe Food Fruit Common fruit,31,TRUE,
food_fruit_honeydew_melon,Honeydew melon,Food,Fruit,Common fruit,specific,food_fruit_fruit,TRUE,,piece,serving|piece|g|kg|oz|cup|tbsp|tsp|slice|bowl|plate|pack,FALSE,Honeydew melon Food Fruit Common fruit,32,TRUE,
food_fruit_pineapple,Pineapple,Food,Fruit,Common fruit,specific,food_fruit_fruit,TRUE,,piece,serving|piece|g|kg|oz|cup|tbsp|tsp|slice|bowl|plate|pack,FALSE,Pineapple Food Fruit Common fruit,33,TRUE,
food_fruit_mango,Mango,Food,Fruit,Common fruit,specific,food_fruit_fruit,TRUE,,piece,serving|piece|g|kg|oz|cup|tbsp|tsp|slice|bowl|plate|pack,FALSE,Mango Food Fruit Common fruit,34,TRUE,
food_fruit_papaya,Papaya,Food,Fruit,Common fruit,specific,food_fruit_fruit,TRUE,,piece,serving|piece|g|kg|oz|cup|tbsp|tsp|slice|bowl|plate|pack,FALSE,Papaya Food Fruit Common fruit,35,TRUE,
food_fruit_guava,Guava,Food,Fruit,Common fruit,specific,food_fruit_fruit,TRUE,,piece,serving|piece|g|kg|oz|cup|tbsp|tsp|slice|bowl|plate|pack,FALSE,Guava Food Fruit Common fruit,36,TRUE,
food_fruit_kiwi,Kiwi,Food,Fruit,Common fruit,specific,food_fruit_fruit,TRUE,,piece,serving|piece|g|kg|oz|cup|tbsp|tsp|slice|bowl|plate|pack,FALSE,Kiwi Food Fruit Common fruit,37,TRUE,
food_fruit_pomegranate,Pomegranate,Food,Fruit,Common fruit,specific,food_fruit_fruit,TRUE,,piece,serving|piece|g|kg|oz|cup|tbsp|tsp|slice|bowl|plate|pack,FALSE,Pomegranate Food Fruit Common fruit,38,TRUE,
food_fruit_fig,Fig,Food,Fruit,Common fruit,specific,food_fruit_fruit,TRUE,,piece,serving|piece|g|kg|oz|cup|tbsp|tsp|slice|bowl|plate|pack,FALSE,Fig Food Fruit Common fruit,39,TRUE,
food_fruit_date,Date,Food,Fruit,Common fruit,specific,food_fruit_fruit,TRUE,,piece,serving|piece|g|kg|oz|cup|tbsp|tsp|slice|bowl|plate|pack,FALSE,Date Food Fruit Common fruit,40,TRUE,
food_fruit_persimmon,Persimmon,Food,Fruit,Common fruit,specific,food_fruit_fruit,TRUE,,piece,serving|piece|g|kg|oz|cup|tbsp|tsp|slice|bowl|plate|pack,FALSE,Persimmon Food Fruit Common fruit,41,TRUE,
food_fruit_quince,Quince,Food,Fruit,Common fruit,specific,food_fruit_fruit,TRUE,,piece,serving|piece|g|kg|oz|cup|tbsp|tsp|slice|bowl|plate|pack,FALSE,Quince Food Fruit Common fruit,42,TRUE,
food_fruit_dragon_fruit,Dragon fruit,Food,Fruit,Common fruit,specific,food_fruit_fruit,TRUE,,piece,serving|piece|g|kg|oz|cup|tbsp|tsp|slice|bowl|plate|pack,FALSE,Dragon fruit Food Fruit Common fruit,43,TRUE,
food_fruit_star_fruit,Star fruit,Food,Fruit,Common fruit,specific,food_fruit_fruit,TRUE,,piece,serving|piece|g|kg|oz|cup|tbsp|tsp|slice|bowl|plate|pack,FALSE,Star fruit Food Fruit Common fruit,44,TRUE,
food_fruit_lemon,Lemon,Food,Fruit,Citrus fruit,specific,food_fruit_fruit,TRUE,,piece,serving|piece|g|kg|oz|cup|tbsp|tsp|slice|bowl|plate|pack,FALSE,Lemon Food Fruit Citrus fruit,45,TRUE,
food_fruit_lime,Lime,Food,Fruit,Citrus fruit,specific,food_fruit_fruit,TRUE,,piece,serving|piece|g|kg|oz|cup|tbsp|tsp|slice|bowl|plate|pack,FALSE,Lime Food Fruit Citrus fruit,46,TRUE,
food_fruit_grapefruit,Grapefruit,Food,Fruit,Citrus fruit,specific,food_fruit_fruit,TRUE,,piece,serving|piece|g|kg|oz|cup|tbsp|tsp|slice|bowl|plate|pack,FALSE,Grapefruit Food Fruit Citrus fruit,47,TRUE,
food_fruit_pomelo,Pomelo,Food,Fruit,Citrus fruit,specific,food_fruit_fruit,TRUE,,piece,serving|piece|g|kg|oz|cup|tbsp|tsp|slice|bowl|plate|pack,FALSE,Pomelo Food Fruit Citrus fruit,48,TRUE,
food_fruit_blood_orange,Blood orange,Food,Fruit,Citrus fruit,specific,food_fruit_fruit,TRUE,,piece,serving|piece|g|kg|oz|cup|tbsp|tsp|slice|bowl|plate|pack,FALSE,Blood orange Food Fruit Citrus fruit,49,TRUE,
food_fruit_kumquat,Kumquat,Food,Fruit,Citrus fruit,specific,food_fruit_fruit,TRUE,,piece,serving|piece|g|kg|oz|cup|tbsp|tsp|slice|bowl|plate|pack,FALSE,Kumquat Food Fruit Citrus fruit,50,TRUE,
food_fruit_yuzu,Yuzu,Food,Fruit,Citrus fruit,specific,food_fruit_fruit,TRUE,,piece,serving|piece|g|kg|oz|cup|tbsp|tsp|slice|bowl|plate|pack,FALSE,Yuzu Food Fruit Citrus fruit,51,TRUE,
food_fruit_bergamot_fruit,Bergamot fruit,Food,Fruit,Citrus fruit,specific,food_fruit_fruit,TRUE,,piece,serving|piece|g|kg|oz|cup|tbsp|tsp|slice|bowl|plate|pack,FALSE,Bergamot fruit Food Fruit Citrus fruit,52,TRUE,
food_fruit_citron,Citron,Food,Fruit,Citrus fruit,specific,food_fruit_fruit,TRUE,,piece,serving|piece|g|kg|oz|cup|tbsp|tsp|slice|bowl|plate|pack,FALSE,Citron Food Fruit Citrus fruit,53,TRUE,
food_fruit_ugli_fruit,Ugli fruit,Food,Fruit,Citrus fruit,specific,food_fruit_fruit,TRUE,,piece,serving|piece|g|kg|oz|cup|tbsp|tsp|slice|bowl|plate|pack,FALSE,Ugli fruit Food Fruit Citrus fruit,54,TRUE,
food_fruit_strawberry,Strawberry,Food,Fruit,Berries,specific,food_fruit_fruit,TRUE,,serving,serving|piece|g|kg|oz|cup|tbsp|tsp|slice|bowl|plate|pack,FALSE,Strawberry Food Fruit Berries,55,TRUE,
food_fruit_blueberry,Blueberry,Food,Fruit,Berries,specific,food_fruit_fruit,TRUE,,serving,serving|piece|g|kg|oz|cup|tbsp|tsp|slice|bowl|plate|pack,FALSE,Blueberry Food Fruit Berries,56,TRUE,
food_fruit_raspberry,Raspberry,Food,Fruit,Berries,specific,food_fruit_fruit,TRUE,,serving,serving|piece|g|kg|oz|cup|tbsp|tsp|slice|bowl|plate|pack,FALSE,Raspberry Food Fruit Berries,57,TRUE,
food_fruit_blackberry,Blackberry,Food,Fruit,Berries,specific,food_fruit_fruit,TRUE,,serving,serving|piece|g|kg|oz|cup|tbsp|tsp|slice|bowl|plate|pack,FALSE,Blackberry Food Fruit Berries,58,TRUE,
food_fruit_cranberry,Cranberry,Food,Fruit,Berries,specific,food_fruit_fruit,TRUE,,serving,serving|piece|g|kg|oz|cup|tbsp|tsp|slice|bowl|plate|pack,FALSE,Cranberry Food Fruit Berries,59,TRUE,
food_fruit_gooseberry,Gooseberry,Food,Fruit,Berries,specific,food_fruit_fruit,TRUE,,serving,serving|piece|g|kg|oz|cup|tbsp|tsp|slice|bowl|plate|pack,FALSE,Gooseberry Food Fruit Berries,60,TRUE,
food_fruit_mulberry,Mulberry,Food,Fruit,Berries,specific,food_fruit_fruit,TRUE,,serving,serving|piece|g|kg|oz|cup|tbsp|tsp|slice|bowl|plate|pack,FALSE,Mulberry Food Fruit Berries,61,TRUE,
food_fruit_blackcurrant,Blackcurrant,Food,Fruit,Berries,specific,food_fruit_fruit,TRUE,,serving,serving|piece|g|kg|oz|cup|tbsp|tsp|slice|bowl|plate|pack,FALSE,Blackcurrant Food Fruit Berries,62,TRUE,
food_fruit_redcurrant,Redcurrant,Food,Fruit,Berries,specific,food_fruit_fruit,TRUE,,serving,serving|piece|g|kg|oz|cup|tbsp|tsp|slice|bowl|plate|pack,FALSE,Redcurrant Food Fruit Berries,63,TRUE,
food_fruit_white_currant,White currant,Food,Fruit,Berries,specific,food_fruit_fruit,TRUE,,serving,serving|piece|g|kg|oz|cup|tbsp|tsp|slice|bowl|plate|pack,FALSE,White currant Food Fruit Berries,64,TRUE,
food_fruit_elderberry,Elderberry,Food,Fruit,Berries,specific,food_fruit_fruit,TRUE,,serving,serving|piece|g|kg|oz|cup|tbsp|tsp|slice|bowl|plate|pack,FALSE,Elderberry Food Fruit Berries,65,TRUE,
food_fruit_boysenberry,Boysenberry,Food,Fruit,Berries,specific,food_fruit_fruit,TRUE,,serving,serving|piece|g|kg|oz|cup|tbsp|tsp|slice|bowl|plate|pack,FALSE,Boysenberry Food Fruit Berries,66,TRUE,
food_fruit_cloudberry,Cloudberry,Food,Fruit,Berries,specific,food_fruit_fruit,TRUE,,serving,serving|piece|g|kg|oz|cup|tbsp|tsp|slice|bowl|plate|pack,FALSE,Cloudberry Food Fruit Berries,67,TRUE,
food_fruit_lingonberry,Lingonberry,Food,Fruit,Berries,specific,food_fruit_fruit,TRUE,,serving,serving|piece|g|kg|oz|cup|tbsp|tsp|slice|bowl|plate|pack,FALSE,Lingonberry Food Fruit Berries,68,TRUE,
food_fruit_acai_berry,Acai berry,Food,Fruit,Berries,specific,food_fruit_fruit,TRUE,,serving,serving|piece|g|kg|oz|cup|tbsp|tsp|slice|bowl|plate|pack,FALSE,Acai berry Food Fruit Berries,69,TRUE,
food_fruit_goji_berry,Goji berry,Food,Fruit,Berries,specific,food_fruit_fruit,TRUE,,serving,serving|piece|g|kg|oz|cup|tbsp|tsp|slice|bowl|plate|pack,FALSE,Goji berry Food Fruit Berries,70,TRUE,
food_fruit_huckleberry,Huckleberry,Food,Fruit,Berries,specific,food_fruit_fruit,TRUE,,serving,serving|piece|g|kg|oz|cup|tbsp|tsp|slice|bowl|plate|pack,FALSE,Huckleberry Food Fruit Berries,71,TRUE,
food_fruit_serviceberry,Serviceberry,Food,Fruit,Berries,specific,food_fruit_fruit,TRUE,,serving,serving|piece|g|kg|oz|cup|tbsp|tsp|slice|bowl|plate|pack,FALSE,Serviceberry Food Fruit Berries,72,TRUE,
food_fruit_peach,Peach,Food,Fruit,Stone fruit,specific,food_fruit_fruit,TRUE,,piece,serving|piece|g|kg|oz|cup|tbsp|tsp|slice|bowl|plate|pack,FALSE,Peach Food Fruit Stone fruit,73,TRUE,
food_fruit_nectarine,Nectarine,Food,Fruit,Stone fruit,specific,food_fruit_fruit,TRUE,,piece,serving|piece|g|kg|oz|cup|tbsp|tsp|slice|bowl|plate|pack,FALSE,Nectarine Food Fruit Stone fruit,74,TRUE,
food_fruit_apricot,Apricot,Food,Fruit,Stone fruit,specific,food_fruit_fruit,TRUE,,piece,serving|piece|g|kg|oz|cup|tbsp|tsp|slice|bowl|plate|pack,FALSE,Apricot Food Fruit Stone fruit,75,TRUE,
food_fruit_plum,Plum,Food,Fruit,Stone fruit,specific,food_fruit_fruit,TRUE,,piece,serving|piece|g|kg|oz|cup|tbsp|tsp|slice|bowl|plate|pack,FALSE,Plum Food Fruit Stone fruit,76,TRUE,
food_fruit_cherry,Cherry,Food,Fruit,Stone fruit,specific,food_fruit_fruit,TRUE,,piece,serving|piece|g|kg|oz|cup|tbsp|tsp|slice|bowl|plate|pack,FALSE,Cherry Food Fruit Stone fruit,77,TRUE,
food_fruit_sour_cherry,Sour cherry,Food,Fruit,Stone fruit,specific,food_fruit_fruit,TRUE,,piece,serving|piece|g|kg|oz|cup|tbsp|tsp|slice|bowl|plate|pack,FALSE,Sour cherry Food Fruit Stone fruit,78,TRUE,
food_fruit_damson,Damson,Food,Fruit,Stone fruit,specific,food_fruit_fruit,TRUE,,piece,serving|piece|g|kg|oz|cup|tbsp|tsp|slice|bowl|plate|pack,FALSE,Damson Food Fruit Stone fruit,79,TRUE,
food_fruit_greengage,Greengage,Food,Fruit,Stone fruit,specific,food_fruit_fruit,TRUE,,piece,serving|piece|g|kg|oz|cup|tbsp|tsp|slice|bowl|plate|pack,FALSE,Greengage Food Fruit Stone fruit,80,TRUE,
food_fruit_mirabelle_plum,Mirabelle plum,Food,Fruit,Stone fruit,specific,food_fruit_fruit,TRUE,,piece,serving|piece|g|kg|oz|cup|tbsp|tsp|slice|bowl|plate|pack,FALSE,Mirabelle plum Food Fruit Stone fruit,81,TRUE,
food_fruit_loquat,Loquat,Food,Fruit,Stone fruit,specific,food_fruit_fruit,TRUE,,piece,serving|piece|g|kg|oz|cup|tbsp|tsp|slice|bowl|plate|pack,FALSE,Loquat Food Fruit Stone fruit,82,TRUE,
food_fruit_lychee,Lychee,Food,Fruit,Stone fruit,specific,food_fruit_fruit,TRUE,,piece,serving|piece|g|kg|oz|cup|tbsp|tsp|slice|bowl|plate|pack,FALSE,Lychee Food Fruit Stone fruit,83,TRUE,
food_fruit_longan,Longan,Food,Fruit,Stone fruit,specific,food_fruit_fruit,TRUE,,piece,serving|piece|g|kg|oz|cup|tbsp|tsp|slice|bowl|plate|pack,FALSE,Longan Food Fruit Stone fruit,84,TRUE,
food_fruit_rambutan,Rambutan,Food,Fruit,Stone fruit,specific,food_fruit_fruit,TRUE,,piece,serving|piece|g|kg|oz|cup|tbsp|tsp|slice|bowl|plate|pack,FALSE,Rambutan Food Fruit Stone fruit,85,TRUE,
food_fruit_passion_fruit,Passion fruit,Food,Fruit,Tropical and exotic fruit,specific,food_fruit_fruit,TRUE,,piece,serving|piece|g|kg|oz|cup|tbsp|tsp|slice|bowl|plate|pack,FALSE,Passion fruit Food Fruit Tropical and exotic fruit,86,TRUE,
food_fruit_jackfruit,Jackfruit,Food,Fruit,Tropical and exotic fruit,specific,food_fruit_fruit,TRUE,,piece,serving|piece|g|kg|oz|cup|tbsp|tsp|slice|bowl|plate|pack,FALSE,Jackfruit Food Fruit Tropical and exotic fruit,87,TRUE,
food_fruit_durian,Durian,Food,Fruit,Tropical and exotic fruit,specific,food_fruit_fruit,TRUE,,piece,serving|piece|g|kg|oz|cup|tbsp|tsp|slice|bowl|plate|pack,FALSE,Durian Food Fruit Tropical and exotic fruit,88,TRUE,
food_fruit_mangosteen,Mangosteen,Food,Fruit,Tropical and exotic fruit,specific,food_fruit_fruit,TRUE,,piece,serving|piece|g|kg|oz|cup|tbsp|tsp|slice|bowl|plate|pack,FALSE,Mangosteen Food Fruit Tropical and exotic fruit,89,TRUE,
food_fruit_breadfruit,Breadfruit,Food,Fruit,Tropical and exotic fruit,specific,food_fruit_fruit,TRUE,,piece,serving|piece|g|kg|oz|cup|tbsp|tsp|slice|bowl|plate|pack,FALSE,Breadfruit Food Fruit Tropical and exotic fruit,90,TRUE,
food_fruit_soursop,Soursop,Food,Fruit,Tropical and exotic fruit,specific,food_fruit_fruit,TRUE,,piece,serving|piece|g|kg|oz|cup|tbsp|tsp|slice|bowl|plate|pack,FALSE,Soursop Food Fruit Tropical and exotic fruit,91,TRUE,
food_fruit_cherimoya,Cherimoya,Food,Fruit,Tropical and exotic fruit,specific,food_fruit_fruit,TRUE,,piece,serving|piece|g|kg|oz|cup|tbsp|tsp|slice|bowl|plate|pack,FALSE,Cherimoya Food Fruit Tropical and exotic fruit,92,TRUE,
food_fruit_custard_apple,Custard apple,Food,Fruit,Tropical and exotic fruit,specific,food_fruit_fruit,TRUE,,piece,serving|piece|g|kg|oz|cup|tbsp|tsp|slice|bowl|plate|pack,FALSE,Custard apple Food Fruit Tropical and exotic fruit,93,TRUE,
food_fruit_sapodilla,Sapodilla,Food,Fruit,Tropical and exotic fruit,specific,food_fruit_fruit,TRUE,,piece,serving|piece|g|kg|oz|cup|tbsp|tsp|slice|bowl|plate|pack,FALSE,Sapodilla Food Fruit Tropical and exotic fruit,94,TRUE,
food_fruit_tamarind,Tamarind,Food,Fruit,Tropical and exotic fruit,specific,food_fruit_fruit,TRUE,,piece,serving|piece|g|kg|oz|cup|tbsp|tsp|slice|bowl|plate|pack,FALSE,Tamarind Food Fruit Tropical and exotic fruit,95,TRUE,
food_fruit_jujube,Jujube,Food,Fruit,Tropical and exotic fruit,specific,food_fruit_fruit,TRUE,,piece,serving|piece|g|kg|oz|cup|tbsp|tsp|slice|bowl|plate|pack,FALSE,Jujube Food Fruit Tropical and exotic fruit,96,TRUE,
food_fruit_feijoa,Feijoa,Food,Fruit,Tropical and exotic fruit,specific,food_fruit_fruit,TRUE,,piece,serving|piece|g|kg|oz|cup|tbsp|tsp|slice|bowl|plate|pack,FALSE,Feijoa Food Fruit Tropical and exotic fruit,97,TRUE,
food_fruit_salak,Salak,Food,Fruit,Tropical and exotic fruit,specific,food_fruit_fruit,TRUE,,piece,serving|piece|g|kg|oz|cup|tbsp|tsp|slice|bowl|plate|pack,FALSE,Salak Food Fruit Tropical and exotic fruit,98,TRUE,
food_fruit_plantain,Plantain,Food,Fruit,Tropical and exotic fruit,specific,food_fruit_fruit,TRUE,,piece,serving|piece|g|kg|oz|cup|tbsp|tsp|slice|bowl|plate|pack,FALSE,Plantain Food Fruit Tropical and exotic fruit,99,TRUE,
food_fruit_prickly_pear,Prickly pear,Food,Fruit,Tropical and exotic fruit,specific,food_fruit_fruit,TRUE,,piece,serving|piece|g|kg|oz|cup|tbsp|tsp|slice|bowl|plate|pack,FALSE,Prickly pear Food Fruit Tropical and exotic fruit,100,TRUE,
food_fruit_coconut_flesh,Coconut flesh,Food,Fruit,Tropical and exotic fruit,specific,food_fruit_fruit,TRUE,,piece,serving|piece|g|kg|oz|cup|tbsp|tsp|slice|bowl|plate|pack,FALSE,Coconut flesh Food Fruit Tropical and exotic fruit,101,TRUE,
food_fruit_fresh_coconut,Fresh coconut,Food,Fruit,Tropical and exotic fruit,specific,food_fruit_fruit,TRUE,,piece,serving|piece|g|kg|oz|cup|tbsp|tsp|slice|bowl|plate|pack,FALSE,Fresh coconut Food Fruit Tropical and exotic fruit,102,TRUE,
food_fruit_avocado,Avocado,Food,Fruit,Tropical and exotic fruit,specific,food_fruit_fruit,TRUE,,piece,serving|piece|g|kg|oz|cup|tbsp|tsp|slice|bowl|plate|pack,FALSE,Avocado Food Fruit Tropical and exotic fruit,103,TRUE,
food_fruit_raisins,Raisins,Food,Fruit,Dried and preserved fruit,specific,food_fruit_fruit,TRUE,,serving,serving|piece|g|kg|oz|cup|tbsp|tsp|slice|bowl|plate|pack,FALSE,Raisins Food Fruit Dried and preserved fruit,104,TRUE,
food_fruit_sultanas,Sultanas,Food,Fruit,Dried and preserved fruit,specific,food_fruit_fruit,TRUE,,serving,serving|piece|g|kg|oz|cup|tbsp|tsp|slice|bowl|plate|pack,FALSE,Sultanas Food Fruit Dried and preserved fruit,105,TRUE,
food_fruit_currants_dried,Currants (dried),Food,Fruit,Dried and preserved fruit,specific,food_fruit_fruit,TRUE,,serving,serving|piece|g|kg|oz|cup|tbsp|tsp|slice|bowl|plate|pack,FALSE,Currants (dried) Food Fruit Dried and preserved fruit,106,TRUE,
food_fruit_dried_apricot,Dried apricot,Food,Fruit,Dried and preserved fruit,specific,food_fruit_fruit,TRUE,,serving,serving|piece|g|kg|oz|cup|tbsp|tsp|slice|bowl|plate|pack,FALSE,Dried apricot Food Fruit Dried and preserved fruit,107,TRUE,
food_fruit_dried_fig,Dried fig,Food,Fruit,Dried and preserved fruit,specific,food_fruit_fruit,TRUE,,serving,serving|piece|g|kg|oz|cup|tbsp|tsp|slice|bowl|plate|pack,FALSE,Dried fig Food Fruit Dried and preserved fruit,108,TRUE,
food_fruit_dried_date,Dried date,Food,Fruit,Dried and preserved fruit,specific,food_fruit_fruit,TRUE,,serving,serving|piece|g|kg|oz|cup|tbsp|tsp|slice|bowl|plate|pack,FALSE,Dried date Food Fruit Dried and preserved fruit,109,TRUE,
food_fruit_dried_mango,Dried mango,Food,Fruit,Dried and preserved fruit,specific,food_fruit_fruit,TRUE,,serving,serving|piece|g|kg|oz|cup|tbsp|tsp|slice|bowl|plate|pack,FALSE,Dried mango Food Fruit Dried and preserved fruit,110,TRUE,
food_fruit_dried_cranberry,Dried cranberry,Food,Fruit,Dried and preserved fruit,specific,food_fruit_fruit,TRUE,,serving,serving|piece|g|kg|oz|cup|tbsp|tsp|slice|bowl|plate|pack,FALSE,Dried cranberry Food Fruit Dried and preserved fruit,111,TRUE,
food_fruit_dried_apple,Dried apple,Food,Fruit,Dried and preserved fruit,specific,food_fruit_fruit,TRUE,,serving,serving|piece|g|kg|oz|cup|tbsp|tsp|slice|bowl|plate|pack,FALSE,Dried apple Food Fruit Dried and preserved fruit,112,TRUE,
food_fruit_prunes,Prunes,Food,Fruit,Dried and preserved fruit,specific,food_fruit_fruit,TRUE,,serving,serving|piece|g|kg|oz|cup|tbsp|tsp|slice|bowl|plate|pack,FALSE,Prunes Food Fruit Dried and preserved fruit,113,TRUE,
food_fruit_candied_fruit,Candied fruit,Food,Fruit,Dried and preserved fruit,specific,food_fruit_fruit,TRUE,,serving,serving|piece|g|kg|oz|cup|tbsp|tsp|slice|bowl|plate|pack,FALSE,Candied fruit Food Fruit Dried and preserved fruit,114,TRUE,
food_fruit_fruit_leather,Fruit leather,Food,Fruit,Dried and preserved fruit,specific,food_fruit_fruit,TRUE,,serving,serving|piece|g|kg|oz|cup|tbsp|tsp|slice|bowl|plate|pack,FALSE,Fruit leather Food Fruit Dried and preserved fruit,115,TRUE,
food_fruit_canned_fruit,Canned fruit,Food,Fruit,Dried and preserved fruit,specific,food_fruit_fruit,TRUE,,serving,serving|piece|g|kg|oz|cup|tbsp|tsp|slice|bowl|plate|pack,FALSE,Canned fruit Food Fruit Dried and preserved fruit,116,TRUE,
food_fruit_fruit_salad,Fruit salad,Food,Fruit,Dried and preserved fruit,specific,food_fruit_fruit,TRUE,,serving,serving|piece|g|kg|oz|cup|tbsp|tsp|slice|bowl|plate|pack,FALSE,Fruit salad Food Fruit Dried and preserved fruit,117,TRUE,
food_fruit_fruit_puree,Fruit puree,Food,Fruit,Dried and preserved fruit,specific,food_fruit_fruit,TRUE,,serving,serving|piece|g|kg|oz|cup|tbsp|tsp|slice|bowl|plate|pack,FALSE,Fruit puree Food Fruit Dried and preserved fruit,118,TRUE,
food_fruit_fruit_compote,Fruit compote,Food,Fruit,Dried and preserved fruit,specific,food_fruit_fruit,TRUE,,serving,serving|piece|g|kg|oz|cup|tbsp|tsp|slice|bowl|plate|pack,FALSE,Fruit compote Food Fruit Dried and preserved fruit,119,TRUE,
food_vegetables_vegetables,Vegetables,Food,Vegetables,General,general,,TRUE,,serving,serving|piece|g|kg|oz|cup|tbsp|tsp|slice|bowl|plate|pack,FALSE,Vegetables Food Vegetables General,120,TRUE,General option remains selectable when the user does not want to choose a specific item.
food_vegetables_lettuce,Lettuce,Food,Vegetables,Leafy greens,specific,food_vegetables_vegetables,TRUE,,serving,serving|piece|g|kg|oz|cup|tbsp|tsp|slice|bowl|plate|pack,FALSE,Lettuce Food Vegetables Leafy greens,121,TRUE,
food_vegetables_romaine_lettuce,Romaine lettuce,Food,Vegetables,Leafy greens,specific,food_vegetables_vegetables,TRUE,,serving,serving|piece|g|kg|oz|cup|tbsp|tsp|slice|bowl|plate|pack,FALSE,Romaine lettuce Food Vegetables Leafy greens,122,TRUE,
food_vegetables_iceberg_lettuce,Iceberg lettuce,Food,Vegetables,Leafy greens,specific,food_vegetables_vegetables,TRUE,,serving,serving|piece|g|kg|oz|cup|tbsp|tsp|slice|bowl|plate|pack,FALSE,Iceberg lettuce Food Vegetables Leafy greens,123,TRUE,
food_vegetables_butter_lettuce,Butter lettuce,Food,Vegetables,Leafy greens,specific,food_vegetables_vegetables,TRUE,,serving,serving|piece|g|kg|oz|cup|tbsp|tsp|slice|bowl|plate|pack,FALSE,Butter lettuce Food Vegetables Leafy greens,124,TRUE,
food_vegetables_arugula,Arugula,Food,Vegetables,Leafy greens,specific,food_vegetables_vegetables,TRUE,,serving,serving|piece|g|kg|oz|cup|tbsp|tsp|slice|bowl|plate|pack,FALSE,Arugula Food Vegetables Leafy greens,125,TRUE,
food_vegetables_spinach,Spinach,Food,Vegetables,Leafy greens,specific,food_vegetables_vegetables,TRUE,,serving,serving|piece|g|kg|oz|cup|tbsp|tsp|slice|bowl|plate|pack,FALSE,Spinach Food Vegetables Leafy greens,126,TRUE,
food_vegetables_baby_spinach,Baby spinach,Food,Vegetables,Leafy greens,specific,food_vegetables_vegetables,TRUE,,serving,serving|piece|g|kg|oz|cup|tbsp|tsp|slice|bowl|plate|pack,FALSE,Baby spinach Food Vegetables Leafy greens,127,TRUE,
food_vegetables_kale,Kale,Food,Vegetables,Leafy greens,specific,food_vegetables_vegetables,TRUE,,serving,serving|piece|g|kg|oz|cup|tbsp|tsp|slice|bowl|plate|pack,FALSE,Kale Food Vegetables Leafy greens,128,TRUE,
food_vegetables_swiss_chard,Swiss chard,Food,Vegetables,Leafy greens,specific,food_vegetables_vegetables,TRUE,,serving,serving|piece|g|kg|oz|cup|tbsp|tsp|slice|bowl|plate|pack,FALSE,Swiss chard Food Vegetables Leafy greens,129,TRUE,
food_vegetables_collard_greens,Collard greens,Food,Vegetables,Leafy greens,specific,food_vegetables_vegetables,TRUE,,serving,serving|piece|g|kg|oz|cup|tbsp|tsp|slice|bowl|plate|pack,FALSE,Collard greens Food Vegetables Leafy greens,130,TRUE,
food_vegetables_mustard_greens,Mustard greens,Food,Vegetables,Leafy greens,specific,food_vegetables_vegetables,TRUE,,serving,serving|piece|g|kg|oz|cup|tbsp|tsp|slice|bowl|plate|pack,FALSE,Mustard greens Food Vegetables Leafy greens,131,TRUE,
food_vegetables_turnip_greens,Turnip greens,Food,Vegetables,Leafy greens,specific,food_vegetables_vegetables,TRUE,,serving,serving|piece|g|kg|oz|cup|tbsp|tsp|slice|bowl|plate|pack,FALSE,Turnip greens Food Vegetables Leafy greens,132,TRUE,
food_vegetables_beet_greens,Beet greens,Food,Vegetables,Leafy greens,specific,food_vegetables_vegetables,TRUE,,serving,serving|piece|g|kg|oz|cup|tbsp|tsp|slice|bowl|plate|pack,FALSE,Beet greens Food Vegetables Leafy greens,133,TRUE,
food_vegetables_watercress,Watercress,Food,Vegetables,Leafy greens,specific,food_vegetables_vegetables,TRUE,,serving,serving|piece|g|kg|oz|cup|tbsp|tsp|slice|bowl|plate|pack,FALSE,Watercress Food Vegetables Leafy greens,134,TRUE,
food_vegetables_endive,Endive,Food,Vegetables,Leafy greens,specific,food_vegetables_vegetables,TRUE,,serving,serving|piece|g|kg|oz|cup|tbsp|tsp|slice|bowl|plate|pack,FALSE,Endive Food Vegetables Leafy greens,135,TRUE,
food_vegetables_escarole,Escarole,Food,Vegetables,Leafy greens,specific,food_vegetables_vegetables,TRUE,,serving,serving|piece|g|kg|oz|cup|tbsp|tsp|slice|bowl|plate|pack,FALSE,Escarole Food Vegetables Leafy greens,136,TRUE,
food_vegetables_radicchio,Radicchio,Food,Vegetables,Leafy greens,specific,food_vegetables_vegetables,TRUE,,serving,serving|piece|g|kg|oz|cup|tbsp|tsp|slice|bowl|plate|pack,FALSE,Radicchio Food Vegetables Leafy greens,137,TRUE,
food_vegetables_purslane,Purslane,Food,Vegetables,Leafy greens,specific,food_vegetables_vegetables,TRUE,,serving,serving|piece|g|kg|oz|cup|tbsp|tsp|slice|bowl|plate|pack,FALSE,Purslane Food Vegetables Leafy greens,138,TRUE,
food_vegetables_sorrel,Sorrel,Food,Vegetables,Leafy greens,specific,food_vegetables_vegetables,TRUE,,serving,serving|piece|g|kg|oz|cup|tbsp|tsp|slice|bowl|plate|pack,FALSE,Sorrel Food Vegetables Leafy greens,139,TRUE,
food_vegetables_dandelion_greens,Dandelion greens,Food,Vegetables,Leafy greens,specific,food_vegetables_vegetables,TRUE,,serving,serving|piece|g|kg|oz|cup|tbsp|tsp|slice|bowl|plate|pack,FALSE,Dandelion greens Food Vegetables Leafy greens,140,TRUE,
food_vegetables_grape_leaves,Grape leaves,Food,Vegetables,Leafy greens,specific,food_vegetables_vegetables,TRUE,,serving,serving|piece|g|kg|oz|cup|tbsp|tsp|slice|bowl|plate|pack,FALSE,Grape leaves Food Vegetables Leafy greens,141,TRUE,
food_vegetables_molokhia_leaves,Molokhia leaves,Food,Vegetables,Leafy greens,specific,food_vegetables_vegetables,TRUE,,serving,serving|piece|g|kg|oz|cup|tbsp|tsp|slice|bowl|plate|pack,FALSE,Molokhia leaves Food Vegetables Leafy greens,142,TRUE,
food_vegetables_bok_choy,Bok choy,Food,Vegetables,Leafy greens,specific,food_vegetables_vegetables,TRUE,,serving,serving|piece|g|kg|oz|cup|tbsp|tsp|slice|bowl|plate|pack,FALSE,Bok choy Food Vegetables Leafy greens,143,TRUE,
food_vegetables_choy_sum,Choy sum,Food,Vegetables,Leafy greens,specific,food_vegetables_vegetables,TRUE,,serving,serving|piece|g|kg|oz|cup|tbsp|tsp|slice|bowl|plate|pack,FALSE,Choy sum Food Vegetables Leafy greens,144,TRUE,
food_vegetables_broccoli,Broccoli,Food,Vegetables,Cruciferous vegetables,specific,food_vegetables_vegetables,TRUE,,serving,serving|piece|g|kg|oz|cup|tbsp|tsp|slice|bowl|plate|pack,FALSE,Broccoli Food Vegetables Cruciferous vegetables,145,TRUE,
food_vegetables_broccolini,Broccolini,Food,Vegetables,Cruciferous vegetables,specific,food_vegetables_vegetables,TRUE,,serving,serving|piece|g|kg|oz|cup|tbsp|tsp|slice|bowl|plate|pack,FALSE,Broccolini Food Vegetables Cruciferous vegetables,146,TRUE,
food_vegetables_cauliflower,Cauliflower,Food,Vegetables,Cruciferous vegetables,specific,food_vegetables_vegetables,TRUE,,serving,serving|piece|g|kg|oz|cup|tbsp|tsp|slice|bowl|plate|pack,FALSE,Cauliflower Food Vegetables Cruciferous vegetables,147,TRUE,
food_vegetables_cabbage,Cabbage,Food,Vegetables,Cruciferous vegetables,specific,food_vegetables_vegetables,TRUE,,serving,serving|piece|g|kg|oz|cup|tbsp|tsp|slice|bowl|plate|pack,FALSE,Cabbage Food Vegetables Cruciferous vegetables,148,TRUE,
food_vegetables_red_cabbage,Red cabbage,Food,Vegetables,Cruciferous vegetables,specific,food_vegetables_vegetables,TRUE,,serving,serving|piece|g|kg|oz|cup|tbsp|tsp|slice|bowl|plate|pack,FALSE,Red cabbage Food Vegetables Cruciferous vegetables,149,TRUE,
food_vegetables_savoy_cabbage,Savoy cabbage,Food,Vegetables,Cruciferous vegetables,specific,food_vegetables_vegetables,TRUE,,serving,serving|piece|g|kg|oz|cup|tbsp|tsp|slice|bowl|plate|pack,FALSE,Savoy cabbage Food Vegetables Cruciferous vegetables,150,TRUE,
food_vegetables_brussels_sprouts,Brussels sprouts,Food,Vegetables,Cruciferous vegetables,specific,food_vegetables_vegetables,TRUE,,serving,serving|piece|g|kg|oz|cup|tbsp|tsp|slice|bowl|plate|pack,FALSE,Brussels sprouts Food Vegetables Cruciferous vegetables,151,TRUE,
food_vegetables_kohlrabi,Kohlrabi,Food,Vegetables,Cruciferous vegetables,specific,food_vegetables_vegetables,TRUE,,serving,serving|piece|g|kg|oz|cup|tbsp|tsp|slice|bowl|plate|pack,FALSE,Kohlrabi Food Vegetables Cruciferous vegetables,152,TRUE,
food_vegetables_romanesco,Romanesco,Food,Vegetables,Cruciferous vegetables,specific,food_vegetables_vegetables,TRUE,,serving,serving|piece|g|kg|oz|cup|tbsp|tsp|slice|bowl|plate|pack,FALSE,Romanesco Food Vegetables Cruciferous vegetables,153,TRUE,
food_vegetables_chinese_cabbage,Chinese cabbage,Food,Vegetables,Cruciferous vegetables,specific,food_vegetables_vegetables,TRUE,,serving,serving|piece|g|kg|oz|cup|tbsp|tsp|slice|bowl|plate|pack,FALSE,Chinese cabbage Food Vegetables Cruciferous vegetables,154,TRUE,
food_vegetables_napa_cabbage,Napa cabbage,Food,Vegetables,Cruciferous vegetables,specific,food_vegetables_vegetables,TRUE,,serving,serving|piece|g|kg|oz|cup|tbsp|tsp|slice|bowl|plate|pack,FALSE,Napa cabbage Food Vegetables Cruciferous vegetables,155,TRUE,
food_vegetables_rapini,Rapini,Food,Vegetables,Cruciferous vegetables,specific,food_vegetables_vegetables,TRUE,,serving,serving|piece|g|kg|oz|cup|tbsp|tsp|slice|bowl|plate|pack,FALSE,Rapini Food Vegetables Cruciferous vegetables,156,TRUE,
food_vegetables_potato,Potato,Food,Vegetables,Root and tuber vegetables,specific,food_vegetables_vegetables,TRUE,,piece,serving|piece|g|kg|oz|cup|tbsp|tsp|slice|bowl|plate|pack,FALSE,Potato Food Vegetables Root and tuber vegetables,157,TRUE,
food_vegetables_sweet_potato,Sweet potato,Food,Vegetables,Root and tuber vegetables,specific,food_vegetables_vegetables,TRUE,,piece,serving|piece|g|kg|oz|cup|tbsp|tsp|slice|bowl|plate|pack,FALSE,Sweet potato Food Vegetables Root and tuber vegetables,158,TRUE,
food_vegetables_yam,Yam,Food,Vegetables,Root and tuber vegetables,specific,food_vegetables_vegetables,TRUE,,piece,serving|piece|g|kg|oz|cup|tbsp|tsp|slice|bowl|plate|pack,FALSE,Yam Food Vegetables Root and tuber vegetables,159,TRUE,
food_vegetables_cassava,Cassava,Food,Vegetables,Root and tuber vegetables,specific,food_vegetables_vegetables,TRUE,,piece,serving|piece|g|kg|oz|cup|tbsp|tsp|slice|bowl|plate|pack,FALSE,Cassava Food Vegetables Root and tuber vegetables,160,TRUE,
food_vegetables_taro,Taro,Food,Vegetables,Root and tuber vegetables,specific,food_vegetables_vegetables,TRUE,,piece,serving|piece|g|kg|oz|cup|tbsp|tsp|slice|bowl|plate|pack,FALSE,Taro Food Vegetables Root and tuber vegetables,161,TRUE,
food_vegetables_carrot,Carrot,Food,Vegetables,Root and tuber vegetables,specific,food_vegetables_vegetables,TRUE,,piece,serving|piece|g|kg|oz|cup|tbsp|tsp|slice|bowl|plate|pack,FALSE,Carrot Food Vegetables Root and tuber vegetables,162,TRUE,
food_vegetables_parsnip,Parsnip,Food,Vegetables,Root and tuber vegetables,specific,food_vegetables_vegetables,TRUE,,piece,serving|piece|g|kg|oz|cup|tbsp|tsp|slice|bowl|plate|pack,FALSE,Parsnip Food Vegetables Root and tuber vegetables,163,TRUE,
food_vegetables_turnip,Turnip,Food,Vegetables,Root and tuber vegetables,specific,food_vegetables_vegetables,TRUE,,piece,serving|piece|g|kg|oz|cup|tbsp|tsp|slice|bowl|plate|pack,FALSE,Turnip Food Vegetables Root and tuber vegetables,164,TRUE,
food_vegetables_rutabaga,Rutabaga,Food,Vegetables,Root and tuber vegetables,specific,food_vegetables_vegetables,TRUE,,piece,serving|piece|g|kg|oz|cup|tbsp|tsp|slice|bowl|plate|pack,FALSE,Rutabaga Food Vegetables Root and tuber vegetables,165,TRUE,
food_vegetables_beetroot,Beetroot,Food,Vegetables,Root and tuber vegetables,specific,food_vegetables_vegetables,TRUE,,piece,serving|piece|g|kg|oz|cup|tbsp|tsp|slice|bowl|plate|pack,FALSE,Beetroot Food Vegetables Root and tuber vegetables,166,TRUE,
food_vegetables_radish,Radish,Food,Vegetables,Root and tuber vegetables,specific,food_vegetables_vegetables,TRUE,,piece,serving|piece|g|kg|oz|cup|tbsp|tsp|slice|bowl|plate|pack,FALSE,Radish Food Vegetables Root and tuber vegetables,167,TRUE,
food_vegetables_daikon,Daikon,Food,Vegetables,Root and tuber vegetables,specific,food_vegetables_vegetables,TRUE,,piece,serving|piece|g|kg|oz|cup|tbsp|tsp|slice|bowl|plate|pack,FALSE,Daikon Food Vegetables Root and tuber vegetables,168,TRUE,
food_vegetables_celeriac,Celeriac,Food,Vegetables,Root and tuber vegetables,specific,food_vegetables_vegetables,TRUE,,piece,serving|piece|g|kg|oz|cup|tbsp|tsp|slice|bowl|plate|pack,FALSE,Celeriac Food Vegetables Root and tuber vegetables,169,TRUE,
food_vegetables_jerusalem_artichoke,Jerusalem artichoke,Food,Vegetables,Root and tuber vegetables,specific,food_vegetables_vegetables,TRUE,,piece,serving|piece|g|kg|oz|cup|tbsp|tsp|slice|bowl|plate|pack,FALSE,Jerusalem artichoke Food Vegetables Root and tuber vegetables,170,TRUE,
food_vegetables_jicama,Jicama,Food,Vegetables,Root and tuber vegetables,specific,food_vegetables_vegetables,TRUE,,piece,serving|piece|g|kg|oz|cup|tbsp|tsp|slice|bowl|plate|pack,FALSE,Jicama Food Vegetables Root and tuber vegetables,171,TRUE,
food_vegetables_lotus_root,Lotus root,Food,Vegetables,Root and tuber vegetables,specific,food_vegetables_vegetables,TRUE,,piece,serving|piece|g|kg|oz|cup|tbsp|tsp|slice|bowl|plate|pack,FALSE,Lotus root Food Vegetables Root and tuber vegetables,172,TRUE,
food_vegetables_burdock_root,Burdock root,Food,Vegetables,Root and tuber vegetables,specific,food_vegetables_vegetables,TRUE,,piece,serving|piece|g|kg|oz|cup|tbsp|tsp|slice|bowl|plate|pack,FALSE,Burdock root Food Vegetables Root and tuber vegetables,173,TRUE,
food_vegetables_horseradish,Horseradish,Food,Vegetables,Root and tuber vegetables,specific,food_vegetables_vegetables,TRUE,,piece,serving|piece|g|kg|oz|cup|tbsp|tsp|slice|bowl|plate|pack,FALSE,Horseradish Food Vegetables Root and tuber vegetables,174,TRUE,
food_vegetables_ginger_root,Ginger root,Food,Vegetables,Root and tuber vegetables,specific,food_vegetables_vegetables,TRUE,,piece,serving|piece|g|kg|oz|cup|tbsp|tsp|slice|bowl|plate|pack,FALSE,Ginger root Food Vegetables Root and tuber vegetables,175,TRUE,
food_vegetables_turmeric_root,Turmeric root,Food,Vegetables,Root and tuber vegetables,specific,food_vegetables_vegetables,TRUE,,piece,serving|piece|g|kg|oz|cup|tbsp|tsp|slice|bowl|plate|pack,FALSE,Turmeric root Food Vegetables Root and tuber vegetables,176,TRUE,
food_vegetables_tomato,Tomato,Food,Vegetables,Nightshade vegetables,specific,food_vegetables_vegetables,TRUE,,piece,serving|piece|g|kg|oz|cup|tbsp|tsp|slice|bowl|plate|pack,FALSE,Tomato Food Vegetables Nightshade vegetables,177,TRUE,
food_vegetables_cherry_tomato,Cherry tomato,Food,Vegetables,Nightshade vegetables,specific,food_vegetables_vegetables,TRUE,,piece,serving|piece|g|kg|oz|cup|tbsp|tsp|slice|bowl|plate|pack,FALSE,Cherry tomato Food Vegetables Nightshade vegetables,178,TRUE,
food_vegetables_roma_tomato,Roma tomato,Food,Vegetables,Nightshade vegetables,specific,food_vegetables_vegetables,TRUE,,piece,serving|piece|g|kg|oz|cup|tbsp|tsp|slice|bowl|plate|pack,FALSE,Roma tomato Food Vegetables Nightshade vegetables,179,TRUE,
food_vegetables_green_tomato,Green tomato,Food,Vegetables,Nightshade vegetables,specific,food_vegetables_vegetables,TRUE,,piece,serving|piece|g|kg|oz|cup|tbsp|tsp|slice|bowl|plate|pack,FALSE,Green tomato Food Vegetables Nightshade vegetables,180,TRUE,
food_vegetables_eggplant,Eggplant,Food,Vegetables,Nightshade vegetables,specific,food_vegetables_vegetables,TRUE,,piece,serving|piece|g|kg|oz|cup|tbsp|tsp|slice|bowl|plate|pack,FALSE,Eggplant Food Vegetables Nightshade vegetables,181,TRUE,
food_vegetables_bell_pepper,Bell pepper,Food,Vegetables,Nightshade vegetables,specific,food_vegetables_vegetables,TRUE,,piece,serving|piece|g|kg|oz|cup|tbsp|tsp|slice|bowl|plate|pack,FALSE,Bell pepper Food Vegetables Nightshade vegetables,182,TRUE,
food_vegetables_green_pepper,Green pepper,Food,Vegetables,Nightshade vegetables,specific,food_vegetables_vegetables,TRUE,,piece,serving|piece|g|kg|oz|cup|tbsp|tsp|slice|bowl|plate|pack,FALSE,Green pepper Food Vegetables Nightshade vegetables,183,TRUE,
food_vegetables_red_pepper,Red pepper,Food,Vegetables,Nightshade vegetables,specific,food_vegetables_vegetables,TRUE,,piece,serving|piece|g|kg|oz|cup|tbsp|tsp|slice|bowl|plate|pack,FALSE,Red pepper Food Vegetables Nightshade vegetables,184,TRUE,
food_vegetables_yellow_pepper,Yellow pepper,Food,Vegetables,Nightshade vegetables,specific,food_vegetables_vegetables,TRUE,,piece,serving|piece|g|kg|oz|cup|tbsp|tsp|slice|bowl|plate|pack,FALSE,Yellow pepper Food Vegetables Nightshade vegetables,185,TRUE,
food_vegetables_orange_pepper,Orange pepper,Food,Vegetables,Nightshade vegetables,specific,food_vegetables_vegetables,TRUE,,piece,serving|piece|g|kg|oz|cup|tbsp|tsp|slice|bowl|plate|pack,FALSE,Orange pepper Food Vegetables Nightshade vegetables,186,TRUE,
food_vegetables_chili_pepper,Chili pepper,Food,Vegetables,Nightshade vegetables,specific,food_vegetables_vegetables,TRUE,,piece,serving|piece|g|kg|oz|cup|tbsp|tsp|slice|bowl|plate|pack,FALSE,Chili pepper Food Vegetables Nightshade vegetables,187,TRUE,
food_vegetables_jalapeno,Jalapeno,Food,Vegetables,Nightshade vegetables,specific,food_vegetables_vegetables,TRUE,,piece,serving|piece|g|kg|oz|cup|tbsp|tsp|slice|bowl|plate|pack,FALSE,Jalapeno Food Vegetables Nightshade vegetables,188,TRUE,
food_vegetables_serrano_pepper,Serrano pepper,Food,Vegetables,Nightshade vegetables,specific,food_vegetables_vegetables,TRUE,,piece,serving|piece|g|kg|oz|cup|tbsp|tsp|slice|bowl|plate|pack,FALSE,Serrano pepper Food Vegetables Nightshade vegetables,189,TRUE,
food_vegetables_habanero,Habanero,Food,Vegetables,Nightshade vegetables,specific,food_vegetables_vegetables,TRUE,,piece,serving|piece|g|kg|oz|cup|tbsp|tsp|slice|bowl|plate|pack,FALSE,Habanero Food Vegetables Nightshade vegetables,190,TRUE,
food_vegetables_poblano_pepper,Poblano pepper,Food,Vegetables,Nightshade vegetables,specific,food_vegetables_vegetables,TRUE,,piece,serving|piece|g|kg|oz|cup|tbsp|tsp|slice|bowl|plate|pack,FALSE,Poblano pepper Food Vegetables Nightshade vegetables,191,TRUE,
food_vegetables_paprika_pepper,Paprika pepper,Food,Vegetables,Nightshade vegetables,specific,food_vegetables_vegetables,TRUE,,piece,serving|piece|g|kg|oz|cup|tbsp|tsp|slice|bowl|plate|pack,FALSE,Paprika pepper Food Vegetables Nightshade vegetables,192,TRUE,
food_vegetables_onion,Onion,Food,Vegetables,Allium vegetables,specific,food_vegetables_vegetables,TRUE,,piece,serving|piece|g|kg|oz|cup|tbsp|tsp|slice|bowl|plate|pack,FALSE,Onion Food Vegetables Allium vegetables,193,TRUE,
food_vegetables_red_onion,Red onion,Food,Vegetables,Allium vegetables,specific,food_vegetables_vegetables,TRUE,,piece,serving|piece|g|kg|oz|cup|tbsp|tsp|slice|bowl|plate|pack,FALSE,Red onion Food Vegetables Allium vegetables,194,TRUE,
food_vegetables_white_onion,White onion,Food,Vegetables,Allium vegetables,specific,food_vegetables_vegetables,TRUE,,piece,serving|piece|g|kg|oz|cup|tbsp|tsp|slice|bowl|plate|pack,FALSE,White onion Food Vegetables Allium vegetables,195,TRUE,
food_vegetables_yellow_onion,Yellow onion,Food,Vegetables,Allium vegetables,specific,food_vegetables_vegetables,TRUE,,piece,serving|piece|g|kg|oz|cup|tbsp|tsp|slice|bowl|plate|pack,FALSE,Yellow onion Food Vegetables Allium vegetables,196,TRUE,
food_vegetables_spring_onion,Spring onion,Food,Vegetables,Allium vegetables,specific,food_vegetables_vegetables,TRUE,,piece,serving|piece|g|kg|oz|cup|tbsp|tsp|slice|bowl|plate|pack,FALSE,Spring onion Food Vegetables Allium vegetables,197,TRUE,
food_vegetables_scallion,Scallion,Food,Vegetables,Allium vegetables,specific,food_vegetables_vegetables,TRUE,,piece,serving|piece|g|kg|oz|cup|tbsp|tsp|slice|bowl|plate|pack,FALSE,Scallion Food Vegetables Allium vegetables,198,TRUE,
food_vegetables_leek,Leek,Food,Vegetables,Allium vegetables,specific,food_vegetables_vegetables,TRUE,,piece,serving|piece|g|kg|oz|cup|tbsp|tsp|slice|bowl|plate|pack,FALSE,Leek Food Vegetables Allium vegetables,199,TRUE,
food_vegetables_shallot,Shallot,Food,Vegetables,Allium vegetables,specific,food_vegetables_vegetables,TRUE,,piece,serving|piece|g|kg|oz|cup|tbsp|tsp|slice|bowl|plate|pack,FALSE,Shallot Food Vegetables Allium vegetables,200,TRUE,
food_vegetables_garlic,Garlic,Food,Vegetables,Allium vegetables,specific,food_vegetables_vegetables,TRUE,,piece,serving|piece|g|kg|oz|cup|tbsp|tsp|slice|bowl|plate|pack,FALSE,Garlic Food Vegetables Allium vegetables,201,TRUE,
food_vegetables_garlic_chives,Garlic chives,Food,Vegetables,Allium vegetables,specific,food_vegetables_vegetables,TRUE,,piece,serving|piece|g|kg|oz|cup|tbsp|tsp|slice|bowl|plate|pack,FALSE,Garlic chives Food Vegetables Allium vegetables,202,TRUE,
food_vegetables_chives,Chives,Food,Vegetables,Allium vegetables,specific,food_vegetables_vegetables,TRUE,,piece,serving|piece|g|kg|oz|cup|tbsp|tsp|slice|bowl|plate|pack,FALSE,Chives Food Vegetables Allium vegetables,203,TRUE,
food_vegetables_wild_garlic,Wild garlic,Food,Vegetables,Allium vegetables,specific,food_vegetables_vegetables,TRUE,,piece,serving|piece|g|kg|oz|cup|tbsp|tsp|slice|bowl|plate|pack,FALSE,Wild garlic Food Vegetables Allium vegetables,204,TRUE,
food_vegetables_zucchini,Zucchini,Food,Vegetables,Squash and gourds,specific,food_vegetables_vegetables,TRUE,,piece,serving|piece|g|kg|oz|cup|tbsp|tsp|slice|bowl|plate|pack,FALSE,Zucchini Food Vegetables Squash and gourds,205,TRUE,
food_vegetables_yellow_squash,Yellow squash,Food,Vegetables,Squash and gourds,specific,food_vegetables_vegetables,TRUE,,piece,serving|piece|g|kg|oz|cup|tbsp|tsp|slice|bowl|plate|pack,FALSE,Yellow squash Food Vegetables Squash and gourds,206,TRUE,
food_vegetables_butternut_squash,Butternut squash,Food,Vegetables,Squash and gourds,specific,food_vegetables_vegetables,TRUE,,piece,serving|piece|g|kg|oz|cup|tbsp|tsp|slice|bowl|plate|pack,FALSE,Butternut squash Food Vegetables Squash and gourds,207,TRUE,
food_vegetables_acorn_squash,Acorn squash,Food,Vegetables,Squash and gourds,specific,food_vegetables_vegetables,TRUE,,piece,serving|piece|g|kg|oz|cup|tbsp|tsp|slice|bowl|plate|pack,FALSE,Acorn squash Food Vegetables Squash and gourds,208,TRUE,
food_vegetables_spaghetti_squash,Spaghetti squash,Food,Vegetables,Squash and gourds,specific,food_vegetables_vegetables,TRUE,,piece,serving|piece|g|kg|oz|cup|tbsp|tsp|slice|bowl|plate|pack,FALSE,Spaghetti squash Food Vegetables Squash and gourds,209,TRUE,
food_vegetables_pumpkin,Pumpkin,Food,Vegetables,Squash and gourds,specific,food_vegetables_vegetables,TRUE,,piece,serving|piece|g|kg|oz|cup|tbsp|tsp|slice|bowl|plate|pack,FALSE,Pumpkin Food Vegetables Squash and gourds,210,TRUE,
food_vegetables_kabocha_squash,Kabocha squash,Food,Vegetables,Squash and gourds,specific,food_vegetables_vegetables,TRUE,,piece,serving|piece|g|kg|oz|cup|tbsp|tsp|slice|bowl|plate|pack,FALSE,Kabocha squash Food Vegetables Squash and gourds,211,TRUE,
food_vegetables_delicata_squash,Delicata squash,Food,Vegetables,Squash and gourds,specific,food_vegetables_vegetables,TRUE,,piece,serving|piece|g|kg|oz|cup|tbsp|tsp|slice|bowl|plate|pack,FALSE,Delicata squash Food Vegetables Squash and gourds,212,TRUE,
food_vegetables_bottle_gourd,Bottle gourd,Food,Vegetables,Squash and gourds,specific,food_vegetables_vegetables,TRUE,,piece,serving|piece|g|kg|oz|cup|tbsp|tsp|slice|bowl|plate|pack,FALSE,Bottle gourd Food Vegetables Squash and gourds,213,TRUE,
food_vegetables_bitter_melon,Bitter melon,Food,Vegetables,Squash and gourds,specific,food_vegetables_vegetables,TRUE,,piece,serving|piece|g|kg|oz|cup|tbsp|tsp|slice|bowl|plate|pack,FALSE,Bitter melon Food Vegetables Squash and gourds,214,TRUE,
food_vegetables_ridge_gourd,Ridge gourd,Food,Vegetables,Squash and gourds,specific,food_vegetables_vegetables,TRUE,,piece,serving|piece|g|kg|oz|cup|tbsp|tsp|slice|bowl|plate|pack,FALSE,Ridge gourd Food Vegetables Squash and gourds,215,TRUE,
food_vegetables_snake_gourd,Snake gourd,Food,Vegetables,Squash and gourds,specific,food_vegetables_vegetables,TRUE,,piece,serving|piece|g|kg|oz|cup|tbsp|tsp|slice|bowl|plate|pack,FALSE,Snake gourd Food Vegetables Squash and gourds,216,TRUE,
food_vegetables_chayote,Chayote,Food,Vegetables,Squash and gourds,specific,food_vegetables_vegetables,TRUE,,piece,serving|piece|g|kg|oz|cup|tbsp|tsp|slice|bowl|plate|pack,FALSE,Chayote Food Vegetables Squash and gourds,217,TRUE,
food_vegetables_cucumber,Cucumber,Food,Vegetables,Squash and gourds,specific,food_vegetables_vegetables,TRUE,,piece,serving|piece|g|kg|oz|cup|tbsp|tsp|slice|bowl|plate|pack,FALSE,Cucumber Food Vegetables Squash and gourds,218,TRUE,
food_vegetables_pickling_cucumber,Pickling cucumber,Food,Vegetables,Squash and gourds,specific,food_vegetables_vegetables,TRUE,,piece,serving|piece|g|kg|oz|cup|tbsp|tsp|slice|bowl|plate|pack,FALSE,Pickling cucumber Food Vegetables Squash and gourds,219,TRUE,
food_vegetables_asparagus,Asparagus,Food,Vegetables,"Stems, shoots and pods",specific,food_vegetables_vegetables,TRUE,,serving,serving|piece|g|kg|oz|cup|tbsp|tsp|slice|bowl|plate|pack,FALSE,"Asparagus Food Vegetables Stems, shoots and pods",220,TRUE,
food_vegetables_celery,Celery,Food,Vegetables,"Stems, shoots and pods",specific,food_vegetables_vegetables,TRUE,,serving,serving|piece|g|kg|oz|cup|tbsp|tsp|slice|bowl|plate|pack,FALSE,"Celery Food Vegetables Stems, shoots and pods",221,TRUE,
food_vegetables_fennel_bulb,Fennel bulb,Food,Vegetables,"Stems, shoots and pods",specific,food_vegetables_vegetables,TRUE,,serving,serving|piece|g|kg|oz|cup|tbsp|tsp|slice|bowl|plate|pack,FALSE,"Fennel bulb Food Vegetables Stems, shoots and pods",222,TRUE,
food_vegetables_artichoke,Artichoke,Food,Vegetables,"Stems, shoots and pods",specific,food_vegetables_vegetables,TRUE,,serving,serving|piece|g|kg|oz|cup|tbsp|tsp|slice|bowl|plate|pack,FALSE,"Artichoke Food Vegetables Stems, shoots and pods",223,TRUE,
food_vegetables_bamboo_shoots,Bamboo shoots,Food,Vegetables,"Stems, shoots and pods",specific,food_vegetables_vegetables,TRUE,,serving,serving|piece|g|kg|oz|cup|tbsp|tsp|slice|bowl|plate|pack,FALSE,"Bamboo shoots Food Vegetables Stems, shoots and pods",224,TRUE,
food_vegetables_bean_sprouts,Bean sprouts,Food,Vegetables,"Stems, shoots and pods",specific,food_vegetables_vegetables,TRUE,,serving,serving|piece|g|kg|oz|cup|tbsp|tsp|slice|bowl|plate|pack,FALSE,"Bean sprouts Food Vegetables Stems, shoots and pods",225,TRUE,
food_vegetables_alfalfa_sprouts,Alfalfa sprouts,Food,Vegetables,"Stems, shoots and pods",specific,food_vegetables_vegetables,TRUE,,serving,serving|piece|g|kg|oz|cup|tbsp|tsp|slice|bowl|plate|pack,FALSE,"Alfalfa sprouts Food Vegetables Stems, shoots and pods",226,TRUE,
food_vegetables_snow_peas,Snow peas,Food,Vegetables,"Stems, shoots and pods",specific,food_vegetables_vegetables,TRUE,,serving,serving|piece|g|kg|oz|cup|tbsp|tsp|slice|bowl|plate|pack,FALSE,"Snow peas Food Vegetables Stems, shoots and pods",227,TRUE,
food_vegetables_sugar_snap_peas,Sugar snap peas,Food,Vegetables,"Stems, shoots and pods",specific,food_vegetables_vegetables,TRUE,,serving,serving|piece|g|kg|oz|cup|tbsp|tsp|slice|bowl|plate|pack,FALSE,"Sugar snap peas Food Vegetables Stems, shoots and pods",228,TRUE,
food_vegetables_green_beans,Green beans,Food,Vegetables,"Stems, shoots and pods",specific,food_vegetables_vegetables,TRUE,,serving,serving|piece|g|kg|oz|cup|tbsp|tsp|slice|bowl|plate|pack,FALSE,"Green beans Food Vegetables Stems, shoots and pods",229,TRUE,
food_vegetables_wax_beans,Wax beans,Food,Vegetables,"Stems, shoots and pods",specific,food_vegetables_vegetables,TRUE,,serving,serving|piece|g|kg|oz|cup|tbsp|tsp|slice|bowl|plate|pack,FALSE,"Wax beans Food Vegetables Stems, shoots and pods",230,TRUE,
food_vegetables_okra,Okra,Food,Vegetables,"Stems, shoots and pods",specific,food_vegetables_vegetables,TRUE,,serving,serving|piece|g|kg|oz|cup|tbsp|tsp|slice|bowl|plate|pack,FALSE,"Okra Food Vegetables Stems, shoots and pods",231,TRUE,
food_vegetables_edamame,Edamame,Food,Vegetables,"Stems, shoots and pods",specific,food_vegetables_vegetables,TRUE,,serving,serving|piece|g|kg|oz|cup|tbsp|tsp|slice|bowl|plate|pack,FALSE,"Edamame Food Vegetables Stems, shoots and pods",232,TRUE,
food_vegetables_peas,Peas,Food,Vegetables,"Stems, shoots and pods",specific,food_vegetables_vegetables,TRUE,,serving,serving|piece|g|kg|oz|cup|tbsp|tsp|slice|bowl|plate|pack,FALSE,"Peas Food Vegetables Stems, shoots and pods",233,TRUE,
food_vegetables_corn,Corn,Food,Vegetables,"Stems, shoots and pods",specific,food_vegetables_vegetables,TRUE,,serving,serving|piece|g|kg|oz|cup|tbsp|tsp|slice|bowl|plate|pack,FALSE,"Corn Food Vegetables Stems, shoots and pods",234,TRUE,
food_vegetables_baby_corn,Baby corn,Food,Vegetables,"Stems, shoots and pods",specific,food_vegetables_vegetables,TRUE,,serving,serving|piece|g|kg|oz|cup|tbsp|tsp|slice|bowl|plate|pack,FALSE,"Baby corn Food Vegetables Stems, shoots and pods",235,TRUE,
food_vegetables_hearts_of_palm,Hearts of palm,Food,Vegetables,"Stems, shoots and pods",specific,food_vegetables_vegetables,TRUE,,serving,serving|piece|g|kg|oz|cup|tbsp|tsp|slice|bowl|plate|pack,FALSE,"Hearts of palm Food Vegetables Stems, shoots and pods",236,TRUE,
food_vegetables_mushrooms,Mushrooms,Food,Vegetables,Mushrooms and fungi,specific,food_vegetables_vegetables,TRUE,,serving,serving|piece|g|kg|oz|cup|tbsp|tsp|slice|bowl|plate|pack,FALSE,Mushrooms Food Vegetables Mushrooms and fungi,237,TRUE,
food_vegetables_button_mushroom,Button mushroom,Food,Vegetables,Mushrooms and fungi,specific,food_vegetables_vegetables,TRUE,,serving,serving|piece|g|kg|oz|cup|tbsp|tsp|slice|bowl|plate|pack,FALSE,Button mushroom Food Vegetables Mushrooms and fungi,238,TRUE,
food_vegetables_cremini_mushroom,Cremini mushroom,Food,Vegetables,Mushrooms and fungi,specific,food_vegetables_vegetables,TRUE,,serving,serving|piece|g|kg|oz|cup|tbsp|tsp|slice|bowl|plate|pack,FALSE,Cremini mushroom Food Vegetables Mushrooms and fungi,239,TRUE,
food_vegetables_portobello_mushroom,Portobello mushroom,Food,Vegetables,Mushrooms and fungi,specific,food_vegetables_vegetables,TRUE,,serving,serving|piece|g|kg|oz|cup|tbsp|tsp|slice|bowl|plate|pack,FALSE,Portobello mushroom Food Vegetables Mushrooms and fungi,240,TRUE,
food_vegetables_shiitake,Shiitake,Food,Vegetables,Mushrooms and fungi,specific,food_vegetables_vegetables,TRUE,,serving,serving|piece|g|kg|oz|cup|tbsp|tsp|slice|bowl|plate|pack,FALSE,Shiitake Food Vegetables Mushrooms and fungi,241,TRUE,
food_vegetables_oyster_mushroom,Oyster mushroom,Food,Vegetables,Mushrooms and fungi,specific,food_vegetables_vegetables,TRUE,,serving,serving|piece|g|kg|oz|cup|tbsp|tsp|slice|bowl|plate|pack,FALSE,Oyster mushroom Food Vegetables Mushrooms and fungi,242,TRUE,
food_vegetables_enoki_mushroom,Enoki mushroom,Food,Vegetables,Mushrooms and fungi,specific,food_vegetables_vegetables,TRUE,,serving,serving|piece|g|kg|oz|cup|tbsp|tsp|slice|bowl|plate|pack,FALSE,Enoki mushroom Food Vegetables Mushrooms and fungi,243,TRUE,
food_vegetables_maitake,Maitake,Food,Vegetables,Mushrooms and fungi,specific,food_vegetables_vegetables,TRUE,,serving,serving|piece|g|kg|oz|cup|tbsp|tsp|slice|bowl|plate|pack,FALSE,Maitake Food Vegetables Mushrooms and fungi,244,TRUE,
food_vegetables_chanterelle,Chanterelle,Food,Vegetables,Mushrooms and fungi,specific,food_vegetables_vegetables,TRUE,,serving,serving|piece|g|kg|oz|cup|tbsp|tsp|slice|bowl|plate|pack,FALSE,Chanterelle Food Vegetables Mushrooms and fungi,245,TRUE,
food_vegetables_porcini,Porcini,Food,Vegetables,Mushrooms and fungi,specific,food_vegetables_vegetables,TRUE,,serving,serving|piece|g|kg|oz|cup|tbsp|tsp|slice|bowl|plate|pack,FALSE,Porcini Food Vegetables Mushrooms and fungi,246,TRUE,
food_vegetables_morel,Morel,Food,Vegetables,Mushrooms and fungi,specific,food_vegetables_vegetables,TRUE,,serving,serving|piece|g|kg|oz|cup|tbsp|tsp|slice|bowl|plate|pack,FALSE,Morel Food Vegetables Mushrooms and fungi,247,TRUE,
food_vegetables_truffle,Truffle,Food,Vegetables,Mushrooms and fungi,specific,food_vegetables_vegetables,TRUE,,serving,serving|piece|g|kg|oz|cup|tbsp|tsp|slice|bowl|plate|pack,FALSE,Truffle Food Vegetables Mushrooms and fungi,248,TRUE,
food_vegetables_wood_ear_mushroom,Wood ear mushroom,Food,Vegetables,Mushrooms and fungi,specific,food_vegetables_vegetables,TRUE,,serving,serving|piece|g|kg|oz|cup|tbsp|tsp|slice|bowl|plate|pack,FALSE,Wood ear mushroom Food Vegetables Mushrooms and fungi,249,TRUE,
food_vegetables_seaweed,Seaweed,Food,Vegetables,Sea vegetables,specific,food_vegetables_vegetables,TRUE,,serving,serving|piece|g|kg|oz|cup|tbsp|tsp|slice|bowl|plate|pack,FALSE,Seaweed Food Vegetables Sea vegetables,250,TRUE,
food_vegetables_nori,Nori,Food,Vegetables,Sea vegetables,specific,food_vegetables_vegetables,TRUE,,serving,serving|piece|g|kg|oz|cup|tbsp|tsp|slice|bowl|plate|pack,FALSE,Nori Food Vegetables Sea vegetables,251,TRUE,
food_vegetables_wakame,Wakame,Food,Vegetables,Sea vegetables,specific,food_vegetables_vegetables,TRUE,,serving,serving|piece|g|kg|oz|cup|tbsp|tsp|slice|bowl|plate|pack,FALSE,Wakame Food Vegetables Sea vegetables,252,TRUE,
food_vegetables_kombu,Kombu,Food,Vegetables,Sea vegetables,specific,food_vegetables_vegetables,TRUE,,serving,serving|piece|g|kg|oz|cup|tbsp|tsp|slice|bowl|plate|pack,FALSE,Kombu Food Vegetables Sea vegetables,253,TRUE,
food_vegetables_dulse,Dulse,Food,Vegetables,Sea vegetables,specific,food_vegetables_vegetables,TRUE,,serving,serving|piece|g|kg|oz|cup|tbsp|tsp|slice|bowl|plate|pack,FALSE,Dulse Food Vegetables Sea vegetables,254,TRUE,
food_vegetables_hijiki,Hijiki,Food,Vegetables,Sea vegetables,specific,food_vegetables_vegetables,TRUE,,serving,serving|piece|g|kg|oz|cup|tbsp|tsp|slice|bowl|plate|pack,FALSE,Hijiki Food Vegetables Sea vegetables,255,TRUE,
food_vegetables_sea_lettuce,Sea lettuce,Food,Vegetables,Sea vegetables,specific,food_vegetables_vegetables,TRUE,,serving,serving|piece|g|kg|oz|cup|tbsp|tsp|slice|bowl|plate|pack,FALSE,Sea lettuce Food Vegetables Sea vegetables,256,TRUE,
food_vegetables_spirulina_food,Spirulina food,Food,Vegetables,Sea vegetables,specific,food_vegetables_vegetables,TRUE,,serving,serving|piece|g|kg|oz|cup|tbsp|tsp|slice|bowl|plate|pack,FALSE,Spirulina food Food Vegetables Sea vegetables,257,TRUE,
food_vegetables_mixed_vegetables,Mixed vegetables,Food,Vegetables,Prepared vegetables,specific,food_vegetables_vegetables,TRUE,,serving,serving|piece|g|kg|oz|cup|tbsp|tsp|slice|bowl|plate|pack,FALSE,Mixed vegetables Food Vegetables Prepared vegetables,258,TRUE,
food_vegetables_roasted_vegetables,Roasted vegetables,Food,Vegetables,Prepared vegetables,specific,food_vegetables_vegetables,TRUE,,serving,serving|piece|g|kg|oz|cup|tbsp|tsp|slice|bowl|plate|pack,FALSE,Roasted vegetables Food Vegetables Prepared vegetables,259,TRUE,
food_vegetables_grilled_vegetables,Grilled vegetables,Food,Vegetables,Prepared vegetables,specific,food_vegetables_vegetables,TRUE,,serving,serving|piece|g|kg|oz|cup|tbsp|tsp|slice|bowl|plate|pack,FALSE,Grilled vegetables Food Vegetables Prepared vegetables,260,TRUE,
food_vegetables_steamed_vegetables,Steamed vegetables,Food,Vegetables,Prepared vegetables,specific,food_vegetables_vegetables,TRUE,,serving,serving|piece|g|kg|oz|cup|tbsp|tsp|slice|bowl|plate|pack,FALSE,Steamed vegetables Food Vegetables Prepared vegetables,261,TRUE,
food_vegetables_boiled_vegetables,Boiled vegetables,Food,Vegetables,Prepared vegetables,specific,food_vegetables_vegetables,TRUE,,serving,serving|piece|g|kg|oz|cup|tbsp|tsp|slice|bowl|plate|pack,FALSE,Boiled vegetables Food Vegetables Prepared vegetables,262,TRUE,
food_vegetables_fried_vegetables,Fried vegetables,Food,Vegetables,Prepared vegetables,specific,food_vegetables_vegetables,TRUE,,serving,serving|piece|g|kg|oz|cup|tbsp|tsp|slice|bowl|plate|pack,FALSE,Fried vegetables Food Vegetables Prepared vegetables,263,TRUE,
food_vegetables_vegetable_stir_fry,Vegetable stir-fry,Food,Vegetables,Prepared vegetables,specific,food_vegetables_vegetables,TRUE,,serving,serving|piece|g|kg|oz|cup|tbsp|tsp|slice|bowl|plate|pack,FALSE,Vegetable stir-fry Food Vegetables Prepared vegetables,264,TRUE,
food_vegetables_mashed_vegetables,Mashed vegetables,Food,Vegetables,Prepared vegetables,specific,food_vegetables_vegetables,TRUE,,serving,serving|piece|g|kg|oz|cup|tbsp|tsp|slice|bowl|plate|pack,FALSE,Mashed vegetables Food Vegetables Prepared vegetables,265,TRUE,
food_vegetables_pickled_vegetables,Pickled vegetables,Food,Vegetables,Prepared vegetables,specific,food_vegetables_vegetables,TRUE,,serving,serving|piece|g|kg|oz|cup|tbsp|tsp|slice|bowl|plate|pack,FALSE,Pickled vegetables Food Vegetables Prepared vegetables,266,TRUE,
food_vegetables_fermented_vegetables,Fermented vegetables,Food,Vegetables,Prepared vegetables,specific,food_vegetables_vegetables,TRUE,,serving,serving|piece|g|kg|oz|cup|tbsp|tsp|slice|bowl|plate|pack,FALSE,Fermented vegetables Food Vegetables Prepared vegetables,267,TRUE,
food_vegetables_vegetable_puree,Vegetable puree,Food,Vegetables,Prepared vegetables,specific,food_vegetables_vegetables,TRUE,,serving,serving|piece|g|kg|oz|cup|tbsp|tsp|slice|bowl|plate|pack,FALSE,Vegetable puree Food Vegetables Prepared vegetables,268,TRUE,
food_grains_and_starches_grains_and_starches,Grains and starches,Food,Grains and starches,General,general,,TRUE,,serving,serving|piece|g|kg|oz|cup|tbsp|tsp|slice|bowl|plate|pack,FALSE,Grains and starches Food Grains and starches General,269,TRUE,General option remains selectable when the user does not want to choose a specific item.
food_grains_and_starches_white_rice,White rice,Food,Grains and starches,Rice,specific,food_grains_and_starches_grains_and_starches,TRUE,,serving,serving|piece|g|kg|oz|cup|tbsp|tsp|slice|bowl|plate|pack,FALSE,White rice Food Grains and starches Rice,270,TRUE,
food_grains_and_starches_brown_rice,Brown rice,Food,Grains and starches,Rice,specific,food_grains_and_starches_grains_and_starches,TRUE,,serving,serving|piece|g|kg|oz|cup|tbsp|tsp|slice|bowl|plate|pack,FALSE,Brown rice Food Grains and starches Rice,271,TRUE,
food_grains_and_starches_basmati_rice,Basmati rice,Food,Grains and starches,Rice,specific,food_grains_and_starches_grains_and_starches,TRUE,,serving,serving|piece|g|kg|oz|cup|tbsp|tsp|slice|bowl|plate|pack,FALSE,Basmati rice Food Grains and starches Rice,272,TRUE,
food_grains_and_starches_jasmine_rice,Jasmine rice,Food,Grains and starches,Rice,specific,food_grains_and_starches_grains_and_starches,TRUE,,serving,serving|piece|g|kg|oz|cup|tbsp|tsp|slice|bowl|plate|pack,FALSE,Jasmine rice Food Grains and starches Rice,273,TRUE,
food_grains_and_starches_wild_rice,Wild rice,Food,Grains and starches,Rice,specific,food_grains_and_starches_grains_and_starches,TRUE,,serving,serving|piece|g|kg|oz|cup|tbsp|tsp|slice|bowl|plate|pack,FALSE,Wild rice Food Grains and starches Rice,274,TRUE,
food_grains_and_starches_black_rice,Black rice,Food,Grains and starches,Rice,specific,food_grains_and_starches_grains_and_starches,TRUE,,serving,serving|piece|g|kg|oz|cup|tbsp|tsp|slice|bowl|plate|pack,FALSE,Black rice Food Grains and starches Rice,275,TRUE,
food_grains_and_starches_red_rice,Red rice,Food,Grains and starches,Rice,specific,food_grains_and_starches_grains_and_starches,TRUE,,serving,serving|piece|g|kg|oz|cup|tbsp|tsp|slice|bowl|plate|pack,FALSE,Red rice Food Grains and starches Rice,276,TRUE,
food_grains_and_starches_sushi_rice,Sushi rice,Food,Grains and starches,Rice,specific,food_grains_and_starches_grains_and_starches,TRUE,,serving,serving|piece|g|kg|oz|cup|tbsp|tsp|slice|bowl|plate|pack,FALSE,Sushi rice Food Grains and starches Rice,277,TRUE,
food_grains_and_starches_sticky_rice,Sticky rice,Food,Grains and starches,Rice,specific,food_grains_and_starches_grains_and_starches,TRUE,,serving,serving|piece|g|kg|oz|cup|tbsp|tsp|slice|bowl|plate|pack,FALSE,Sticky rice Food Grains and starches Rice,278,TRUE,
food_grains_and_starches_parboiled_rice,Parboiled rice,Food,Grains and starches,Rice,specific,food_grains_and_starches_grains_and_starches,TRUE,,serving,serving|piece|g|kg|oz|cup|tbsp|tsp|slice|bowl|plate|pack,FALSE,Parboiled rice Food Grains and starches Rice,279,TRUE,
food_grains_and_starches_rice_pilaf,Rice pilaf,Food,Grains and starches,Rice,specific,food_grains_and_starches_grains_and_starches,TRUE,,serving,serving|piece|g|kg|oz|cup|tbsp|tsp|slice|bowl|plate|pack,FALSE,Rice pilaf Food Grains and starches Rice,280,TRUE,
food_grains_and_starches_rice_porridge,Rice porridge,Food,Grains and starches,Rice,specific,food_grains_and_starches_grains_and_starches,TRUE,,serving,serving|piece|g|kg|oz|cup|tbsp|tsp|slice|bowl|plate|pack,FALSE,Rice porridge Food Grains and starches Rice,281,TRUE,
food_grains_and_starches_rice_noodles,Rice noodles,Food,Grains and starches,Rice,specific,food_grains_and_starches_grains_and_starches,TRUE,,serving,serving|piece|g|kg|oz|cup|tbsp|tsp|slice|bowl|plate|pack,FALSE,Rice noodles Food Grains and starches Rice,282,TRUE,
food_grains_and_starches_rice_cakes,Rice cakes,Food,Grains and starches,Rice,specific,food_grains_and_starches_grains_and_starches,TRUE,,serving,serving|piece|g|kg|oz|cup|tbsp|tsp|slice|bowl|plate|pack,FALSE,Rice cakes Food Grains and starches Rice,283,TRUE,
food_grains_and_starches_rice_flour,Rice flour,Food,Grains and starches,Rice,specific,food_grains_and_starches_grains_and_starches,TRUE,,serving,serving|piece|g|kg|oz|cup|tbsp|tsp|slice|bowl|plate|pack,FALSE,Rice flour Food Grains and starches Rice,284,TRUE,
food_grains_and_starches_wheat,Wheat,Food,Grains and starches,Wheat and ancient grains,specific,food_grains_and_starches_grains_and_starches,TRUE,,serving,serving|piece|g|kg|oz|cup|tbsp|tsp|slice|bowl|plate|pack,FALSE,Wheat Food Grains and starches Wheat and ancient grains,285,TRUE,
food_grains_and_starches_whole_wheat,Whole wheat,Food,Grains and starches,Wheat and ancient grains,specific,food_grains_and_starches_grains_and_starches,TRUE,,serving,serving|piece|g|kg|oz|cup|tbsp|tsp|slice|bowl|plate|pack,FALSE,Whole wheat Food Grains and starches Wheat and ancient grains,286,TRUE,
food_grains_and_starches_bulgur,Bulgur,Food,Grains and starches,Wheat and ancient grains,specific,food_grains_and_starches_grains_and_starches,TRUE,,serving,serving|piece|g|kg|oz|cup|tbsp|tsp|slice|bowl|plate|pack,FALSE,Bulgur Food Grains and starches Wheat and ancient grains,287,TRUE,
food_grains_and_starches_freekeh,Freekeh,Food,Grains and starches,Wheat and ancient grains,specific,food_grains_and_starches_grains_and_starches,TRUE,,serving,serving|piece|g|kg|oz|cup|tbsp|tsp|slice|bowl|plate|pack,FALSE,Freekeh Food Grains and starches Wheat and ancient grains,288,TRUE,
food_grains_and_starches_farro,Farro,Food,Grains and starches,Wheat and ancient grains,specific,food_grains_and_starches_grains_and_starches,TRUE,,serving,serving|piece|g|kg|oz|cup|tbsp|tsp|slice|bowl|plate|pack,FALSE,Farro Food Grains and starches Wheat and ancient grains,289,TRUE,
food_grains_and_starches_spelt,Spelt,Food,Grains and starches,Wheat and ancient grains,specific,food_grains_and_starches_grains_and_starches,TRUE,,serving,serving|piece|g|kg|oz|cup|tbsp|tsp|slice|bowl|plate|pack,FALSE,Spelt Food Grains and starches Wheat and ancient grains,290,TRUE,
food_grains_and_starches_kamut,Kamut,Food,Grains and starches,Wheat and ancient grains,specific,food_grains_and_starches_grains_and_starches,TRUE,,serving,serving|piece|g|kg|oz|cup|tbsp|tsp|slice|bowl|plate|pack,FALSE,Kamut Food Grains and starches Wheat and ancient grains,291,TRUE,
food_grains_and_starches_semolina,Semolina,Food,Grains and starches,Wheat and ancient grains,specific,food_grains_and_starches_grains_and_starches,TRUE,,serving,serving|piece|g|kg|oz|cup|tbsp|tsp|slice|bowl|plate|pack,FALSE,Semolina Food Grains and starches Wheat and ancient grains,292,TRUE,
food_grains_and_starches_couscous,Couscous,Food,Grains and starches,Wheat and ancient grains,specific,food_grains_and_starches_grains_and_starches,TRUE,,serving,serving|piece|g|kg|oz|cup|tbsp|tsp|slice|bowl|plate|pack,FALSE,Couscous Food Grains and starches Wheat and ancient grains,293,TRUE,
food_grains_and_starches_pearl_couscous,Pearl couscous,Food,Grains and starches,Wheat and ancient grains,specific,food_grains_and_starches_grains_and_starches,TRUE,,serving,serving|piece|g|kg|oz|cup|tbsp|tsp|slice|bowl|plate|pack,FALSE,Pearl couscous Food Grains and starches Wheat and ancient grains,294,TRUE,
food_grains_and_starches_barley,Barley,Food,Grains and starches,Wheat and ancient grains,specific,food_grains_and_starches_grains_and_starches,TRUE,,serving,serving|piece|g|kg|oz|cup|tbsp|tsp|slice|bowl|plate|pack,FALSE,Barley Food Grains and starches Wheat and ancient grains,295,TRUE,
food_grains_and_starches_rye,Rye,Food,Grains and starches,Wheat and ancient grains,specific,food_grains_and_starches_grains_and_starches,TRUE,,serving,serving|piece|g|kg|oz|cup|tbsp|tsp|slice|bowl|plate|pack,FALSE,Rye Food Grains and starches Wheat and ancient grains,296,TRUE,
food_grains_and_starches_triticale,Triticale,Food,Grains and starches,Wheat and ancient grains,specific,food_grains_and_starches_grains_and_starches,TRUE,,serving,serving|piece|g|kg|oz|cup|tbsp|tsp|slice|bowl|plate|pack,FALSE,Triticale Food Grains and starches Wheat and ancient grains,297,TRUE,
food_grains_and_starches_sorghum,Sorghum,Food,Grains and starches,Wheat and ancient grains,specific,food_grains_and_starches_grains_and_starches,TRUE,,serving,serving|piece|g|kg|oz|cup|tbsp|tsp|slice|bowl|plate|pack,FALSE,Sorghum Food Grains and starches Wheat and ancient grains,298,TRUE,
food_grains_and_starches_millet,Millet,Food,Grains and starches,Wheat and ancient grains,specific,food_grains_and_starches_grains_and_starches,TRUE,,serving,serving|piece|g|kg|oz|cup|tbsp|tsp|slice|bowl|plate|pack,FALSE,Millet Food Grains and starches Wheat and ancient grains,299,TRUE,
food_grains_and_starches_teff,Teff,Food,Grains and starches,Wheat and ancient grains,specific,food_grains_and_starches_grains_and_starches,TRUE,,serving,serving|piece|g|kg|oz|cup|tbsp|tsp|slice|bowl|plate|pack,FALSE,Teff Food Grains and starches Wheat and ancient grains,300,TRUE,
food_grains_and_starches_buckwheat,Buckwheat,Food,Grains and starches,Wheat and ancient grains,specific,food_grains_and_starches_grains_and_starches,TRUE,,serving,serving|piece|g|kg|oz|cup|tbsp|tsp|slice|bowl|plate|pack,FALSE,Buckwheat Food Grains and starches Wheat and ancient grains,301,TRUE,
food_grains_and_starches_amaranth,Amaranth,Food,Grains and starches,Wheat and ancient grains,specific,food_grains_and_starches_grains_and_starches,TRUE,,serving,serving|piece|g|kg|oz|cup|tbsp|tsp|slice|bowl|plate|pack,FALSE,Amaranth Food Grains and starches Wheat and ancient grains,302,TRUE,
food_grains_and_starches_quinoa,Quinoa,Food,Grains and starches,Wheat and ancient grains,specific,food_grains_and_starches_grains_and_starches,TRUE,,serving,serving|piece|g|kg|oz|cup|tbsp|tsp|slice|bowl|plate|pack,FALSE,Quinoa Food Grains and starches Wheat and ancient grains,303,TRUE,
food_grains_and_starches_fonio,Fonio,Food,Grains and starches,Wheat and ancient grains,specific,food_grains_and_starches_grains_and_starches,TRUE,,serving,serving|piece|g|kg|oz|cup|tbsp|tsp|slice|bowl|plate|pack,FALSE,Fonio Food Grains and starches Wheat and ancient grains,304,TRUE,
food_grains_and_starches_oats,Oats,Food,Grains and starches,Oats and cereals,specific,food_grains_and_starches_grains_and_starches,TRUE,,serving,serving|piece|g|kg|oz|cup|tbsp|tsp|slice|bowl|plate|pack,FALSE,Oats Food Grains and starches Oats and cereals,305,TRUE,
food_grains_and_starches_rolled_oats,Rolled oats,Food,Grains and starches,Oats and cereals,specific,food_grains_and_starches_grains_and_starches,TRUE,,serving,serving|piece|g|kg|oz|cup|tbsp|tsp|slice|bowl|plate|pack,FALSE,Rolled oats Food Grains and starches Oats and cereals,306,TRUE,
food_grains_and_starches_steel_cut_oats,Steel-cut oats,Food,Grains and starches,Oats and cereals,specific,food_grains_and_starches_grains_and_starches,TRUE,,serving,serving|piece|g|kg|oz|cup|tbsp|tsp|slice|bowl|plate|pack,FALSE,Steel-cut oats Food Grains and starches Oats and cereals,307,TRUE,
food_grains_and_starches_instant_oats,Instant oats,Food,Grains and starches,Oats and cereals,specific,food_grains_and_starches_grains_and_starches,TRUE,,serving,serving|piece|g|kg|oz|cup|tbsp|tsp|slice|bowl|plate|pack,FALSE,Instant oats Food Grains and starches Oats and cereals,308,TRUE,
food_grains_and_starches_oatmeal,Oatmeal,Food,Grains and starches,Oats and cereals,specific,food_grains_and_starches_grains_and_starches,TRUE,,serving,serving|piece|g|kg|oz|cup|tbsp|tsp|slice|bowl|plate|pack,FALSE,Oatmeal Food Grains and starches Oats and cereals,309,TRUE,
food_grains_and_starches_muesli,Muesli,Food,Grains and starches,Oats and cereals,specific,food_grains_and_starches_grains_and_starches,TRUE,,serving,serving|piece|g|kg|oz|cup|tbsp|tsp|slice|bowl|plate|pack,FALSE,Muesli Food Grains and starches Oats and cereals,310,TRUE,
food_grains_and_starches_granola,Granola,Food,Grains and starches,Oats and cereals,specific,food_grains_and_starches_grains_and_starches,TRUE,,serving,serving|piece|g|kg|oz|cup|tbsp|tsp|slice|bowl|plate|pack,FALSE,Granola Food Grains and starches Oats and cereals,311,TRUE,
food_grains_and_starches_cornflakes,Cornflakes,Food,Grains and starches,Oats and cereals,specific,food_grains_and_starches_grains_and_starches,TRUE,,serving,serving|piece|g|kg|oz|cup|tbsp|tsp|slice|bowl|plate|pack,FALSE,Cornflakes Food Grains and starches Oats and cereals,312,TRUE,
food_grains_and_starches_bran_flakes,Bran flakes,Food,Grains and starches,Oats and cereals,specific,food_grains_and_starches_grains_and_starches,TRUE,,serving,serving|piece|g|kg|oz|cup|tbsp|tsp|slice|bowl|plate|pack,FALSE,Bran flakes Food Grains and starches Oats and cereals,313,TRUE,
food_grains_and_starches_rice_cereal,Rice cereal,Food,Grains and starches,Oats and cereals,specific,food_grains_and_starches_grains_and_starches,TRUE,,serving,serving|piece|g|kg|oz|cup|tbsp|tsp|slice|bowl|plate|pack,FALSE,Rice cereal Food Grains and starches Oats and cereals,314,TRUE,
food_grains_and_starches_wheat_cereal,Wheat cereal,Food,Grains and starches,Oats and cereals,specific,food_grains_and_starches_grains_and_starches,TRUE,,serving,serving|piece|g|kg|oz|cup|tbsp|tsp|slice|bowl|plate|pack,FALSE,Wheat cereal Food Grains and starches Oats and cereals,315,TRUE,
food_grains_and_starches_puffed_cereal,Puffed cereal,Food,Grains and starches,Oats and cereals,specific,food_grains_and_starches_grains_and_starches,TRUE,,serving,serving|piece|g|kg|oz|cup|tbsp|tsp|slice|bowl|plate|pack,FALSE,Puffed cereal Food Grains and starches Oats and cereals,316,TRUE,
food_grains_and_starches_sweetened_breakfast_cereal,Sweetened breakfast cereal,Food,Grains and starches,Oats and cereals,specific,food_grains_and_starches_grains_and_starches,TRUE,,serving,serving|piece|g|kg|oz|cup|tbsp|tsp|slice|bowl|plate|pack,FALSE,Sweetened breakfast cereal Food Grains and starches Oats and cereals,317,TRUE,
food_grains_and_starches_unsweetened_breakfast_cereal,Unsweetened breakfast cereal,Food,Grains and starches,Oats and cereals,specific,food_grains_and_starches_grains_and_starches,TRUE,,serving,serving|piece|g|kg|oz|cup|tbsp|tsp|slice|bowl|plate|pack,FALSE,Unsweetened breakfast cereal Food Grains and starches Oats and cereals,318,TRUE,
food_grains_and_starches_pasta,Pasta,Food,Grains and starches,Pasta and noodles,specific,food_grains_and_starches_grains_and_starches,TRUE,,serving,serving|piece|g|kg|oz|cup|tbsp|tsp|slice|bowl|plate|pack,FALSE,Pasta Food Grains and starches Pasta and noodles,319,TRUE,
food_grains_and_starches_spaghetti,Spaghetti,Food,Grains and starches,Pasta and noodles,specific,food_grains_and_starches_grains_and_starches,TRUE,,serving,serving|piece|g|kg|oz|cup|tbsp|tsp|slice|bowl|plate|pack,FALSE,Spaghetti Food Grains and starches Pasta and noodles,320,TRUE,
food_grains_and_starches_penne,Penne,Food,Grains and starches,Pasta and noodles,specific,food_grains_and_starches_grains_and_starches,TRUE,,serving,serving|piece|g|kg|oz|cup|tbsp|tsp|slice|bowl|plate|pack,FALSE,Penne Food Grains and starches Pasta and noodles,321,TRUE,
food_grains_and_starches_fusilli,Fusilli,Food,Grains and starches,Pasta and noodles,specific,food_grains_and_starches_grains_and_starches,TRUE,,serving,serving|piece|g|kg|oz|cup|tbsp|tsp|slice|bowl|plate|pack,FALSE,Fusilli Food Grains and starches Pasta and noodles,322,TRUE,
food_grains_and_starches_macaroni,Macaroni,Food,Grains and starches,Pasta and noodles,specific,food_grains_and_starches_grains_and_starches,TRUE,,serving,serving|piece|g|kg|oz|cup|tbsp|tsp|slice|bowl|plate|pack,FALSE,Macaroni Food Grains and starches Pasta and noodles,323,TRUE,
food_grains_and_starches_linguine,Linguine,Food,Grains and starches,Pasta and noodles,specific,food_grains_and_starches_grains_and_starches,TRUE,,serving,serving|piece|g|kg|oz|cup|tbsp|tsp|slice|bowl|plate|pack,FALSE,Linguine Food Grains and starches Pasta and noodles,324,TRUE,
food_grains_and_starches_fettuccine,Fettuccine,Food,Grains and starches,Pasta and noodles,specific,food_grains_and_starches_grains_and_starches,TRUE,,serving,serving|piece|g|kg|oz|cup|tbsp|tsp|slice|bowl|plate|pack,FALSE,Fettuccine Food Grains and starches Pasta and noodles,325,TRUE,
food_grains_and_starches_tagliatelle,Tagliatelle,Food,Grains and starches,Pasta and noodles,specific,food_grains_and_starches_grains_and_starches,TRUE,,serving,serving|piece|g|kg|oz|cup|tbsp|tsp|slice|bowl|plate|pack,FALSE,Tagliatelle Food Grains and starches Pasta and noodles,326,TRUE,
food_grains_and_starches_lasagna_sheets,Lasagna sheets,Food,Grains and starches,Pasta and noodles,specific,food_grains_and_starches_grains_and_starches,TRUE,,serving,serving|piece|g|kg|oz|cup|tbsp|tsp|slice|bowl|plate|pack,FALSE,Lasagna sheets Food Grains and starches Pasta and noodles,327,TRUE,
food_grains_and_starches_ravioli,Ravioli,Food,Grains and starches,Pasta and noodles,specific,food_grains_and_starches_grains_and_starches,TRUE,,serving,serving|piece|g|kg|oz|cup|tbsp|tsp|slice|bowl|plate|pack,FALSE,Ravioli Food Grains and starches Pasta and noodles,328,TRUE,
food_grains_and_starches_tortellini,Tortellini,Food,Grains and starches,Pasta and noodles,specific,food_grains_and_starches_grains_and_starches,TRUE,,serving,serving|piece|g|kg|oz|cup|tbsp|tsp|slice|bowl|plate|pack,FALSE,Tortellini Food Grains and starches Pasta and noodles,329,TRUE,
food_grains_and_starches_gnocchi,Gnocchi,Food,Grains and starches,Pasta and noodles,specific,food_grains_and_starches_grains_and_starches,TRUE,,serving,serving|piece|g|kg|oz|cup|tbsp|tsp|slice|bowl|plate|pack,FALSE,Gnocchi Food Grains and starches Pasta and noodles,330,TRUE,
food_grains_and_starches_orzo,Orzo,Food,Grains and starches,Pasta and noodles,specific,food_grains_and_starches_grains_and_starches,TRUE,,serving,serving|piece|g|kg|oz|cup|tbsp|tsp|slice|bowl|plate|pack,FALSE,Orzo Food Grains and starches Pasta and noodles,331,TRUE,
food_grains_and_starches_egg_noodles,Egg noodles,Food,Grains and starches,Pasta and noodles,specific,food_grains_and_starches_grains_and_starches,TRUE,,serving,serving|piece|g|kg|oz|cup|tbsp|tsp|slice|bowl|plate|pack,FALSE,Egg noodles Food Grains and starches Pasta and noodles,332,TRUE,
food_grains_and_starches_udon_noodles,Udon noodles,Food,Grains and starches,Pasta and noodles,specific,food_grains_and_starches_grains_and_starches,TRUE,,serving,serving|piece|g|kg|oz|cup|tbsp|tsp|slice|bowl|plate|pack,FALSE,Udon noodles Food Grains and starches Pasta and noodles,333,TRUE,
food_grains_and_starches_soba_noodles,Soba noodles,Food,Grains and starches,Pasta and noodles,specific,food_grains_and_starches_grains_and_starches,TRUE,,serving,serving|piece|g|kg|oz|cup|tbsp|tsp|slice|bowl|plate|pack,FALSE,Soba noodles Food Grains and starches Pasta and noodles,334,TRUE,
food_grains_and_starches_ramen_noodles,Ramen noodles,Food,Grains and starches,Pasta and noodles,specific,food_grains_and_starches_grains_and_starches,TRUE,,serving,serving|piece|g|kg|oz|cup|tbsp|tsp|slice|bowl|plate|pack,FALSE,Ramen noodles Food Grains and starches Pasta and noodles,335,TRUE,
food_grains_and_starches_glass_noodles,Glass noodles,Food,Grains and starches,Pasta and noodles,specific,food_grains_and_starches_grains_and_starches,TRUE,,serving,serving|piece|g|kg|oz|cup|tbsp|tsp|slice|bowl|plate|pack,FALSE,Glass noodles Food Grains and starches Pasta and noodles,336,TRUE,
food_grains_and_starches_shirataki_noodles,Shirataki noodles,Food,Grains and starches,Pasta and noodles,specific,food_grains_and_starches_grains_and_starches,TRUE,,serving,serving|piece|g|kg|oz|cup|tbsp|tsp|slice|bowl|plate|pack,FALSE,Shirataki noodles Food Grains and starches Pasta and noodles,337,TRUE,
food_grains_and_starches_instant_noodles,Instant noodles,Food,Grains and starches,Pasta and noodles,specific,food_grains_and_starches_grains_and_starches,TRUE,,serving,serving|piece|g|kg|oz|cup|tbsp|tsp|slice|bowl|plate|pack,FALSE,Instant noodles Food Grains and starches Pasta and noodles,338,TRUE,
food_grains_and_starches_whole_wheat_pasta,Whole-wheat pasta,Food,Grains and starches,Pasta and noodles,specific,food_grains_and_starches_grains_and_starches,TRUE,,serving,serving|piece|g|kg|oz|cup|tbsp|tsp|slice|bowl|plate|pack,FALSE,Whole-wheat pasta Food Grains and starches Pasta and noodles,339,TRUE,
food_grains_and_starches_gluten_free_pasta,Gluten-free pasta,Food,Grains and starches,Pasta and noodles,specific,food_grains_and_starches_grains_and_starches,TRUE,,serving,serving|piece|g|kg|oz|cup|tbsp|tsp|slice|bowl|plate|pack,FALSE,Gluten-free pasta Food Grains and starches Pasta and noodles,340,TRUE,
food_grains_and_starches_polenta,Polenta,Food,Grains and starches,Other starches,specific,food_grains_and_starches_grains_and_starches,TRUE,,serving,serving|piece|g|kg|oz|cup|tbsp|tsp|slice|bowl|plate|pack,FALSE,Polenta Food Grains and starches Other starches,341,TRUE,
food_grains_and_starches_grits,Grits,Food,Grains and starches,Other starches,specific,food_grains_and_starches_grains_and_starches,TRUE,,serving,serving|piece|g|kg|oz|cup|tbsp|tsp|slice|bowl|plate|pack,FALSE,Grits Food Grains and starches Other starches,342,TRUE,
food_grains_and_starches_tapioca,Tapioca,Food,Grains and starches,Other starches,specific,food_grains_and_starches_grains_and_starches,TRUE,,serving,serving|piece|g|kg|oz|cup|tbsp|tsp|slice|bowl|plate|pack,FALSE,Tapioca Food Grains and starches Other starches,343,TRUE,
food_grains_and_starches_sago,Sago,Food,Grains and starches,Other starches,specific,food_grains_and_starches_grains_and_starches,TRUE,,serving,serving|piece|g|kg|oz|cup|tbsp|tsp|slice|bowl|plate|pack,FALSE,Sago Food Grains and starches Other starches,344,TRUE,
food_grains_and_starches_cornmeal,Cornmeal,Food,Grains and starches,Other starches,specific,food_grains_and_starches_grains_and_starches,TRUE,,serving,serving|piece|g|kg|oz|cup|tbsp|tsp|slice|bowl|plate|pack,FALSE,Cornmeal Food Grains and starches Other starches,345,TRUE,
food_grains_and_starches_potato_starch,Potato starch,Food,Grains and starches,Other starches,specific,food_grains_and_starches_grains_and_starches,TRUE,,serving,serving|piece|g|kg|oz|cup|tbsp|tsp|slice|bowl|plate|pack,FALSE,Potato starch Food Grains and starches Other starches,346,TRUE,
food_grains_and_starches_cornstarch,Cornstarch,Food,Grains and starches,Other starches,specific,food_grains_and_starches_grains_and_starches,TRUE,,serving,serving|piece|g|kg|oz|cup|tbsp|tsp|slice|bowl|plate|pack,FALSE,Cornstarch Food Grains and starches Other starches,347,TRUE,
food_grains_and_starches_arrowroot,Arrowroot,Food,Grains and starches,Other starches,specific,food_grains_and_starches_grains_and_starches,TRUE,,serving,serving|piece|g|kg|oz|cup|tbsp|tsp|slice|bowl|plate|pack,FALSE,Arrowroot Food Grains and starches Other starches,348,TRUE,
food_grains_and_starches_plantain_flour,Plantain flour,Food,Grains and starches,Other starches,specific,food_grains_and_starches_grains_and_starches,TRUE,,serving,serving|piece|g|kg|oz|cup|tbsp|tsp|slice|bowl|plate|pack,FALSE,Plantain flour Food Grains and starches Other starches,349,TRUE,
food_grains_and_starches_cassava_flour,Cassava flour,Food,Grains and starches,Other starches,specific,food_grains_and_starches_grains_and_starches,TRUE,,serving,serving|piece|g|kg|oz|cup|tbsp|tsp|slice|bowl|plate|pack,FALSE,Cassava flour Food Grains and starches Other starches,350,TRUE,
food_bread_and_bakery_bread_and_bakery,Bread and bakery,Food,Bread and bakery,General,general,,TRUE,,slice,serving|piece|g|kg|oz|cup|tbsp|tsp|slice|bowl|plate|pack,FALSE,Bread and bakery Food Bread and bakery General,351,TRUE,General option remains selectable when the user does not want to choose a specific item.
food_bread_and_bakery_white_bread,White bread,Food,Bread and bakery,Bread,specific,food_bread_and_bakery_bread_and_bakery,TRUE,,slice,serving|piece|g|kg|oz|cup|tbsp|tsp|slice|bowl|plate|pack,FALSE,White bread Food Bread and bakery Bread,352,TRUE,
food_bread_and_bakery_whole_wheat_bread,Whole-wheat bread,Food,Bread and bakery,Bread,specific,food_bread_and_bakery_bread_and_bakery,TRUE,,slice,serving|piece|g|kg|oz|cup|tbsp|tsp|slice|bowl|plate|pack,FALSE,Whole-wheat bread Food Bread and bakery Bread,353,TRUE,
food_bread_and_bakery_whole_grain_bread,Whole-grain bread,Food,Bread and bakery,Bread,specific,food_bread_and_bakery_bread_and_bakery,TRUE,,slice,serving|piece|g|kg|oz|cup|tbsp|tsp|slice|bowl|plate|pack,FALSE,Whole-grain bread Food Bread and bakery Bread,354,TRUE,
food_bread_and_bakery_multigrain_bread,Multigrain bread,Food,Bread and bakery,Bread,specific,food_bread_and_bakery_bread_and_bakery,TRUE,,slice,serving|piece|g|kg|oz|cup|tbsp|tsp|slice|bowl|plate|pack,FALSE,Multigrain bread Food Bread and bakery Bread,355,TRUE,
food_bread_and_bakery_sourdough_bread,Sourdough bread,Food,Bread and bakery,Bread,specific,food_bread_and_bakery_bread_and_bakery,TRUE,,slice,serving|piece|g|kg|oz|cup|tbsp|tsp|slice|bowl|plate|pack,FALSE,Sourdough bread Food Bread and bakery Bread,356,TRUE,
food_bread_and_bakery_rye_bread,Rye bread,Food,Bread and bakery,Bread,specific,food_bread_and_bakery_bread_and_bakery,TRUE,,slice,serving|piece|g|kg|oz|cup|tbsp|tsp|slice|bowl|plate|pack,FALSE,Rye bread Food Bread and bakery Bread,357,TRUE,
food_bread_and_bakery_pumpernickel,Pumpernickel,Food,Bread and bakery,Bread,specific,food_bread_and_bakery_bread_and_bakery,TRUE,,slice,serving|piece|g|kg|oz|cup|tbsp|tsp|slice|bowl|plate|pack,FALSE,Pumpernickel Food Bread and bakery Bread,358,TRUE,
food_bread_and_bakery_brioche,Brioche,Food,Bread and bakery,Bread,specific,food_bread_and_bakery_bread_and_bakery,TRUE,,slice,serving|piece|g|kg|oz|cup|tbsp|tsp|slice|bowl|plate|pack,FALSE,Brioche Food Bread and bakery Bread,359,TRUE,
food_bread_and_bakery_baguette,Baguette,Food,Bread and bakery,Bread,specific,food_bread_and_bakery_bread_and_bakery,TRUE,,slice,serving|piece|g|kg|oz|cup|tbsp|tsp|slice|bowl|plate|pack,FALSE,Baguette Food Bread and bakery Bread,360,TRUE,
food_bread_and_bakery_ciabatta,Ciabatta,Food,Bread and bakery,Bread,specific,food_bread_and_bakery_bread_and_bakery,TRUE,,slice,serving|piece|g|kg|oz|cup|tbsp|tsp|slice|bowl|plate|pack,FALSE,Ciabatta Food Bread and bakery Bread,361,TRUE,
food_bread_and_bakery_focaccia,Focaccia,Food,Bread and bakery,Bread,specific,food_bread_and_bakery_bread_and_bakery,TRUE,,slice,serving|piece|g|kg|oz|cup|tbsp|tsp|slice|bowl|plate|pack,FALSE,Focaccia Food Bread and bakery Bread,362,TRUE,
food_bread_and_bakery_pita_bread,Pita bread,Food,Bread and bakery,Bread,specific,food_bread_and_bakery_bread_and_bakery,TRUE,,slice,serving|piece|g|kg|oz|cup|tbsp|tsp|slice|bowl|plate|pack,FALSE,Pita bread Food Bread and bakery Bread,363,TRUE,
food_bread_and_bakery_arabic_bread,Arabic bread,Food,Bread and bakery,Bread,specific,food_bread_and_bakery_bread_and_bakery,TRUE,,slice,serving|piece|g|kg|oz|cup|tbsp|tsp|slice|bowl|plate|pack,FALSE,Arabic bread Food Bread and bakery Bread,364,TRUE,
food_bread_and_bakery_flatbread,Flatbread,Food,Bread and bakery,Bread,specific,food_bread_and_bakery_bread_and_bakery,TRUE,,slice,serving|piece|g|kg|oz|cup|tbsp|tsp|slice|bowl|plate|pack,FALSE,Flatbread Food Bread and bakery Bread,365,TRUE,
food_bread_and_bakery_naan,Naan,Food,Bread and bakery,Bread,specific,food_bread_and_bakery_bread_and_bakery,TRUE,,slice,serving|piece|g|kg|oz|cup|tbsp|tsp|slice|bowl|plate|pack,FALSE,Naan Food Bread and bakery Bread,366,TRUE,
food_bread_and_bakery_roti,Roti,Food,Bread and bakery,Bread,specific,food_bread_and_bakery_bread_and_bakery,TRUE,,slice,serving|piece|g|kg|oz|cup|tbsp|tsp|slice|bowl|plate|pack,FALSE,Roti Food Bread and bakery Bread,367,TRUE,
food_bread_and_bakery_chapati,Chapati,Food,Bread and bakery,Bread,specific,food_bread_and_bakery_bread_and_bakery,TRUE,,slice,serving|piece|g|kg|oz|cup|tbsp|tsp|slice|bowl|plate|pack,FALSE,Chapati Food Bread and bakery Bread,368,TRUE,
food_bread_and_bakery_paratha,Paratha,Food,Bread and bakery,Bread,specific,food_bread_and_bakery_bread_and_bakery,TRUE,,slice,serving|piece|g|kg|oz|cup|tbsp|tsp|slice|bowl|plate|pack,FALSE,Paratha Food Bread and bakery Bread,369,TRUE,
food_bread_and_bakery_tortilla,Tortilla,Food,Bread and bakery,Bread,specific,food_bread_and_bakery_bread_and_bakery,TRUE,,slice,serving|piece|g|kg|oz|cup|tbsp|tsp|slice|bowl|plate|pack,FALSE,Tortilla Food Bread and bakery Bread,370,TRUE,
food_bread_and_bakery_corn_tortilla,Corn tortilla,Food,Bread and bakery,Bread,specific,food_bread_and_bakery_bread_and_bakery,TRUE,,slice,serving|piece|g|kg|oz|cup|tbsp|tsp|slice|bowl|plate|pack,FALSE,Corn tortilla Food Bread and bakery Bread,371,TRUE,
food_bread_and_bakery_flour_tortilla,Flour tortilla,Food,Bread and bakery,Bread,specific,food_bread_and_bakery_bread_and_bakery,TRUE,,slice,serving|piece|g|kg|oz|cup|tbsp|tsp|slice|bowl|plate|pack,FALSE,Flour tortilla Food Bread and bakery Bread,372,TRUE,
food_bread_and_bakery_lavash,Lavash,Food,Bread and bakery,Bread,specific,food_bread_and_bakery_bread_and_bakery,TRUE,,slice,serving|piece|g|kg|oz|cup|tbsp|tsp|slice|bowl|plate|pack,FALSE,Lavash Food Bread and bakery Bread,373,TRUE,
food_bread_and_bakery_saj_bread,Saj bread,Food,Bread and bakery,Bread,specific,food_bread_and_bakery_bread_and_bakery,TRUE,,slice,serving|piece|g|kg|oz|cup|tbsp|tsp|slice|bowl|plate|pack,FALSE,Saj bread Food Bread and bakery Bread,374,TRUE,
food_bread_and_bakery_bagel,Bagel,Food,Bread and bakery,Bread,specific,food_bread_and_bakery_bread_and_bakery,TRUE,,slice,serving|piece|g|kg|oz|cup|tbsp|tsp|slice|bowl|plate|pack,FALSE,Bagel Food Bread and bakery Bread,375,TRUE,
food_bread_and_bakery_english_muffin,English muffin,Food,Bread and bakery,Bread,specific,food_bread_and_bakery_bread_and_bakery,TRUE,,slice,serving|piece|g|kg|oz|cup|tbsp|tsp|slice|bowl|plate|pack,FALSE,English muffin Food Bread and bakery Bread,376,TRUE,
food_bread_and_bakery_bread_roll,Bread roll,Food,Bread and bakery,Bread,specific,food_bread_and_bakery_bread_and_bakery,TRUE,,slice,serving|piece|g|kg|oz|cup|tbsp|tsp|slice|bowl|plate|pack,FALSE,Bread roll Food Bread and bakery Bread,377,TRUE,
food_bread_and_bakery_burger_bun,Burger bun,Food,Bread and bakery,Bread,specific,food_bread_and_bakery_bread_and_bakery,TRUE,,slice,serving|piece|g|kg|oz|cup|tbsp|tsp|slice|bowl|plate|pack,FALSE,Burger bun Food Bread and bakery Bread,378,TRUE,
food_bread_and_bakery_hot_dog_bun,Hot dog bun,Food,Bread and bakery,Bread,specific,food_bread_and_bakery_bread_and_bakery,TRUE,,slice,serving|piece|g|kg|oz|cup|tbsp|tsp|slice|bowl|plate|pack,FALSE,Hot dog bun Food Bread and bakery Bread,379,TRUE,
food_bread_and_bakery_gluten_free_bread,Gluten-free bread,Food,Bread and bakery,Bread,specific,food_bread_and_bakery_bread_and_bakery,TRUE,,slice,serving|piece|g|kg|oz|cup|tbsp|tsp|slice|bowl|plate|pack,FALSE,Gluten-free bread Food Bread and bakery Bread,380,TRUE,
food_bread_and_bakery_keto_bread,Keto bread,Food,Bread and bakery,Bread,specific,food_bread_and_bakery_bread_and_bakery,TRUE,,slice,serving|piece|g|kg|oz|cup|tbsp|tsp|slice|bowl|plate|pack,FALSE,Keto bread Food Bread and bakery Bread,381,TRUE,
food_bread_and_bakery_croissant,Croissant,Food,Bread and bakery,Pastries and baked goods,specific,food_bread_and_bakery_bread_and_bakery,TRUE,,piece,serving|piece|g|kg|oz|cup|tbsp|tsp|slice|bowl|plate|pack,FALSE,Croissant Food Bread and bakery Pastries and baked goods,382,TRUE,
food_bread_and_bakery_pain_au_chocolat,Pain au chocolat,Food,Bread and bakery,Pastries and baked goods,specific,food_bread_and_bakery_bread_and_bakery,TRUE,,piece,serving|piece|g|kg|oz|cup|tbsp|tsp|slice|bowl|plate|pack,FALSE,Pain au chocolat Food Bread and bakery Pastries and baked goods,383,TRUE,
food_bread_and_bakery_danish_pastry,Danish pastry,Food,Bread and bakery,Pastries and baked goods,specific,food_bread_and_bakery_bread_and_bakery,TRUE,,piece,serving|piece|g|kg|oz|cup|tbsp|tsp|slice|bowl|plate|pack,FALSE,Danish pastry Food Bread and bakery Pastries and baked goods,384,TRUE,
food_bread_and_bakery_muffin,Muffin,Food,Bread and bakery,Pastries and baked goods,specific,food_bread_and_bakery_bread_and_bakery,TRUE,,piece,serving|piece|g|kg|oz|cup|tbsp|tsp|slice|bowl|plate|pack,FALSE,Muffin Food Bread and bakery Pastries and baked goods,385,TRUE,
food_bread_and_bakery_cupcake,Cupcake,Food,Bread and bakery,Pastries and baked goods,specific,food_bread_and_bakery_bread_and_bakery,TRUE,,piece,serving|piece|g|kg|oz|cup|tbsp|tsp|slice|bowl|plate|pack,FALSE,Cupcake Food Bread and bakery Pastries and baked goods,386,TRUE,
food_bread_and_bakery_scone,Scone,Food,Bread and bakery,Pastries and baked goods,specific,food_bread_and_bakery_bread_and_bakery,TRUE,,piece,serving|piece|g|kg|oz|cup|tbsp|tsp|slice|bowl|plate|pack,FALSE,Scone Food Bread and bakery Pastries and baked goods,387,TRUE,
food_bread_and_bakery_biscuit,Biscuit,Food,Bread and bakery,Pastries and baked goods,specific,food_bread_and_bakery_bread_and_bakery,TRUE,,piece,serving|piece|g|kg|oz|cup|tbsp|tsp|slice|bowl|plate|pack,FALSE,Biscuit Food Bread and bakery Pastries and baked goods,388,TRUE,
food_bread_and_bakery_cookie,Cookie,Food,Bread and bakery,Pastries and baked goods,specific,food_bread_and_bakery_bread_and_bakery,TRUE,,piece,serving|piece|g|kg|oz|cup|tbsp|tsp|slice|bowl|plate|pack,FALSE,Cookie Food Bread and bakery Pastries and baked goods,389,TRUE,
food_bread_and_bakery_brownie,Brownie,Food,Bread and bakery,Pastries and baked goods,specific,food_bread_and_bakery_bread_and_bakery,TRUE,,piece,serving|piece|g|kg|oz|cup|tbsp|tsp|slice|bowl|plate|pack,FALSE,Brownie Food Bread and bakery Pastries and baked goods,390,TRUE,
food_bread_and_bakery_cake,Cake,Food,Bread and bakery,Pastries and baked goods,specific,food_bread_and_bakery_bread_and_bakery,TRUE,,piece,serving|piece|g|kg|oz|cup|tbsp|tsp|slice|bowl|plate|pack,FALSE,Cake Food Bread and bakery Pastries and baked goods,391,TRUE,
food_bread_and_bakery_sponge_cake,Sponge cake,Food,Bread and bakery,Pastries and baked goods,specific,food_bread_and_bakery_bread_and_bakery,TRUE,,piece,serving|piece|g|kg|oz|cup|tbsp|tsp|slice|bowl|plate|pack,FALSE,Sponge cake Food Bread and bakery Pastries and baked goods,392,TRUE,
food_bread_and_bakery_cheesecake,Cheesecake,Food,Bread and bakery,Pastries and baked goods,specific,food_bread_and_bakery_bread_and_bakery,TRUE,,piece,serving|piece|g|kg|oz|cup|tbsp|tsp|slice|bowl|plate|pack,FALSE,Cheesecake Food Bread and bakery Pastries and baked goods,393,TRUE,
food_bread_and_bakery_pound_cake,Pound cake,Food,Bread and bakery,Pastries and baked goods,specific,food_bread_and_bakery_bread_and_bakery,TRUE,,piece,serving|piece|g|kg|oz|cup|tbsp|tsp|slice|bowl|plate|pack,FALSE,Pound cake Food Bread and bakery Pastries and baked goods,394,TRUE,
food_bread_and_bakery_fruit_cake,Fruit cake,Food,Bread and bakery,Pastries and baked goods,specific,food_bread_and_bakery_bread_and_bakery,TRUE,,piece,serving|piece|g|kg|oz|cup|tbsp|tsp|slice|bowl|plate|pack,FALSE,Fruit cake Food Bread and bakery Pastries and baked goods,395,TRUE,
food_bread_and_bakery_donut,Donut,Food,Bread and bakery,Pastries and baked goods,specific,food_bread_and_bakery_bread_and_bakery,TRUE,,piece,serving|piece|g|kg|oz|cup|tbsp|tsp|slice|bowl|plate|pack,FALSE,Donut Food Bread and bakery Pastries and baked goods,396,TRUE,
food_bread_and_bakery_cinnamon_roll,Cinnamon roll,Food,Bread and bakery,Pastries and baked goods,specific,food_bread_and_bakery_bread_and_bakery,TRUE,,piece,serving|piece|g|kg|oz|cup|tbsp|tsp|slice|bowl|plate|pack,FALSE,Cinnamon roll Food Bread and bakery Pastries and baked goods,397,TRUE,
food_bread_and_bakery_sweet_bun,Sweet bun,Food,Bread and bakery,Pastries and baked goods,specific,food_bread_and_bakery_bread_and_bakery,TRUE,,piece,serving|piece|g|kg|oz|cup|tbsp|tsp|slice|bowl|plate|pack,FALSE,Sweet bun Food Bread and bakery Pastries and baked goods,398,TRUE,
food_bread_and_bakery_pie,Pie,Food,Bread and bakery,Pastries and baked goods,specific,food_bread_and_bakery_bread_and_bakery,TRUE,,piece,serving|piece|g|kg|oz|cup|tbsp|tsp|slice|bowl|plate|pack,FALSE,Pie Food Bread and bakery Pastries and baked goods,399,TRUE,
food_bread_and_bakery_tart,Tart,Food,Bread and bakery,Pastries and baked goods,specific,food_bread_and_bakery_bread_and_bakery,TRUE,,piece,serving|piece|g|kg|oz|cup|tbsp|tsp|slice|bowl|plate|pack,FALSE,Tart Food Bread and bakery Pastries and baked goods,400,TRUE,
food_bread_and_bakery_strudel,Strudel,Food,Bread and bakery,Pastries and baked goods,specific,food_bread_and_bakery_bread_and_bakery,TRUE,,piece,serving|piece|g|kg|oz|cup|tbsp|tsp|slice|bowl|plate|pack,FALSE,Strudel Food Bread and bakery Pastries and baked goods,401,TRUE,
food_bread_and_bakery_baklava,Baklava,Food,Bread and bakery,Pastries and baked goods,specific,food_bread_and_bakery_bread_and_bakery,TRUE,,piece,serving|piece|g|kg|oz|cup|tbsp|tsp|slice|bowl|plate|pack,FALSE,Baklava Food Bread and bakery Pastries and baked goods,402,TRUE,
food_bread_and_bakery_kunafa,Kunafa,Food,Bread and bakery,Pastries and baked goods,specific,food_bread_and_bakery_bread_and_bakery,TRUE,,piece,serving|piece|g|kg|oz|cup|tbsp|tsp|slice|bowl|plate|pack,FALSE,Kunafa Food Bread and bakery Pastries and baked goods,403,TRUE,
food_bread_and_bakery_basbousa,Basbousa,Food,Bread and bakery,Pastries and baked goods,specific,food_bread_and_bakery_bread_and_bakery,TRUE,,piece,serving|piece|g|kg|oz|cup|tbsp|tsp|slice|bowl|plate|pack,FALSE,Basbousa Food Bread and bakery Pastries and baked goods,404,TRUE,
food_bread_and_bakery_maamoul,Maamoul,Food,Bread and bakery,Pastries and baked goods,specific,food_bread_and_bakery_bread_and_bakery,TRUE,,piece,serving|piece|g|kg|oz|cup|tbsp|tsp|slice|bowl|plate|pack,FALSE,Maamoul Food Bread and bakery Pastries and baked goods,405,TRUE,
food_bread_and_bakery_qatayef,Qatayef,Food,Bread and bakery,Pastries and baked goods,specific,food_bread_and_bakery_bread_and_bakery,TRUE,,piece,serving|piece|g|kg|oz|cup|tbsp|tsp|slice|bowl|plate|pack,FALSE,Qatayef Food Bread and bakery Pastries and baked goods,406,TRUE,
food_bread_and_bakery_pretzel,Pretzel,Food,Bread and bakery,Pastries and baked goods,specific,food_bread_and_bakery_bread_and_bakery,TRUE,,piece,serving|piece|g|kg|oz|cup|tbsp|tsp|slice|bowl|plate|pack,FALSE,Pretzel Food Bread and bakery Pastries and baked goods,407,TRUE,
food_bread_and_bakery_cracker,Cracker,Food,Bread and bakery,Pastries and baked goods,specific,food_bread_and_bakery_bread_and_bakery,TRUE,,piece,serving|piece|g|kg|oz|cup|tbsp|tsp|slice|bowl|plate|pack,FALSE,Cracker Food Bread and bakery Pastries and baked goods,408,TRUE,
food_bread_and_bakery_breadstick,Breadstick,Food,Bread and bakery,Pastries and baked goods,specific,food_bread_and_bakery_bread_and_bakery,TRUE,,piece,serving|piece|g|kg|oz|cup|tbsp|tsp|slice|bowl|plate|pack,FALSE,Breadstick Food Bread and bakery Pastries and baked goods,409,TRUE,
food_bread_and_bakery_toast,Toast,Food,Bread and bakery,Pastries and baked goods,specific,food_bread_and_bakery_bread_and_bakery,TRUE,,piece,serving|piece|g|kg|oz|cup|tbsp|tsp|slice|bowl|plate|pack,FALSE,Toast Food Bread and bakery Pastries and baked goods,410,TRUE,
food_bread_and_bakery_french_toast,French toast,Food,Bread and bakery,Pastries and baked goods,specific,food_bread_and_bakery_bread_and_bakery,TRUE,,piece,serving|piece|g|kg|oz|cup|tbsp|tsp|slice|bowl|plate|pack,FALSE,French toast Food Bread and bakery Pastries and baked goods,411,TRUE,
food_bread_and_bakery_pancake,Pancake,Food,Bread and bakery,Pastries and baked goods,specific,food_bread_and_bakery_bread_and_bakery,TRUE,,piece,serving|piece|g|kg|oz|cup|tbsp|tsp|slice|bowl|plate|pack,FALSE,Pancake Food Bread and bakery Pastries and baked goods,412,TRUE,
food_bread_and_bakery_waffle,Waffle,Food,Bread and bakery,Pastries and baked goods,specific,food_bread_and_bakery_bread_and_bakery,TRUE,,piece,serving|piece|g|kg|oz|cup|tbsp|tsp|slice|bowl|plate|pack,FALSE,Waffle Food Bread and bakery Pastries and baked goods,413,TRUE,
food_bread_and_bakery_crepe,Crepe,Food,Bread and bakery,Pastries and baked goods,specific,food_bread_and_bakery_bread_and_bakery,TRUE,,piece,serving|piece|g|kg|oz|cup|tbsp|tsp|slice|bowl|plate|pack,FALSE,Crepe Food Bread and bakery Pastries and baked goods,414,TRUE,
food_dairy_and_dairy_alternatives_dairy,Dairy,Food,Dairy and dairy alternatives,General,general,,TRUE,,serving,serving|piece|g|kg|oz|cup|tbsp|tsp|slice|bowl|plate|pack,FALSE,Dairy Food Dairy and dairy alternatives General,415,TRUE,General option remains selectable when the user does not want to choose a specific item.
food_dairy_and_dairy_alternatives_whole_milk,Whole milk,Food,Dairy and dairy alternatives,Milk and cream foods,specific,food_dairy_and_dairy_alternatives_dairy,TRUE,,serving,serving|piece|g|kg|oz|cup|tbsp|tsp|slice|bowl|plate|pack,FALSE,Whole milk Food Dairy and dairy alternatives Milk and cream foods,416,TRUE,
food_dairy_and_dairy_alternatives_low_fat_milk,Low-fat milk,Food,Dairy and dairy alternatives,Milk and cream foods,specific,food_dairy_and_dairy_alternatives_dairy,TRUE,,serving,serving|piece|g|kg|oz|cup|tbsp|tsp|slice|bowl|plate|pack,FALSE,Low-fat milk Food Dairy and dairy alternatives Milk and cream foods,417,TRUE,
food_dairy_and_dairy_alternatives_skim_milk,Skim milk,Food,Dairy and dairy alternatives,Milk and cream foods,specific,food_dairy_and_dairy_alternatives_dairy,TRUE,,serving,serving|piece|g|kg|oz|cup|tbsp|tsp|slice|bowl|plate|pack,FALSE,Skim milk Food Dairy and dairy alternatives Milk and cream foods,418,TRUE,
food_dairy_and_dairy_alternatives_lactose_free_milk,Lactose-free milk,Food,Dairy and dairy alternatives,Milk and cream foods,specific,food_dairy_and_dairy_alternatives_dairy,TRUE,,serving,serving|piece|g|kg|oz|cup|tbsp|tsp|slice|bowl|plate|pack,FALSE,Lactose-free milk Food Dairy and dairy alternatives Milk and cream foods,419,TRUE,
food_dairy_and_dairy_alternatives_evaporated_milk,Evaporated milk,Food,Dairy and dairy alternatives,Milk and cream foods,specific,food_dairy_and_dairy_alternatives_dairy,TRUE,,serving,serving|piece|g|kg|oz|cup|tbsp|tsp|slice|bowl|plate|pack,FALSE,Evaporated milk Food Dairy and dairy alternatives Milk and cream foods,420,TRUE,
food_dairy_and_dairy_alternatives_condensed_milk,Condensed milk,Food,Dairy and dairy alternatives,Milk and cream foods,specific,food_dairy_and_dairy_alternatives_dairy,TRUE,,serving,serving|piece|g|kg|oz|cup|tbsp|tsp|slice|bowl|plate|pack,FALSE,Condensed milk Food Dairy and dairy alternatives Milk and cream foods,421,TRUE,
food_dairy_and_dairy_alternatives_powdered_milk,Powdered milk,Food,Dairy and dairy alternatives,Milk and cream foods,specific,food_dairy_and_dairy_alternatives_dairy,TRUE,,serving,serving|piece|g|kg|oz|cup|tbsp|tsp|slice|bowl|plate|pack,FALSE,Powdered milk Food Dairy and dairy alternatives Milk and cream foods,422,TRUE,
food_dairy_and_dairy_alternatives_cream,Cream,Food,Dairy and dairy alternatives,Milk and cream foods,specific,food_dairy_and_dairy_alternatives_dairy,TRUE,,serving,serving|piece|g|kg|oz|cup|tbsp|tsp|slice|bowl|plate|pack,FALSE,Cream Food Dairy and dairy alternatives Milk and cream foods,423,TRUE,
food_dairy_and_dairy_alternatives_heavy_cream,Heavy cream,Food,Dairy and dairy alternatives,Milk and cream foods,specific,food_dairy_and_dairy_alternatives_dairy,TRUE,,serving,serving|piece|g|kg|oz|cup|tbsp|tsp|slice|bowl|plate|pack,FALSE,Heavy cream Food Dairy and dairy alternatives Milk and cream foods,424,TRUE,
food_dairy_and_dairy_alternatives_whipping_cream,Whipping cream,Food,Dairy and dairy alternatives,Milk and cream foods,specific,food_dairy_and_dairy_alternatives_dairy,TRUE,,serving,serving|piece|g|kg|oz|cup|tbsp|tsp|slice|bowl|plate|pack,FALSE,Whipping cream Food Dairy and dairy alternatives Milk and cream foods,425,TRUE,
food_dairy_and_dairy_alternatives_sour_cream,Sour cream,Food,Dairy and dairy alternatives,Milk and cream foods,specific,food_dairy_and_dairy_alternatives_dairy,TRUE,,serving,serving|piece|g|kg|oz|cup|tbsp|tsp|slice|bowl|plate|pack,FALSE,Sour cream Food Dairy and dairy alternatives Milk and cream foods,426,TRUE,
food_dairy_and_dairy_alternatives_clotted_cream,Clotted cream,Food,Dairy and dairy alternatives,Milk and cream foods,specific,food_dairy_and_dairy_alternatives_dairy,TRUE,,serving,serving|piece|g|kg|oz|cup|tbsp|tsp|slice|bowl|plate|pack,FALSE,Clotted cream Food Dairy and dairy alternatives Milk and cream foods,427,TRUE,
food_dairy_and_dairy_alternatives_creme_fraiche,Creme fraiche,Food,Dairy and dairy alternatives,Milk and cream foods,specific,food_dairy_and_dairy_alternatives_dairy,TRUE,,serving,serving|piece|g|kg|oz|cup|tbsp|tsp|slice|bowl|plate|pack,FALSE,Creme fraiche Food Dairy and dairy alternatives Milk and cream foods,428,TRUE,
food_dairy_and_dairy_alternatives_half_and_half,Half-and-half,Food,Dairy and dairy alternatives,Milk and cream foods,specific,food_dairy_and_dairy_alternatives_dairy,TRUE,,serving,serving|piece|g|kg|oz|cup|tbsp|tsp|slice|bowl|plate|pack,FALSE,Half-and-half Food Dairy and dairy alternatives Milk and cream foods,429,TRUE,
food_dairy_and_dairy_alternatives_yogurt,Yogurt,Food,Dairy and dairy alternatives,Yogurt and cultured dairy,specific,food_dairy_and_dairy_alternatives_dairy,TRUE,,serving,serving|piece|g|kg|oz|cup|tbsp|tsp|slice|bowl|plate|pack,FALSE,Yogurt Food Dairy and dairy alternatives Yogurt and cultured dairy,430,TRUE,
food_dairy_and_dairy_alternatives_greek_yogurt,Greek yogurt,Food,Dairy and dairy alternatives,Yogurt and cultured dairy,specific,food_dairy_and_dairy_alternatives_dairy,TRUE,,serving,serving|piece|g|kg|oz|cup|tbsp|tsp|slice|bowl|plate|pack,FALSE,Greek yogurt Food Dairy and dairy alternatives Yogurt and cultured dairy,431,TRUE,
food_dairy_and_dairy_alternatives_plain_yogurt,Plain yogurt,Food,Dairy and dairy alternatives,Yogurt and cultured dairy,specific,food_dairy_and_dairy_alternatives_dairy,TRUE,,serving,serving|piece|g|kg|oz|cup|tbsp|tsp|slice|bowl|plate|pack,FALSE,Plain yogurt Food Dairy and dairy alternatives Yogurt and cultured dairy,432,TRUE,
food_dairy_and_dairy_alternatives_flavored_yogurt,Flavored yogurt,Food,Dairy and dairy alternatives,Yogurt and cultured dairy,specific,food_dairy_and_dairy_alternatives_dairy,TRUE,,serving,serving|piece|g|kg|oz|cup|tbsp|tsp|slice|bowl|plate|pack,FALSE,Flavored yogurt Food Dairy and dairy alternatives Yogurt and cultured dairy,433,TRUE,
food_dairy_and_dairy_alternatives_fruit_yogurt,Fruit yogurt,Food,Dairy and dairy alternatives,Yogurt and cultured dairy,specific,food_dairy_and_dairy_alternatives_dairy,TRUE,,serving,serving|piece|g|kg|oz|cup|tbsp|tsp|slice|bowl|plate|pack,FALSE,Fruit yogurt Food Dairy and dairy alternatives Yogurt and cultured dairy,434,TRUE,
food_dairy_and_dairy_alternatives_skyr,Skyr,Food,Dairy and dairy alternatives,Yogurt and cultured dairy,specific,food_dairy_and_dairy_alternatives_dairy,TRUE,,serving,serving|piece|g|kg|oz|cup|tbsp|tsp|slice|bowl|plate|pack,FALSE,Skyr Food Dairy and dairy alternatives Yogurt and cultured dairy,435,TRUE,
food_dairy_and_dairy_alternatives_labneh,Labneh,Food,Dairy and dairy alternatives,Yogurt and cultured dairy,specific,food_dairy_and_dairy_alternatives_dairy,TRUE,,serving,serving|piece|g|kg|oz|cup|tbsp|tsp|slice|bowl|plate|pack,FALSE,Labneh Food Dairy and dairy alternatives Yogurt and cultured dairy,436,TRUE,
food_dairy_and_dairy_alternatives_kefir_food,Kefir food,Food,Dairy and dairy alternatives,Yogurt and cultured dairy,specific,food_dairy_and_dairy_alternatives_dairy,TRUE,,serving,serving|piece|g|kg|oz|cup|tbsp|tsp|slice|bowl|plate|pack,FALSE,Kefir food Food Dairy and dairy alternatives Yogurt and cultured dairy,437,TRUE,
food_dairy_and_dairy_alternatives_buttermilk_food,Buttermilk food,Food,Dairy and dairy alternatives,Yogurt and cultured dairy,specific,food_dairy_and_dairy_alternatives_dairy,TRUE,,serving,serving|piece|g|kg|oz|cup|tbsp|tsp|slice|bowl|plate|pack,FALSE,Buttermilk food Food Dairy and dairy alternatives Yogurt and cultured dairy,438,TRUE,
food_dairy_and_dairy_alternatives_cottage_cheese,Cottage cheese,Food,Dairy and dairy alternatives,Yogurt and cultured dairy,specific,food_dairy_and_dairy_alternatives_dairy,TRUE,,serving,serving|piece|g|kg|oz|cup|tbsp|tsp|slice|bowl|plate|pack,FALSE,Cottage cheese Food Dairy and dairy alternatives Yogurt and cultured dairy,439,TRUE,
food_dairy_and_dairy_alternatives_quark,Quark,Food,Dairy and dairy alternatives,Yogurt and cultured dairy,specific,food_dairy_and_dairy_alternatives_dairy,TRUE,,serving,serving|piece|g|kg|oz|cup|tbsp|tsp|slice|bowl|plate|pack,FALSE,Quark Food Dairy and dairy alternatives Yogurt and cultured dairy,440,TRUE,
food_dairy_and_dairy_alternatives_cheese,Cheese,Food,Dairy and dairy alternatives,Cheese,specific,food_dairy_and_dairy_alternatives_dairy,TRUE,,serving,serving|piece|g|kg|oz|cup|tbsp|tsp|slice|bowl|plate|pack,FALSE,Cheese Food Dairy and dairy alternatives Cheese,441,TRUE,
food_dairy_and_dairy_alternatives_cheddar,Cheddar,Food,Dairy and dairy alternatives,Cheese,specific,food_dairy_and_dairy_alternatives_dairy,TRUE,,serving,serving|piece|g|kg|oz|cup|tbsp|tsp|slice|bowl|plate|pack,FALSE,Cheddar Food Dairy and dairy alternatives Cheese,442,TRUE,
food_dairy_and_dairy_alternatives_mozzarella,Mozzarella,Food,Dairy and dairy alternatives,Cheese,specific,food_dairy_and_dairy_alternatives_dairy,TRUE,,serving,serving|piece|g|kg|oz|cup|tbsp|tsp|slice|bowl|plate|pack,FALSE,Mozzarella Food Dairy and dairy alternatives Cheese,443,TRUE,
food_dairy_and_dairy_alternatives_parmesan,Parmesan,Food,Dairy and dairy alternatives,Cheese,specific,food_dairy_and_dairy_alternatives_dairy,TRUE,,serving,serving|piece|g|kg|oz|cup|tbsp|tsp|slice|bowl|plate|pack,FALSE,Parmesan Food Dairy and dairy alternatives Cheese,444,TRUE,
food_dairy_and_dairy_alternatives_feta,Feta,Food,Dairy and dairy alternatives,Cheese,specific,food_dairy_and_dairy_alternatives_dairy,TRUE,,serving,serving|piece|g|kg|oz|cup|tbsp|tsp|slice|bowl|plate|pack,FALSE,Feta Food Dairy and dairy alternatives Cheese,445,TRUE,
food_dairy_and_dairy_alternatives_halloumi,Halloumi,Food,Dairy and dairy alternatives,Cheese,specific,food_dairy_and_dairy_alternatives_dairy,TRUE,,serving,serving|piece|g|kg|oz|cup|tbsp|tsp|slice|bowl|plate|pack,FALSE,Halloumi Food Dairy and dairy alternatives Cheese,446,TRUE,
food_dairy_and_dairy_alternatives_gouda,Gouda,Food,Dairy and dairy alternatives,Cheese,specific,food_dairy_and_dairy_alternatives_dairy,TRUE,,serving,serving|piece|g|kg|oz|cup|tbsp|tsp|slice|bowl|plate|pack,FALSE,Gouda Food Dairy and dairy alternatives Cheese,447,TRUE,
food_dairy_and_dairy_alternatives_edam,Edam,Food,Dairy and dairy alternatives,Cheese,specific,food_dairy_and_dairy_alternatives_dairy,TRUE,,serving,serving|piece|g|kg|oz|cup|tbsp|tsp|slice|bowl|plate|pack,FALSE,Edam Food Dairy and dairy alternatives Cheese,448,TRUE,
food_dairy_and_dairy_alternatives_swiss_cheese,Swiss cheese,Food,Dairy and dairy alternatives,Cheese,specific,food_dairy_and_dairy_alternatives_dairy,TRUE,,serving,serving|piece|g|kg|oz|cup|tbsp|tsp|slice|bowl|plate|pack,FALSE,Swiss cheese Food Dairy and dairy alternatives Cheese,449,TRUE,
food_dairy_and_dairy_alternatives_emmental,Emmental,Food,Dairy and dairy alternatives,Cheese,specific,food_dairy_and_dairy_alternatives_dairy,TRUE,,serving,serving|piece|g|kg|oz|cup|tbsp|tsp|slice|bowl|plate|pack,FALSE,Emmental Food Dairy and dairy alternatives Cheese,450,TRUE,
food_dairy_and_dairy_alternatives_gruyere,Gruyere,Food,Dairy and dairy alternatives,Cheese,specific,food_dairy_and_dairy_alternatives_dairy,TRUE,,serving,serving|piece|g|kg|oz|cup|tbsp|tsp|slice|bowl|plate|pack,FALSE,Gruyere Food Dairy and dairy alternatives Cheese,451,TRUE,
food_dairy_and_dairy_alternatives_brie,Brie,Food,Dairy and dairy alternatives,Cheese,specific,food_dairy_and_dairy_alternatives_dairy,TRUE,,serving,serving|piece|g|kg|oz|cup|tbsp|tsp|slice|bowl|plate|pack,FALSE,Brie Food Dairy and dairy alternatives Cheese,452,TRUE,
food_dairy_and_dairy_alternatives_camembert,Camembert,Food,Dairy and dairy alternatives,Cheese,specific,food_dairy_and_dairy_alternatives_dairy,TRUE,,serving,serving|piece|g|kg|oz|cup|tbsp|tsp|slice|bowl|plate|pack,FALSE,Camembert Food Dairy and dairy alternatives Cheese,453,TRUE,
food_dairy_and_dairy_alternatives_blue_cheese,Blue cheese,Food,Dairy and dairy alternatives,Cheese,specific,food_dairy_and_dairy_alternatives_dairy,TRUE,,serving,serving|piece|g|kg|oz|cup|tbsp|tsp|slice|bowl|plate|pack,FALSE,Blue cheese Food Dairy and dairy alternatives Cheese,454,TRUE,
food_dairy_and_dairy_alternatives_roquefort,Roquefort,Food,Dairy and dairy alternatives,Cheese,specific,food_dairy_and_dairy_alternatives_dairy,TRUE,,serving,serving|piece|g|kg|oz|cup|tbsp|tsp|slice|bowl|plate|pack,FALSE,Roquefort Food Dairy and dairy alternatives Cheese,455,TRUE,
food_dairy_and_dairy_alternatives_gorgonzola,Gorgonzola,Food,Dairy and dairy alternatives,Cheese,specific,food_dairy_and_dairy_alternatives_dairy,TRUE,,serving,serving|piece|g|kg|oz|cup|tbsp|tsp|slice|bowl|plate|pack,FALSE,Gorgonzola Food Dairy and dairy alternatives Cheese,456,TRUE,
food_dairy_and_dairy_alternatives_cream_cheese,Cream cheese,Food,Dairy and dairy alternatives,Cheese,specific,food_dairy_and_dairy_alternatives_dairy,TRUE,,serving,serving|piece|g|kg|oz|cup|tbsp|tsp|slice|bowl|plate|pack,FALSE,Cream cheese Food Dairy and dairy alternatives Cheese,457,TRUE,
food_dairy_and_dairy_alternatives_ricotta,Ricotta,Food,Dairy and dairy alternatives,Cheese,specific,food_dairy_and_dairy_alternatives_dairy,TRUE,,serving,serving|piece|g|kg|oz|cup|tbsp|tsp|slice|bowl|plate|pack,FALSE,Ricotta Food Dairy and dairy alternatives Cheese,458,TRUE,
food_dairy_and_dairy_alternatives_mascarpone,Mascarpone,Food,Dairy and dairy alternatives,Cheese,specific,food_dairy_and_dairy_alternatives_dairy,TRUE,,serving,serving|piece|g|kg|oz|cup|tbsp|tsp|slice|bowl|plate|pack,FALSE,Mascarpone Food Dairy and dairy alternatives Cheese,459,TRUE,
food_dairy_and_dairy_alternatives_provolone,Provolone,Food,Dairy and dairy alternatives,Cheese,specific,food_dairy_and_dairy_alternatives_dairy,TRUE,,serving,serving|piece|g|kg|oz|cup|tbsp|tsp|slice|bowl|plate|pack,FALSE,Provolone Food Dairy and dairy alternatives Cheese,460,TRUE,
food_dairy_and_dairy_alternatives_monterey_jack,Monterey Jack,Food,Dairy and dairy alternatives,Cheese,specific,food_dairy_and_dairy_alternatives_dairy,TRUE,,serving,serving|piece|g|kg|oz|cup|tbsp|tsp|slice|bowl|plate|pack,FALSE,Monterey Jack Food Dairy and dairy alternatives Cheese,461,TRUE,
food_dairy_and_dairy_alternatives_pepper_jack,Pepper Jack,Food,Dairy and dairy alternatives,Cheese,specific,food_dairy_and_dairy_alternatives_dairy,TRUE,,serving,serving|piece|g|kg|oz|cup|tbsp|tsp|slice|bowl|plate|pack,FALSE,Pepper Jack Food Dairy and dairy alternatives Cheese,462,TRUE,
food_dairy_and_dairy_alternatives_paneer,Paneer,Food,Dairy and dairy alternatives,Cheese,specific,food_dairy_and_dairy_alternatives_dairy,TRUE,,serving,serving|piece|g|kg|oz|cup|tbsp|tsp|slice|bowl|plate|pack,FALSE,Paneer Food Dairy and dairy alternatives Cheese,463,TRUE,
food_dairy_and_dairy_alternatives_goat_cheese,Goat cheese,Food,Dairy and dairy alternatives,Cheese,specific,food_dairy_and_dairy_alternatives_dairy,TRUE,,serving,serving|piece|g|kg|oz|cup|tbsp|tsp|slice|bowl|plate|pack,FALSE,Goat cheese Food Dairy and dairy alternatives Cheese,464,TRUE,
food_dairy_and_dairy_alternatives_sheep_cheese,Sheep cheese,Food,Dairy and dairy alternatives,Cheese,specific,food_dairy_and_dairy_alternatives_dairy,TRUE,,serving,serving|piece|g|kg|oz|cup|tbsp|tsp|slice|bowl|plate|pack,FALSE,Sheep cheese Food Dairy and dairy alternatives Cheese,465,TRUE,
food_dairy_and_dairy_alternatives_processed_cheese,Processed cheese,Food,Dairy and dairy alternatives,Cheese,specific,food_dairy_and_dairy_alternatives_dairy,TRUE,,serving,serving|piece|g|kg|oz|cup|tbsp|tsp|slice|bowl|plate|pack,FALSE,Processed cheese Food Dairy and dairy alternatives Cheese,466,TRUE,
food_dairy_and_dairy_alternatives_cheese_spread,Cheese spread,Food,Dairy and dairy alternatives,Cheese,specific,food_dairy_and_dairy_alternatives_dairy,TRUE,,serving,serving|piece|g|kg|oz|cup|tbsp|tsp|slice|bowl|plate|pack,FALSE,Cheese spread Food Dairy and dairy alternatives Cheese,467,TRUE,
food_dairy_and_dairy_alternatives_string_cheese,String cheese,Food,Dairy and dairy alternatives,Cheese,specific,food_dairy_and_dairy_alternatives_dairy,TRUE,,serving,serving|piece|g|kg|oz|cup|tbsp|tsp|slice|bowl|plate|pack,FALSE,String cheese Food Dairy and dairy alternatives Cheese,468,TRUE,
food_dairy_and_dairy_alternatives_butter,Butter,Food,Dairy and dairy alternatives,Butter and dairy fats,specific,food_dairy_and_dairy_alternatives_dairy,TRUE,,serving,serving|piece|g|kg|oz|cup|tbsp|tsp|slice|bowl|plate|pack,FALSE,Butter Food Dairy and dairy alternatives Butter and dairy fats,469,TRUE,
food_dairy_and_dairy_alternatives_salted_butter,Salted butter,Food,Dairy and dairy alternatives,Butter and dairy fats,specific,food_dairy_and_dairy_alternatives_dairy,TRUE,,serving,serving|piece|g|kg|oz|cup|tbsp|tsp|slice|bowl|plate|pack,FALSE,Salted butter Food Dairy and dairy alternatives Butter and dairy fats,470,TRUE,
food_dairy_and_dairy_alternatives_unsalted_butter,Unsalted butter,Food,Dairy and dairy alternatives,Butter and dairy fats,specific,food_dairy_and_dairy_alternatives_dairy,TRUE,,serving,serving|piece|g|kg|oz|cup|tbsp|tsp|slice|bowl|plate|pack,FALSE,Unsalted butter Food Dairy and dairy alternatives Butter and dairy fats,471,TRUE,
food_dairy_and_dairy_alternatives_ghee,Ghee,Food,Dairy and dairy alternatives,Butter and dairy fats,specific,food_dairy_and_dairy_alternatives_dairy,TRUE,,serving,serving|piece|g|kg|oz|cup|tbsp|tsp|slice|bowl|plate|pack,FALSE,Ghee Food Dairy and dairy alternatives Butter and dairy fats,472,TRUE,
food_dairy_and_dairy_alternatives_margarine,Margarine,Food,Dairy and dairy alternatives,Butter and dairy fats,specific,food_dairy_and_dairy_alternatives_dairy,TRUE,,serving,serving|piece|g|kg|oz|cup|tbsp|tsp|slice|bowl|plate|pack,FALSE,Margarine Food Dairy and dairy alternatives Butter and dairy fats,473,TRUE,
food_dairy_and_dairy_alternatives_dairy_spread,Dairy spread,Food,Dairy and dairy alternatives,Butter and dairy fats,specific,food_dairy_and_dairy_alternatives_dairy,TRUE,,serving,serving|piece|g|kg|oz|cup|tbsp|tsp|slice|bowl|plate|pack,FALSE,Dairy spread Food Dairy and dairy alternatives Butter and dairy fats,474,TRUE,
food_dairy_and_dairy_alternatives_plant_based_cheese,Plant-based cheese,Food,Dairy and dairy alternatives,Plant-based alternatives,specific,food_dairy_and_dairy_alternatives_dairy,TRUE,,serving,serving|piece|g|kg|oz|cup|tbsp|tsp|slice|bowl|plate|pack,FALSE,Plant-based cheese Food Dairy and dairy alternatives Plant-based alternatives,475,TRUE,
food_dairy_and_dairy_alternatives_vegan_cheese,Vegan cheese,Food,Dairy and dairy alternatives,Plant-based alternatives,specific,food_dairy_and_dairy_alternatives_dairy,TRUE,,serving,serving|piece|g|kg|oz|cup|tbsp|tsp|slice|bowl|plate|pack,FALSE,Vegan cheese Food Dairy and dairy alternatives Plant-based alternatives,476,TRUE,
food_dairy_and_dairy_alternatives_plant_based_yogurt,Plant-based yogurt,Food,Dairy and dairy alternatives,Plant-based alternatives,specific,food_dairy_and_dairy_alternatives_dairy,TRUE,,serving,serving|piece|g|kg|oz|cup|tbsp|tsp|slice|bowl|plate|pack,FALSE,Plant-based yogurt Food Dairy and dairy alternatives Plant-based alternatives,477,TRUE,
food_dairy_and_dairy_alternatives_coconut_yogurt,Coconut yogurt,Food,Dairy and dairy alternatives,Plant-based alternatives,specific,food_dairy_and_dairy_alternatives_dairy,TRUE,,serving,serving|piece|g|kg|oz|cup|tbsp|tsp|slice|bowl|plate|pack,FALSE,Coconut yogurt Food Dairy and dairy alternatives Plant-based alternatives,478,TRUE,
food_dairy_and_dairy_alternatives_soy_yogurt,Soy yogurt,Food,Dairy and dairy alternatives,Plant-based alternatives,specific,food_dairy_and_dairy_alternatives_dairy,TRUE,,serving,serving|piece|g|kg|oz|cup|tbsp|tsp|slice|bowl|plate|pack,FALSE,Soy yogurt Food Dairy and dairy alternatives Plant-based alternatives,479,TRUE,
food_dairy_and_dairy_alternatives_almond_yogurt,Almond yogurt,Food,Dairy and dairy alternatives,Plant-based alternatives,specific,food_dairy_and_dairy_alternatives_dairy,TRUE,,serving,serving|piece|g|kg|oz|cup|tbsp|tsp|slice|bowl|plate|pack,FALSE,Almond yogurt Food Dairy and dairy alternatives Plant-based alternatives,480,TRUE,
food_dairy_and_dairy_alternatives_oat_yogurt,Oat yogurt,Food,Dairy and dairy alternatives,Plant-based alternatives,specific,food_dairy_and_dairy_alternatives_dairy,TRUE,,serving,serving|piece|g|kg|oz|cup|tbsp|tsp|slice|bowl|plate|pack,FALSE,Oat yogurt Food Dairy and dairy alternatives Plant-based alternatives,481,TRUE,
food_dairy_and_dairy_alternatives_plant_based_cream,Plant-based cream,Food,Dairy and dairy alternatives,Plant-based alternatives,specific,food_dairy_and_dairy_alternatives_dairy,TRUE,,serving,serving|piece|g|kg|oz|cup|tbsp|tsp|slice|bowl|plate|pack,FALSE,Plant-based cream Food Dairy and dairy alternatives Plant-based alternatives,482,TRUE,
food_dairy_and_dairy_alternatives_plant_based_butter,Plant-based butter,Food,Dairy and dairy alternatives,Plant-based alternatives,specific,food_dairy_and_dairy_alternatives_dairy,TRUE,,serving,serving|piece|g|kg|oz|cup|tbsp|tsp|slice|bowl|plate|pack,FALSE,Plant-based butter Food Dairy and dairy alternatives Plant-based alternatives,483,TRUE,
food_eggs_eggs,Eggs,Food,Eggs,General,general,,TRUE,,piece,serving|piece|g|kg|oz|cup|tbsp|tsp|slice|bowl|plate|pack,FALSE,Eggs Food Eggs General,484,TRUE,General option remains selectable when the user does not want to choose a specific item.
food_eggs_chicken_egg,Chicken egg,Food,Eggs,Egg types and preparations,specific,food_eggs_eggs,TRUE,,piece,serving|piece|g|kg|oz|cup|tbsp|tsp|slice|bowl|plate|pack,FALSE,Chicken egg Food Eggs Egg types and preparations,485,TRUE,
food_eggs_duck_egg,Duck egg,Food,Eggs,Egg types and preparations,specific,food_eggs_eggs,TRUE,,piece,serving|piece|g|kg|oz|cup|tbsp|tsp|slice|bowl|plate|pack,FALSE,Duck egg Food Eggs Egg types and preparations,486,TRUE,
food_eggs_quail_egg,Quail egg,Food,Eggs,Egg types and preparations,specific,food_eggs_eggs,TRUE,,piece,serving|piece|g|kg|oz|cup|tbsp|tsp|slice|bowl|plate|pack,FALSE,Quail egg Food Eggs Egg types and preparations,487,TRUE,
food_eggs_goose_egg,Goose egg,Food,Eggs,Egg types and preparations,specific,food_eggs_eggs,TRUE,,piece,serving|piece|g|kg|oz|cup|tbsp|tsp|slice|bowl|plate|pack,FALSE,Goose egg Food Eggs Egg types and preparations,488,TRUE,
food_eggs_boiled_egg,Boiled egg,Food,Eggs,Egg types and preparations,specific,food_eggs_eggs,TRUE,,piece,serving|piece|g|kg|oz|cup|tbsp|tsp|slice|bowl|plate|pack,FALSE,Boiled egg Food Eggs Egg types and preparations,489,TRUE,
food_eggs_fried_egg,Fried egg,Food,Eggs,Egg types and preparations,specific,food_eggs_eggs,TRUE,,piece,serving|piece|g|kg|oz|cup|tbsp|tsp|slice|bowl|plate|pack,FALSE,Fried egg Food Eggs Egg types and preparations,490,TRUE,
food_eggs_scrambled_egg,Scrambled egg,Food,Eggs,Egg types and preparations,specific,food_eggs_eggs,TRUE,,piece,serving|piece|g|kg|oz|cup|tbsp|tsp|slice|bowl|plate|pack,FALSE,Scrambled egg Food Eggs Egg types and preparations,491,TRUE,
food_eggs_poached_egg,Poached egg,Food,Eggs,Egg types and preparations,specific,food_eggs_eggs,TRUE,,piece,serving|piece|g|kg|oz|cup|tbsp|tsp|slice|bowl|plate|pack,FALSE,Poached egg Food Eggs Egg types and preparations,492,TRUE,
food_eggs_omelet,Omelet,Food,Eggs,Egg types and preparations,specific,food_eggs_eggs,TRUE,,piece,serving|piece|g|kg|oz|cup|tbsp|tsp|slice|bowl|plate|pack,FALSE,Omelet Food Eggs Egg types and preparations,493,TRUE,
food_eggs_egg_white,Egg white,Food,Eggs,Egg types and preparations,specific,food_eggs_eggs,TRUE,,piece,serving|piece|g|kg|oz|cup|tbsp|tsp|slice|bowl|plate|pack,FALSE,Egg white Food Eggs Egg types and preparations,494,TRUE,
food_eggs_egg_yolk,Egg yolk,Food,Eggs,Egg types and preparations,specific,food_eggs_eggs,TRUE,,piece,serving|piece|g|kg|oz|cup|tbsp|tsp|slice|bowl|plate|pack,FALSE,Egg yolk Food Eggs Egg types and preparations,495,TRUE,
food_eggs_liquid_egg,Liquid egg,Food,Eggs,Egg types and preparations,specific,food_eggs_eggs,TRUE,,piece,serving|piece|g|kg|oz|cup|tbsp|tsp|slice|bowl|plate|pack,FALSE,Liquid egg Food Eggs Egg types and preparations,496,TRUE,
food_eggs_powdered_egg,Powdered egg,Food,Eggs,Egg types and preparations,specific,food_eggs_eggs,TRUE,,piece,serving|piece|g|kg|oz|cup|tbsp|tsp|slice|bowl|plate|pack,FALSE,Powdered egg Food Eggs Egg types and preparations,497,TRUE,
food_eggs_century_egg,Century egg,Food,Eggs,Egg types and preparations,specific,food_eggs_eggs,TRUE,,piece,serving|piece|g|kg|oz|cup|tbsp|tsp|slice|bowl|plate|pack,FALSE,Century egg Food Eggs Egg types and preparations,498,TRUE,
food_eggs_salted_egg,Salted egg,Food,Eggs,Egg types and preparations,specific,food_eggs_eggs,TRUE,,piece,serving|piece|g|kg|oz|cup|tbsp|tsp|slice|bowl|plate|pack,FALSE,Salted egg Food Eggs Egg types and preparations,499,TRUE,
food_meat_meat,Meat,Food,Meat,General,general,,TRUE,,serving,serving|piece|g|kg|oz|cup|tbsp|tsp|slice|bowl|plate|pack,FALSE,Meat Food Meat General,500,TRUE,General option remains selectable when the user does not want to choose a specific item.
food_meat_beef,Beef,Food,Meat,Beef and veal,specific,food_meat_meat,TRUE,,serving,serving|piece|g|kg|oz|cup|tbsp|tsp|slice|bowl|plate|pack,FALSE,Beef Food Meat Beef and veal,501,TRUE,
food_meat_ground_beef,Ground beef,Food,Meat,Beef and veal,specific,food_meat_meat,TRUE,,serving,serving|piece|g|kg|oz|cup|tbsp|tsp|slice|bowl|plate|pack,FALSE,Ground beef Food Meat Beef and veal,502,TRUE,
food_meat_beef_steak,Beef steak,Food,Meat,Beef and veal,specific,food_meat_meat,TRUE,,serving,serving|piece|g|kg|oz|cup|tbsp|tsp|slice|bowl|plate|pack,FALSE,Beef steak Food Meat Beef and veal,503,TRUE,
food_meat_ribeye_steak,Ribeye steak,Food,Meat,Beef and veal,specific,food_meat_meat,TRUE,,serving,serving|piece|g|kg|oz|cup|tbsp|tsp|slice|bowl|plate|pack,FALSE,Ribeye steak Food Meat Beef and veal,504,TRUE,
food_meat_sirloin_steak,Sirloin steak,Food,Meat,Beef and veal,specific,food_meat_meat,TRUE,,serving,serving|piece|g|kg|oz|cup|tbsp|tsp|slice|bowl|plate|pack,FALSE,Sirloin steak Food Meat Beef and veal,505,TRUE,
food_meat_tenderloin_steak,Tenderloin steak,Food,Meat,Beef and veal,specific,food_meat_meat,TRUE,,serving,serving|piece|g|kg|oz|cup|tbsp|tsp|slice|bowl|plate|pack,FALSE,Tenderloin steak Food Meat Beef and veal,506,TRUE,
food_meat_t_bone_steak,T-bone steak,Food,Meat,Beef and veal,specific,food_meat_meat,TRUE,,serving,serving|piece|g|kg|oz|cup|tbsp|tsp|slice|bowl|plate|pack,FALSE,T-bone steak Food Meat Beef and veal,507,TRUE,
food_meat_flank_steak,Flank steak,Food,Meat,Beef and veal,specific,food_meat_meat,TRUE,,serving,serving|piece|g|kg|oz|cup|tbsp|tsp|slice|bowl|plate|pack,FALSE,Flank steak Food Meat Beef and veal,508,TRUE,
food_meat_beef_brisket,Beef brisket,Food,Meat,Beef and veal,specific,food_meat_meat,TRUE,,serving,serving|piece|g|kg|oz|cup|tbsp|tsp|slice|bowl|plate|pack,FALSE,Beef brisket Food Meat Beef and veal,509,TRUE,
food_meat_beef_ribs,Beef ribs,Food,Meat,Beef and veal,specific,food_meat_meat,TRUE,,serving,serving|piece|g|kg|oz|cup|tbsp|tsp|slice|bowl|plate|pack,FALSE,Beef ribs Food Meat Beef and veal,510,TRUE,
food_meat_beef_burger_patty,Beef burger patty,Food,Meat,Beef and veal,specific,food_meat_meat,TRUE,,serving,serving|piece|g|kg|oz|cup|tbsp|tsp|slice|bowl|plate|pack,FALSE,Beef burger patty Food Meat Beef and veal,511,TRUE,
food_meat_roast_beef,Roast beef,Food,Meat,Beef and veal,specific,food_meat_meat,TRUE,,serving,serving|piece|g|kg|oz|cup|tbsp|tsp|slice|bowl|plate|pack,FALSE,Roast beef Food Meat Beef and veal,512,TRUE,
food_meat_beef_kebab,Beef kebab,Food,Meat,Beef and veal,specific,food_meat_meat,TRUE,,serving,serving|piece|g|kg|oz|cup|tbsp|tsp|slice|bowl|plate|pack,FALSE,Beef kebab Food Meat Beef and veal,513,TRUE,
food_meat_beef_sausage,Beef sausage,Food,Meat,Beef and veal,specific,food_meat_meat,TRUE,,serving,serving|piece|g|kg|oz|cup|tbsp|tsp|slice|bowl|plate|pack,FALSE,Beef sausage Food Meat Beef and veal,514,TRUE,
food_meat_corned_beef,Corned beef,Food,Meat,Beef and veal,specific,food_meat_meat,TRUE,,serving,serving|piece|g|kg|oz|cup|tbsp|tsp|slice|bowl|plate|pack,FALSE,Corned beef Food Meat Beef and veal,515,TRUE,
food_meat_beef_jerky,Beef jerky,Food,Meat,Beef and veal,specific,food_meat_meat,TRUE,,serving,serving|piece|g|kg|oz|cup|tbsp|tsp|slice|bowl|plate|pack,FALSE,Beef jerky Food Meat Beef and veal,516,TRUE,
food_meat_veal,Veal,Food,Meat,Beef and veal,specific,food_meat_meat,TRUE,,serving,serving|piece|g|kg|oz|cup|tbsp|tsp|slice|bowl|plate|pack,FALSE,Veal Food Meat Beef and veal,517,TRUE,
food_meat_veal_cutlet,Veal cutlet,Food,Meat,Beef and veal,specific,food_meat_meat,TRUE,,serving,serving|piece|g|kg|oz|cup|tbsp|tsp|slice|bowl|plate|pack,FALSE,Veal cutlet Food Meat Beef and veal,518,TRUE,
food_meat_veal_chop,Veal chop,Food,Meat,Beef and veal,specific,food_meat_meat,TRUE,,serving,serving|piece|g|kg|oz|cup|tbsp|tsp|slice|bowl|plate|pack,FALSE,Veal chop Food Meat Beef and veal,519,TRUE,
food_meat_beef_liver,Beef liver,Food,Meat,Beef and veal,specific,food_meat_meat,TRUE,,serving,serving|piece|g|kg|oz|cup|tbsp|tsp|slice|bowl|plate|pack,FALSE,Beef liver Food Meat Beef and veal,520,TRUE,
food_meat_beef_kidney,Beef kidney,Food,Meat,Beef and veal,specific,food_meat_meat,TRUE,,serving,serving|piece|g|kg|oz|cup|tbsp|tsp|slice|bowl|plate|pack,FALSE,Beef kidney Food Meat Beef and veal,521,TRUE,
food_meat_beef_tongue,Beef tongue,Food,Meat,Beef and veal,specific,food_meat_meat,TRUE,,serving,serving|piece|g|kg|oz|cup|tbsp|tsp|slice|bowl|plate|pack,FALSE,Beef tongue Food Meat Beef and veal,522,TRUE,
food_meat_beef_heart,Beef heart,Food,Meat,Beef and veal,specific,food_meat_meat,TRUE,,serving,serving|piece|g|kg|oz|cup|tbsp|tsp|slice|bowl|plate|pack,FALSE,Beef heart Food Meat Beef and veal,523,TRUE,
food_meat_beef_tripe,Beef tripe,Food,Meat,Beef and veal,specific,food_meat_meat,TRUE,,serving,serving|piece|g|kg|oz|cup|tbsp|tsp|slice|bowl|plate|pack,FALSE,Beef tripe Food Meat Beef and veal,524,TRUE,
food_meat_oxtail,Oxtail,Food,Meat,Beef and veal,specific,food_meat_meat,TRUE,,serving,serving|piece|g|kg|oz|cup|tbsp|tsp|slice|bowl|plate|pack,FALSE,Oxtail Food Meat Beef and veal,525,TRUE,
food_meat_lamb,Lamb,Food,Meat,"Lamb, mutton and goat",specific,food_meat_meat,TRUE,,serving,serving|piece|g|kg|oz|cup|tbsp|tsp|slice|bowl|plate|pack,FALSE,"Lamb Food Meat Lamb, mutton and goat",526,TRUE,
food_meat_lamb_chop,Lamb chop,Food,Meat,"Lamb, mutton and goat",specific,food_meat_meat,TRUE,,serving,serving|piece|g|kg|oz|cup|tbsp|tsp|slice|bowl|plate|pack,FALSE,"Lamb chop Food Meat Lamb, mutton and goat",527,TRUE,
food_meat_lamb_shank,Lamb shank,Food,Meat,"Lamb, mutton and goat",specific,food_meat_meat,TRUE,,serving,serving|piece|g|kg|oz|cup|tbsp|tsp|slice|bowl|plate|pack,FALSE,"Lamb shank Food Meat Lamb, mutton and goat",528,TRUE,
food_meat_ground_lamb,Ground lamb,Food,Meat,"Lamb, mutton and goat",specific,food_meat_meat,TRUE,,serving,serving|piece|g|kg|oz|cup|tbsp|tsp|slice|bowl|plate|pack,FALSE,"Ground lamb Food Meat Lamb, mutton and goat",529,TRUE,
food_meat_lamb_kebab,Lamb kebab,Food,Meat,"Lamb, mutton and goat",specific,food_meat_meat,TRUE,,serving,serving|piece|g|kg|oz|cup|tbsp|tsp|slice|bowl|plate|pack,FALSE,"Lamb kebab Food Meat Lamb, mutton and goat",530,TRUE,
food_meat_lamb_liver,Lamb liver,Food,Meat,"Lamb, mutton and goat",specific,food_meat_meat,TRUE,,serving,serving|piece|g|kg|oz|cup|tbsp|tsp|slice|bowl|plate|pack,FALSE,"Lamb liver Food Meat Lamb, mutton and goat",531,TRUE,
food_meat_mutton,Mutton,Food,Meat,"Lamb, mutton and goat",specific,food_meat_meat,TRUE,,serving,serving|piece|g|kg|oz|cup|tbsp|tsp|slice|bowl|plate|pack,FALSE,"Mutton Food Meat Lamb, mutton and goat",532,TRUE,
food_meat_mutton_chop,Mutton chop,Food,Meat,"Lamb, mutton and goat",specific,food_meat_meat,TRUE,,serving,serving|piece|g|kg|oz|cup|tbsp|tsp|slice|bowl|plate|pack,FALSE,"Mutton chop Food Meat Lamb, mutton and goat",533,TRUE,
food_meat_ground_mutton,Ground mutton,Food,Meat,"Lamb, mutton and goat",specific,food_meat_meat,TRUE,,serving,serving|piece|g|kg|oz|cup|tbsp|tsp|slice|bowl|plate|pack,FALSE,"Ground mutton Food Meat Lamb, mutton and goat",534,TRUE,
food_meat_goat_meat,Goat meat,Food,Meat,"Lamb, mutton and goat",specific,food_meat_meat,TRUE,,serving,serving|piece|g|kg|oz|cup|tbsp|tsp|slice|bowl|plate|pack,FALSE,"Goat meat Food Meat Lamb, mutton and goat",535,TRUE,
food_meat_goat_stew,Goat stew,Food,Meat,"Lamb, mutton and goat",specific,food_meat_meat,TRUE,,serving,serving|piece|g|kg|oz|cup|tbsp|tsp|slice|bowl|plate|pack,FALSE,"Goat stew Food Meat Lamb, mutton and goat",536,TRUE,
food_meat_goat_liver,Goat liver,Food,Meat,"Lamb, mutton and goat",specific,food_meat_meat,TRUE,,serving,serving|piece|g|kg|oz|cup|tbsp|tsp|slice|bowl|plate|pack,FALSE,"Goat liver Food Meat Lamb, mutton and goat",537,TRUE,
food_meat_pork,Pork,Food,Meat,Pork,specific,food_meat_meat,TRUE,,serving,serving|piece|g|kg|oz|cup|tbsp|tsp|slice|bowl|plate|pack,FALSE,Pork Food Meat Pork,538,TRUE,
food_meat_pork_chop,Pork chop,Food,Meat,Pork,specific,food_meat_meat,TRUE,,serving,serving|piece|g|kg|oz|cup|tbsp|tsp|slice|bowl|plate|pack,FALSE,Pork chop Food Meat Pork,539,TRUE,
food_meat_pork_loin,Pork loin,Food,Meat,Pork,specific,food_meat_meat,TRUE,,serving,serving|piece|g|kg|oz|cup|tbsp|tsp|slice|bowl|plate|pack,FALSE,Pork loin Food Meat Pork,540,TRUE,
food_meat_pork_belly,Pork belly,Food,Meat,Pork,specific,food_meat_meat,TRUE,,serving,serving|piece|g|kg|oz|cup|tbsp|tsp|slice|bowl|plate|pack,FALSE,Pork belly Food Meat Pork,541,TRUE,
food_meat_ground_pork,Ground pork,Food,Meat,Pork,specific,food_meat_meat,TRUE,,serving,serving|piece|g|kg|oz|cup|tbsp|tsp|slice|bowl|plate|pack,FALSE,Ground pork Food Meat Pork,542,TRUE,
food_meat_pulled_pork,Pulled pork,Food,Meat,Pork,specific,food_meat_meat,TRUE,,serving,serving|piece|g|kg|oz|cup|tbsp|tsp|slice|bowl|plate|pack,FALSE,Pulled pork Food Meat Pork,543,TRUE,
food_meat_ham,Ham,Food,Meat,Pork,specific,food_meat_meat,TRUE,,serving,serving|piece|g|kg|oz|cup|tbsp|tsp|slice|bowl|plate|pack,FALSE,Ham Food Meat Pork,544,TRUE,
food_meat_bacon,Bacon,Food,Meat,Pork,specific,food_meat_meat,TRUE,,serving,serving|piece|g|kg|oz|cup|tbsp|tsp|slice|bowl|plate|pack,FALSE,Bacon Food Meat Pork,545,TRUE,
food_meat_pork_sausage,Pork sausage,Food,Meat,Pork,specific,food_meat_meat,TRUE,,serving,serving|piece|g|kg|oz|cup|tbsp|tsp|slice|bowl|plate|pack,FALSE,Pork sausage Food Meat Pork,546,TRUE,
food_meat_salami,Salami,Food,Meat,Pork,specific,food_meat_meat,TRUE,,serving,serving|piece|g|kg|oz|cup|tbsp|tsp|slice|bowl|plate|pack,FALSE,Salami Food Meat Pork,547,TRUE,
food_meat_pepperoni,Pepperoni,Food,Meat,Pork,specific,food_meat_meat,TRUE,,serving,serving|piece|g|kg|oz|cup|tbsp|tsp|slice|bowl|plate|pack,FALSE,Pepperoni Food Meat Pork,548,TRUE,
food_meat_prosciutto,Prosciutto,Food,Meat,Pork,specific,food_meat_meat,TRUE,,serving,serving|piece|g|kg|oz|cup|tbsp|tsp|slice|bowl|plate|pack,FALSE,Prosciutto Food Meat Pork,549,TRUE,
food_meat_pancetta,Pancetta,Food,Meat,Pork,specific,food_meat_meat,TRUE,,serving,serving|piece|g|kg|oz|cup|tbsp|tsp|slice|bowl|plate|pack,FALSE,Pancetta Food Meat Pork,550,TRUE,
food_meat_pork_ribs,Pork ribs,Food,Meat,Pork,specific,food_meat_meat,TRUE,,serving,serving|piece|g|kg|oz|cup|tbsp|tsp|slice|bowl|plate|pack,FALSE,Pork ribs Food Meat Pork,551,TRUE,
food_meat_pork_liver,Pork liver,Food,Meat,Pork,specific,food_meat_meat,TRUE,,serving,serving|piece|g|kg|oz|cup|tbsp|tsp|slice|bowl|plate|pack,FALSE,Pork liver Food Meat Pork,552,TRUE,
food_meat_venison,Venison,Food,Meat,Game and other meat,specific,food_meat_meat,TRUE,,serving,serving|piece|g|kg|oz|cup|tbsp|tsp|slice|bowl|plate|pack,FALSE,Venison Food Meat Game and other meat,553,TRUE,
food_meat_rabbit,Rabbit,Food,Meat,Game and other meat,specific,food_meat_meat,TRUE,,serving,serving|piece|g|kg|oz|cup|tbsp|tsp|slice|bowl|plate|pack,FALSE,Rabbit Food Meat Game and other meat,554,TRUE,
food_meat_hare,Hare,Food,Meat,Game and other meat,specific,food_meat_meat,TRUE,,serving,serving|piece|g|kg|oz|cup|tbsp|tsp|slice|bowl|plate|pack,FALSE,Hare Food Meat Game and other meat,555,TRUE,
food_meat_bison,Bison,Food,Meat,Game and other meat,specific,food_meat_meat,TRUE,,serving,serving|piece|g|kg|oz|cup|tbsp|tsp|slice|bowl|plate|pack,FALSE,Bison Food Meat Game and other meat,556,TRUE,
food_meat_buffalo_meat,Buffalo meat,Food,Meat,Game and other meat,specific,food_meat_meat,TRUE,,serving,serving|piece|g|kg|oz|cup|tbsp|tsp|slice|bowl|plate|pack,FALSE,Buffalo meat Food Meat Game and other meat,557,TRUE,
food_meat_camel_meat,Camel meat,Food,Meat,Game and other meat,specific,food_meat_meat,TRUE,,serving,serving|piece|g|kg|oz|cup|tbsp|tsp|slice|bowl|plate|pack,FALSE,Camel meat Food Meat Game and other meat,558,TRUE,
food_meat_horse_meat,Horse meat,Food,Meat,Game and other meat,specific,food_meat_meat,TRUE,,serving,serving|piece|g|kg|oz|cup|tbsp|tsp|slice|bowl|plate|pack,FALSE,Horse meat Food Meat Game and other meat,559,TRUE,
food_meat_kangaroo_meat,Kangaroo meat,Food,Meat,Game and other meat,specific,food_meat_meat,TRUE,,serving,serving|piece|g|kg|oz|cup|tbsp|tsp|slice|bowl|plate|pack,FALSE,Kangaroo meat Food Meat Game and other meat,560,TRUE,
food_meat_wild_boar,Wild boar,Food,Meat,Game and other meat,specific,food_meat_meat,TRUE,,serving,serving|piece|g|kg|oz|cup|tbsp|tsp|slice|bowl|plate|pack,FALSE,Wild boar Food Meat Game and other meat,561,TRUE,
food_meat_elk,Elk,Food,Meat,Game and other meat,specific,food_meat_meat,TRUE,,serving,serving|piece|g|kg|oz|cup|tbsp|tsp|slice|bowl|plate|pack,FALSE,Elk Food Meat Game and other meat,562,TRUE,
food_meat_moose,Moose,Food,Meat,Game and other meat,specific,food_meat_meat,TRUE,,serving,serving|piece|g|kg|oz|cup|tbsp|tsp|slice|bowl|plate|pack,FALSE,Moose Food Meat Game and other meat,563,TRUE,
food_meat_ostrich_meat,Ostrich meat,Food,Meat,Game and other meat,specific,food_meat_meat,TRUE,,serving,serving|piece|g|kg|oz|cup|tbsp|tsp|slice|bowl|plate|pack,FALSE,Ostrich meat Food Meat Game and other meat,564,TRUE,
food_meat_sausage,Sausage,Food,Meat,Processed meat,specific,food_meat_meat,TRUE,,serving,serving|piece|g|kg|oz|cup|tbsp|tsp|slice|bowl|plate|pack,FALSE,Sausage Food Meat Processed meat,565,TRUE,
food_meat_hot_dog,Hot dog,Food,Meat,Processed meat,specific,food_meat_meat,TRUE,,serving,serving|piece|g|kg|oz|cup|tbsp|tsp|slice|bowl|plate|pack,FALSE,Hot dog Food Meat Processed meat,566,TRUE,
food_meat_frankfurter,Frankfurter,Food,Meat,Processed meat,specific,food_meat_meat,TRUE,,serving,serving|piece|g|kg|oz|cup|tbsp|tsp|slice|bowl|plate|pack,FALSE,Frankfurter Food Meat Processed meat,567,TRUE,
food_meat_mortadella,Mortadella,Food,Meat,Processed meat,specific,food_meat_meat,TRUE,,serving,serving|piece|g|kg|oz|cup|tbsp|tsp|slice|bowl|plate|pack,FALSE,Mortadella Food Meat Processed meat,568,TRUE,
food_meat_bologna,Bologna,Food,Meat,Processed meat,specific,food_meat_meat,TRUE,,serving,serving|piece|g|kg|oz|cup|tbsp|tsp|slice|bowl|plate|pack,FALSE,Bologna Food Meat Processed meat,569,TRUE,
food_meat_deli_meat,Deli meat,Food,Meat,Processed meat,specific,food_meat_meat,TRUE,,serving,serving|piece|g|kg|oz|cup|tbsp|tsp|slice|bowl|plate|pack,FALSE,Deli meat Food Meat Processed meat,570,TRUE,
food_meat_smoked_meat,Smoked meat,Food,Meat,Processed meat,specific,food_meat_meat,TRUE,,serving,serving|piece|g|kg|oz|cup|tbsp|tsp|slice|bowl|plate|pack,FALSE,Smoked meat Food Meat Processed meat,571,TRUE,
food_meat_cured_meat,Cured meat,Food,Meat,Processed meat,specific,food_meat_meat,TRUE,,serving,serving|piece|g|kg|oz|cup|tbsp|tsp|slice|bowl|plate|pack,FALSE,Cured meat Food Meat Processed meat,572,TRUE,
food_meat_meatballs,Meatballs,Food,Meat,Processed meat,specific,food_meat_meat,TRUE,,serving,serving|piece|g|kg|oz|cup|tbsp|tsp|slice|bowl|plate|pack,FALSE,Meatballs Food Meat Processed meat,573,TRUE,
food_meat_meat_loaf,Meat loaf,Food,Meat,Processed meat,specific,food_meat_meat,TRUE,,serving,serving|piece|g|kg|oz|cup|tbsp|tsp|slice|bowl|plate|pack,FALSE,Meat loaf Food Meat Processed meat,574,TRUE,
food_meat_pate,Pate,Food,Meat,Processed meat,specific,food_meat_meat,TRUE,,serving,serving|piece|g|kg|oz|cup|tbsp|tsp|slice|bowl|plate|pack,FALSE,Pate Food Meat Processed meat,575,TRUE,
food_meat_luncheon_meat,Luncheon meat,Food,Meat,Processed meat,specific,food_meat_meat,TRUE,,serving,serving|piece|g|kg|oz|cup|tbsp|tsp|slice|bowl|plate|pack,FALSE,Luncheon meat Food Meat Processed meat,576,TRUE,
food_poultry_poultry,Poultry,Food,Poultry,General,general,,TRUE,,serving,serving|piece|g|kg|oz|cup|tbsp|tsp|slice|bowl|plate|pack,FALSE,Poultry Food Poultry General,577,TRUE,General option remains selectable when the user does not want to choose a specific item.
food_poultry_chicken,Chicken,Food,Poultry,Chicken,specific,food_poultry_poultry,TRUE,,serving,serving|piece|g|kg|oz|cup|tbsp|tsp|slice|bowl|plate|pack,FALSE,Chicken Food Poultry Chicken,578,TRUE,
food_poultry_chicken_breast,Chicken breast,Food,Poultry,Chicken,specific,food_poultry_poultry,TRUE,,serving,serving|piece|g|kg|oz|cup|tbsp|tsp|slice|bowl|plate|pack,FALSE,Chicken breast Food Poultry Chicken,579,TRUE,
food_poultry_chicken_thigh,Chicken thigh,Food,Poultry,Chicken,specific,food_poultry_poultry,TRUE,,serving,serving|piece|g|kg|oz|cup|tbsp|tsp|slice|bowl|plate|pack,FALSE,Chicken thigh Food Poultry Chicken,580,TRUE,
food_poultry_chicken_leg,Chicken leg,Food,Poultry,Chicken,specific,food_poultry_poultry,TRUE,,serving,serving|piece|g|kg|oz|cup|tbsp|tsp|slice|bowl|plate|pack,FALSE,Chicken leg Food Poultry Chicken,581,TRUE,
food_poultry_chicken_wing,Chicken wing,Food,Poultry,Chicken,specific,food_poultry_poultry,TRUE,,serving,serving|piece|g|kg|oz|cup|tbsp|tsp|slice|bowl|plate|pack,FALSE,Chicken wing Food Poultry Chicken,582,TRUE,
food_poultry_chicken_drumstick,Chicken drumstick,Food,Poultry,Chicken,specific,food_poultry_poultry,TRUE,,serving,serving|piece|g|kg|oz|cup|tbsp|tsp|slice|bowl|plate|pack,FALSE,Chicken drumstick Food Poultry Chicken,583,TRUE,
food_poultry_ground_chicken,Ground chicken,Food,Poultry,Chicken,specific,food_poultry_poultry,TRUE,,serving,serving|piece|g|kg|oz|cup|tbsp|tsp|slice|bowl|plate|pack,FALSE,Ground chicken Food Poultry Chicken,584,TRUE,
food_poultry_roast_chicken,Roast chicken,Food,Poultry,Chicken,specific,food_poultry_poultry,TRUE,,serving,serving|piece|g|kg|oz|cup|tbsp|tsp|slice|bowl|plate|pack,FALSE,Roast chicken Food Poultry Chicken,585,TRUE,
food_poultry_grilled_chicken,Grilled chicken,Food,Poultry,Chicken,specific,food_poultry_poultry,TRUE,,serving,serving|piece|g|kg|oz|cup|tbsp|tsp|slice|bowl|plate|pack,FALSE,Grilled chicken Food Poultry Chicken,586,TRUE,
food_poultry_fried_chicken,Fried chicken,Food,Poultry,Chicken,specific,food_poultry_poultry,TRUE,,serving,serving|piece|g|kg|oz|cup|tbsp|tsp|slice|bowl|plate|pack,FALSE,Fried chicken Food Poultry Chicken,587,TRUE,
food_poultry_chicken_nuggets,Chicken nuggets,Food,Poultry,Chicken,specific,food_poultry_poultry,TRUE,,serving,serving|piece|g|kg|oz|cup|tbsp|tsp|slice|bowl|plate|pack,FALSE,Chicken nuggets Food Poultry Chicken,588,TRUE,
food_poultry_chicken_tenders,Chicken tenders,Food,Poultry,Chicken,specific,food_poultry_poultry,TRUE,,serving,serving|piece|g|kg|oz|cup|tbsp|tsp|slice|bowl|plate|pack,FALSE,Chicken tenders Food Poultry Chicken,589,TRUE,
food_poultry_chicken_burger,Chicken burger,Food,Poultry,Chicken,specific,food_poultry_poultry,TRUE,,serving,serving|piece|g|kg|oz|cup|tbsp|tsp|slice|bowl|plate|pack,FALSE,Chicken burger Food Poultry Chicken,590,TRUE,
food_poultry_chicken_sausage,Chicken sausage,Food,Poultry,Chicken,specific,food_poultry_poultry,TRUE,,serving,serving|piece|g|kg|oz|cup|tbsp|tsp|slice|bowl|plate|pack,FALSE,Chicken sausage Food Poultry Chicken,591,TRUE,
food_poultry_chicken_liver,Chicken liver,Food,Poultry,Chicken,specific,food_poultry_poultry,TRUE,,serving,serving|piece|g|kg|oz|cup|tbsp|tsp|slice|bowl|plate|pack,FALSE,Chicken liver Food Poultry Chicken,592,TRUE,
food_poultry_chicken_skin,Chicken skin,Food,Poultry,Chicken,specific,food_poultry_poultry,TRUE,,serving,serving|piece|g|kg|oz|cup|tbsp|tsp|slice|bowl|plate|pack,FALSE,Chicken skin Food Poultry Chicken,593,TRUE,
food_poultry_turkey,Turkey,Food,Poultry,Other poultry,specific,food_poultry_poultry,TRUE,,serving,serving|piece|g|kg|oz|cup|tbsp|tsp|slice|bowl|plate|pack,FALSE,Turkey Food Poultry Other poultry,594,TRUE,
food_poultry_turkey_breast,Turkey breast,Food,Poultry,Other poultry,specific,food_poultry_poultry,TRUE,,serving,serving|piece|g|kg|oz|cup|tbsp|tsp|slice|bowl|plate|pack,FALSE,Turkey breast Food Poultry Other poultry,595,TRUE,
food_poultry_ground_turkey,Ground turkey,Food,Poultry,Other poultry,specific,food_poultry_poultry,TRUE,,serving,serving|piece|g|kg|oz|cup|tbsp|tsp|slice|bowl|plate|pack,FALSE,Ground turkey Food Poultry Other poultry,596,TRUE,
food_poultry_turkey_bacon,Turkey bacon,Food,Poultry,Other poultry,specific,food_poultry_poultry,TRUE,,serving,serving|piece|g|kg|oz|cup|tbsp|tsp|slice|bowl|plate|pack,FALSE,Turkey bacon Food Poultry Other poultry,597,TRUE,
food_poultry_turkey_sausage,Turkey sausage,Food,Poultry,Other poultry,specific,food_poultry_poultry,TRUE,,serving,serving|piece|g|kg|oz|cup|tbsp|tsp|slice|bowl|plate|pack,FALSE,Turkey sausage Food Poultry Other poultry,598,TRUE,
food_poultry_duck,Duck,Food,Poultry,Other poultry,specific,food_poultry_poultry,TRUE,,serving,serving|piece|g|kg|oz|cup|tbsp|tsp|slice|bowl|plate|pack,FALSE,Duck Food Poultry Other poultry,599,TRUE,
food_poultry_duck_breast,Duck breast,Food,Poultry,Other poultry,specific,food_poultry_poultry,TRUE,,serving,serving|piece|g|kg|oz|cup|tbsp|tsp|slice|bowl|plate|pack,FALSE,Duck breast Food Poultry Other poultry,600,TRUE,
food_poultry_roast_duck,Roast duck,Food,Poultry,Other poultry,specific,food_poultry_poultry,TRUE,,serving,serving|piece|g|kg|oz|cup|tbsp|tsp|slice|bowl|plate|pack,FALSE,Roast duck Food Poultry Other poultry,601,TRUE,
food_poultry_goose,Goose,Food,Poultry,Other poultry,specific,food_poultry_poultry,TRUE,,serving,serving|piece|g|kg|oz|cup|tbsp|tsp|slice|bowl|plate|pack,FALSE,Goose Food Poultry Other poultry,602,TRUE,
food_poultry_quail,Quail,Food,Poultry,Other poultry,specific,food_poultry_poultry,TRUE,,serving,serving|piece|g|kg|oz|cup|tbsp|tsp|slice|bowl|plate|pack,FALSE,Quail Food Poultry Other poultry,603,TRUE,
food_poultry_pigeon,Pigeon,Food,Poultry,Other poultry,specific,food_poultry_poultry,TRUE,,serving,serving|piece|g|kg|oz|cup|tbsp|tsp|slice|bowl|plate|pack,FALSE,Pigeon Food Poultry Other poultry,604,TRUE,
food_poultry_guinea_fowl,Guinea fowl,Food,Poultry,Other poultry,specific,food_poultry_poultry,TRUE,,serving,serving|piece|g|kg|oz|cup|tbsp|tsp|slice|bowl|plate|pack,FALSE,Guinea fowl Food Poultry Other poultry,605,TRUE,
food_seafood_seafood,Seafood,Food,Seafood,General,general,,TRUE,,serving,serving|piece|g|kg|oz|cup|tbsp|tsp|slice|bowl|plate|pack,FALSE,Seafood Food Seafood General,606,TRUE,General option remains selectable when the user does not want to choose a specific item.
food_seafood_fish,Fish,Food,Seafood,Fish,specific,food_seafood_seafood,TRUE,,serving,serving|piece|g|kg|oz|cup|tbsp|tsp|slice|bowl|plate|pack,FALSE,Fish Food Seafood Fish,607,TRUE,
food_seafood_tuna,Tuna,Food,Seafood,Fish,specific,food_seafood_seafood,TRUE,,serving,serving|piece|g|kg|oz|cup|tbsp|tsp|slice|bowl|plate|pack,FALSE,Tuna Food Seafood Fish,608,TRUE,
food_seafood_salmon,Salmon,Food,Seafood,Fish,specific,food_seafood_seafood,TRUE,,serving,serving|piece|g|kg|oz|cup|tbsp|tsp|slice|bowl|plate|pack,FALSE,Salmon Food Seafood Fish,609,TRUE,
food_seafood_sardines,Sardines,Food,Seafood,Fish,specific,food_seafood_seafood,TRUE,,serving,serving|piece|g|kg|oz|cup|tbsp|tsp|slice|bowl|plate|pack,FALSE,Sardines Food Seafood Fish,610,TRUE,
food_seafood_mackerel,Mackerel,Food,Seafood,Fish,specific,food_seafood_seafood,TRUE,,serving,serving|piece|g|kg|oz|cup|tbsp|tsp|slice|bowl|plate|pack,FALSE,Mackerel Food Seafood Fish,611,TRUE,
food_seafood_herring,Herring,Food,Seafood,Fish,specific,food_seafood_seafood,TRUE,,serving,serving|piece|g|kg|oz|cup|tbsp|tsp|slice|bowl|plate|pack,FALSE,Herring Food Seafood Fish,612,TRUE,
food_seafood_anchovies,Anchovies,Food,Seafood,Fish,specific,food_seafood_seafood,TRUE,,serving,serving|piece|g|kg|oz|cup|tbsp|tsp|slice|bowl|plate|pack,FALSE,Anchovies Food Seafood Fish,613,TRUE,
food_seafood_cod,Cod,Food,Seafood,Fish,specific,food_seafood_seafood,TRUE,,serving,serving|piece|g|kg|oz|cup|tbsp|tsp|slice|bowl|plate|pack,FALSE,Cod Food Seafood Fish,614,TRUE,
food_seafood_haddock,Haddock,Food,Seafood,Fish,specific,food_seafood_seafood,TRUE,,serving,serving|piece|g|kg|oz|cup|tbsp|tsp|slice|bowl|plate|pack,FALSE,Haddock Food Seafood Fish,615,TRUE,
food_seafood_pollock,Pollock,Food,Seafood,Fish,specific,food_seafood_seafood,TRUE,,serving,serving|piece|g|kg|oz|cup|tbsp|tsp|slice|bowl|plate|pack,FALSE,Pollock Food Seafood Fish,616,TRUE,
food_seafood_tilapia,Tilapia,Food,Seafood,Fish,specific,food_seafood_seafood,TRUE,,serving,serving|piece|g|kg|oz|cup|tbsp|tsp|slice|bowl|plate|pack,FALSE,Tilapia Food Seafood Fish,617,TRUE,
food_seafood_sea_bass,Sea bass,Food,Seafood,Fish,specific,food_seafood_seafood,TRUE,,serving,serving|piece|g|kg|oz|cup|tbsp|tsp|slice|bowl|plate|pack,FALSE,Sea bass Food Seafood Fish,618,TRUE,
food_seafood_sea_bream,Sea bream,Food,Seafood,Fish,specific,food_seafood_seafood,TRUE,,serving,serving|piece|g|kg|oz|cup|tbsp|tsp|slice|bowl|plate|pack,FALSE,Sea bream Food Seafood Fish,619,TRUE,
food_seafood_trout,Trout,Food,Seafood,Fish,specific,food_seafood_seafood,TRUE,,serving,serving|piece|g|kg|oz|cup|tbsp|tsp|slice|bowl|plate|pack,FALSE,Trout Food Seafood Fish,620,TRUE,
food_seafood_snapper,Snapper,Food,Seafood,Fish,specific,food_seafood_seafood,TRUE,,serving,serving|piece|g|kg|oz|cup|tbsp|tsp|slice|bowl|plate|pack,FALSE,Snapper Food Seafood Fish,621,TRUE,
food_seafood_grouper,Grouper,Food,Seafood,Fish,specific,food_seafood_seafood,TRUE,,serving,serving|piece|g|kg|oz|cup|tbsp|tsp|slice|bowl|plate|pack,FALSE,Grouper Food Seafood Fish,622,TRUE,
food_seafood_halibut,Halibut,Food,Seafood,Fish,specific,food_seafood_seafood,TRUE,,serving,serving|piece|g|kg|oz|cup|tbsp|tsp|slice|bowl|plate|pack,FALSE,Halibut Food Seafood Fish,623,TRUE,
food_seafood_sole,Sole,Food,Seafood,Fish,specific,food_seafood_seafood,TRUE,,serving,serving|piece|g|kg|oz|cup|tbsp|tsp|slice|bowl|plate|pack,FALSE,Sole Food Seafood Fish,624,TRUE,
food_seafood_flounder,Flounder,Food,Seafood,Fish,specific,food_seafood_seafood,TRUE,,serving,serving|piece|g|kg|oz|cup|tbsp|tsp|slice|bowl|plate|pack,FALSE,Flounder Food Seafood Fish,625,TRUE,
food_seafood_swordfish,Swordfish,Food,Seafood,Fish,specific,food_seafood_seafood,TRUE,,serving,serving|piece|g|kg|oz|cup|tbsp|tsp|slice|bowl|plate|pack,FALSE,Swordfish Food Seafood Fish,626,TRUE,
food_seafood_marlin,Marlin,Food,Seafood,Fish,specific,food_seafood_seafood,TRUE,,serving,serving|piece|g|kg|oz|cup|tbsp|tsp|slice|bowl|plate|pack,FALSE,Marlin Food Seafood Fish,627,TRUE,
food_seafood_mahi_mahi,Mahi-mahi,Food,Seafood,Fish,specific,food_seafood_seafood,TRUE,,serving,serving|piece|g|kg|oz|cup|tbsp|tsp|slice|bowl|plate|pack,FALSE,Mahi-mahi Food Seafood Fish,628,TRUE,
food_seafood_barramundi,Barramundi,Food,Seafood,Fish,specific,food_seafood_seafood,TRUE,,serving,serving|piece|g|kg|oz|cup|tbsp|tsp|slice|bowl|plate|pack,FALSE,Barramundi Food Seafood Fish,629,TRUE,
food_seafood_catfish,Catfish,Food,Seafood,Fish,specific,food_seafood_seafood,TRUE,,serving,serving|piece|g|kg|oz|cup|tbsp|tsp|slice|bowl|plate|pack,FALSE,Catfish Food Seafood Fish,630,TRUE,
food_seafood_carp,Carp,Food,Seafood,Fish,specific,food_seafood_seafood,TRUE,,serving,serving|piece|g|kg|oz|cup|tbsp|tsp|slice|bowl|plate|pack,FALSE,Carp Food Seafood Fish,631,TRUE,
food_seafood_eel,Eel,Food,Seafood,Fish,specific,food_seafood_seafood,TRUE,,serving,serving|piece|g|kg|oz|cup|tbsp|tsp|slice|bowl|plate|pack,FALSE,Eel Food Seafood Fish,632,TRUE,
food_seafood_monkfish,Monkfish,Food,Seafood,Fish,specific,food_seafood_seafood,TRUE,,serving,serving|piece|g|kg|oz|cup|tbsp|tsp|slice|bowl|plate|pack,FALSE,Monkfish Food Seafood Fish,633,TRUE,
food_seafood_mullet,Mullet,Food,Seafood,Fish,specific,food_seafood_seafood,TRUE,,serving,serving|piece|g|kg|oz|cup|tbsp|tsp|slice|bowl|plate|pack,FALSE,Mullet Food Seafood Fish,634,TRUE,
food_seafood_perch,Perch,Food,Seafood,Fish,specific,food_seafood_seafood,TRUE,,serving,serving|piece|g|kg|oz|cup|tbsp|tsp|slice|bowl|plate|pack,FALSE,Perch Food Seafood Fish,635,TRUE,
food_seafood_pike,Pike,Food,Seafood,Fish,specific,food_seafood_seafood,TRUE,,serving,serving|piece|g|kg|oz|cup|tbsp|tsp|slice|bowl|plate|pack,FALSE,Pike Food Seafood Fish,636,TRUE,
food_seafood_sturgeon,Sturgeon,Food,Seafood,Fish,specific,food_seafood_seafood,TRUE,,serving,serving|piece|g|kg|oz|cup|tbsp|tsp|slice|bowl|plate|pack,FALSE,Sturgeon Food Seafood Fish,637,TRUE,
food_seafood_milkfish,Milkfish,Food,Seafood,Fish,specific,food_seafood_seafood,TRUE,,serving,serving|piece|g|kg|oz|cup|tbsp|tsp|slice|bowl|plate|pack,FALSE,Milkfish Food Seafood Fish,638,TRUE,
food_seafood_pomfret,Pomfret,Food,Seafood,Fish,specific,food_seafood_seafood,TRUE,,serving,serving|piece|g|kg|oz|cup|tbsp|tsp|slice|bowl|plate|pack,FALSE,Pomfret Food Seafood Fish,639,TRUE,
food_seafood_kingfish,Kingfish,Food,Seafood,Fish,specific,food_seafood_seafood,TRUE,,serving,serving|piece|g|kg|oz|cup|tbsp|tsp|slice|bowl|plate|pack,FALSE,Kingfish Food Seafood Fish,640,TRUE,
food_seafood_bonito,Bonito,Food,Seafood,Fish,specific,food_seafood_seafood,TRUE,,serving,serving|piece|g|kg|oz|cup|tbsp|tsp|slice|bowl|plate|pack,FALSE,Bonito Food Seafood Fish,641,TRUE,
food_seafood_arctic_char,Arctic char,Food,Seafood,Fish,specific,food_seafood_seafood,TRUE,,serving,serving|piece|g|kg|oz|cup|tbsp|tsp|slice|bowl|plate|pack,FALSE,Arctic char Food Seafood Fish,642,TRUE,
food_seafood_smoked_salmon,Smoked salmon,Food,Seafood,Fish,specific,food_seafood_seafood,TRUE,,serving,serving|piece|g|kg|oz|cup|tbsp|tsp|slice|bowl|plate|pack,FALSE,Smoked salmon Food Seafood Fish,643,TRUE,
food_seafood_canned_tuna,Canned tuna,Food,Seafood,Fish,specific,food_seafood_seafood,TRUE,,serving,serving|piece|g|kg|oz|cup|tbsp|tsp|slice|bowl|plate|pack,FALSE,Canned tuna Food Seafood Fish,644,TRUE,
food_seafood_canned_sardines,Canned sardines,Food,Seafood,Fish,specific,food_seafood_seafood,TRUE,,serving,serving|piece|g|kg|oz|cup|tbsp|tsp|slice|bowl|plate|pack,FALSE,Canned sardines Food Seafood Fish,645,TRUE,
food_seafood_fish_fingers,Fish fingers,Food,Seafood,Fish,specific,food_seafood_seafood,TRUE,,serving,serving|piece|g|kg|oz|cup|tbsp|tsp|slice|bowl|plate|pack,FALSE,Fish fingers Food Seafood Fish,646,TRUE,
food_seafood_fish_cake,Fish cake,Food,Seafood,Fish,specific,food_seafood_seafood,TRUE,,serving,serving|piece|g|kg|oz|cup|tbsp|tsp|slice|bowl|plate|pack,FALSE,Fish cake Food Seafood Fish,647,TRUE,
food_seafood_fish_roe,Fish roe,Food,Seafood,Fish,specific,food_seafood_seafood,TRUE,,serving,serving|piece|g|kg|oz|cup|tbsp|tsp|slice|bowl|plate|pack,FALSE,Fish roe Food Seafood Fish,648,TRUE,
food_seafood_caviar,Caviar,Food,Seafood,Fish,specific,food_seafood_seafood,TRUE,,serving,serving|piece|g|kg|oz|cup|tbsp|tsp|slice|bowl|plate|pack,FALSE,Caviar Food Seafood Fish,649,TRUE,
food_seafood_shrimp,Shrimp,Food,Seafood,Crustaceans,specific,food_seafood_seafood,TRUE,,serving,serving|piece|g|kg|oz|cup|tbsp|tsp|slice|bowl|plate|pack,FALSE,Shrimp Food Seafood Crustaceans,650,TRUE,
food_seafood_prawn,Prawn,Food,Seafood,Crustaceans,specific,food_seafood_seafood,TRUE,,serving,serving|piece|g|kg|oz|cup|tbsp|tsp|slice|bowl|plate|pack,FALSE,Prawn Food Seafood Crustaceans,651,TRUE,
food_seafood_crab,Crab,Food,Seafood,Crustaceans,specific,food_seafood_seafood,TRUE,,serving,serving|piece|g|kg|oz|cup|tbsp|tsp|slice|bowl|plate|pack,FALSE,Crab Food Seafood Crustaceans,652,TRUE,
food_seafood_lobster,Lobster,Food,Seafood,Crustaceans,specific,food_seafood_seafood,TRUE,,serving,serving|piece|g|kg|oz|cup|tbsp|tsp|slice|bowl|plate|pack,FALSE,Lobster Food Seafood Crustaceans,653,TRUE,
food_seafood_crayfish,Crayfish,Food,Seafood,Crustaceans,specific,food_seafood_seafood,TRUE,,serving,serving|piece|g|kg|oz|cup|tbsp|tsp|slice|bowl|plate|pack,FALSE,Crayfish Food Seafood Crustaceans,654,TRUE,
food_seafood_langoustine,Langoustine,Food,Seafood,Crustaceans,specific,food_seafood_seafood,TRUE,,serving,serving|piece|g|kg|oz|cup|tbsp|tsp|slice|bowl|plate|pack,FALSE,Langoustine Food Seafood Crustaceans,655,TRUE,
food_seafood_krill,Krill,Food,Seafood,Crustaceans,specific,food_seafood_seafood,TRUE,,serving,serving|piece|g|kg|oz|cup|tbsp|tsp|slice|bowl|plate|pack,FALSE,Krill Food Seafood Crustaceans,656,TRUE,
food_seafood_shellfish,Shellfish,Food,Seafood,Mollusks and shellfish,specific,food_seafood_seafood,TRUE,,serving,serving|piece|g|kg|oz|cup|tbsp|tsp|slice|bowl|plate|pack,FALSE,Shellfish Food Seafood Mollusks and shellfish,657,TRUE,
food_seafood_oyster,Oyster,Food,Seafood,Mollusks and shellfish,specific,food_seafood_seafood,TRUE,,serving,serving|piece|g|kg|oz|cup|tbsp|tsp|slice|bowl|plate|pack,FALSE,Oyster Food Seafood Mollusks and shellfish,658,TRUE,
food_seafood_mussel,Mussel,Food,Seafood,Mollusks and shellfish,specific,food_seafood_seafood,TRUE,,serving,serving|piece|g|kg|oz|cup|tbsp|tsp|slice|bowl|plate|pack,FALSE,Mussel Food Seafood Mollusks and shellfish,659,TRUE,
food_seafood_clam,Clam,Food,Seafood,Mollusks and shellfish,specific,food_seafood_seafood,TRUE,,serving,serving|piece|g|kg|oz|cup|tbsp|tsp|slice|bowl|plate|pack,FALSE,Clam Food Seafood Mollusks and shellfish,660,TRUE,
food_seafood_scallop,Scallop,Food,Seafood,Mollusks and shellfish,specific,food_seafood_seafood,TRUE,,serving,serving|piece|g|kg|oz|cup|tbsp|tsp|slice|bowl|plate|pack,FALSE,Scallop Food Seafood Mollusks and shellfish,661,TRUE,
food_seafood_cockle,Cockle,Food,Seafood,Mollusks and shellfish,specific,food_seafood_seafood,TRUE,,serving,serving|piece|g|kg|oz|cup|tbsp|tsp|slice|bowl|plate|pack,FALSE,Cockle Food Seafood Mollusks and shellfish,662,TRUE,
food_seafood_abalone,Abalone,Food,Seafood,Mollusks and shellfish,specific,food_seafood_seafood,TRUE,,serving,serving|piece|g|kg|oz|cup|tbsp|tsp|slice|bowl|plate|pack,FALSE,Abalone Food Seafood Mollusks and shellfish,663,TRUE,
food_seafood_conch,Conch,Food,Seafood,Mollusks and shellfish,specific,food_seafood_seafood,TRUE,,serving,serving|piece|g|kg|oz|cup|tbsp|tsp|slice|bowl|plate|pack,FALSE,Conch Food Seafood Mollusks and shellfish,664,TRUE,
food_seafood_octopus,Octopus,Food,Seafood,Mollusks and shellfish,specific,food_seafood_seafood,TRUE,,serving,serving|piece|g|kg|oz|cup|tbsp|tsp|slice|bowl|plate|pack,FALSE,Octopus Food Seafood Mollusks and shellfish,665,TRUE,
food_seafood_squid,Squid,Food,Seafood,Mollusks and shellfish,specific,food_seafood_seafood,TRUE,,serving,serving|piece|g|kg|oz|cup|tbsp|tsp|slice|bowl|plate|pack,FALSE,Squid Food Seafood Mollusks and shellfish,666,TRUE,
food_seafood_calamari,Calamari,Food,Seafood,Mollusks and shellfish,specific,food_seafood_seafood,TRUE,,serving,serving|piece|g|kg|oz|cup|tbsp|tsp|slice|bowl|plate|pack,FALSE,Calamari Food Seafood Mollusks and shellfish,667,TRUE,
food_seafood_cuttlefish,Cuttlefish,Food,Seafood,Mollusks and shellfish,specific,food_seafood_seafood,TRUE,,serving,serving|piece|g|kg|oz|cup|tbsp|tsp|slice|bowl|plate|pack,FALSE,Cuttlefish Food Seafood Mollusks and shellfish,668,TRUE,
food_seafood_sea_snail,Sea snail,Food,Seafood,Mollusks and shellfish,specific,food_seafood_seafood,TRUE,,serving,serving|piece|g|kg|oz|cup|tbsp|tsp|slice|bowl|plate|pack,FALSE,Sea snail Food Seafood Mollusks and shellfish,669,TRUE,
food_seafood_sea_urchin,Sea urchin,Food,Seafood,Other seafood,specific,food_seafood_seafood,TRUE,,serving,serving|piece|g|kg|oz|cup|tbsp|tsp|slice|bowl|plate|pack,FALSE,Sea urchin Food Seafood Other seafood,670,TRUE,
food_seafood_sea_cucumber,Sea cucumber,Food,Seafood,Other seafood,specific,food_seafood_seafood,TRUE,,serving,serving|piece|g|kg|oz|cup|tbsp|tsp|slice|bowl|plate|pack,FALSE,Sea cucumber Food Seafood Other seafood,671,TRUE,
food_seafood_jellyfish_food,Jellyfish food,Food,Seafood,Other seafood,specific,food_seafood_seafood,TRUE,,serving,serving|piece|g|kg|oz|cup|tbsp|tsp|slice|bowl|plate|pack,FALSE,Jellyfish food Food Seafood Other seafood,672,TRUE,
food_seafood_imitation_crab,Imitation crab,Food,Seafood,Other seafood,specific,food_seafood_seafood,TRUE,,serving,serving|piece|g|kg|oz|cup|tbsp|tsp|slice|bowl|plate|pack,FALSE,Imitation crab Food Seafood Other seafood,673,TRUE,
food_seafood_seafood_mix,Seafood mix,Food,Seafood,Other seafood,specific,food_seafood_seafood,TRUE,,serving,serving|piece|g|kg|oz|cup|tbsp|tsp|slice|bowl|plate|pack,FALSE,Seafood mix Food Seafood Other seafood,674,TRUE,
food_seafood_seafood_soup,Seafood soup,Food,Seafood,Other seafood,specific,food_seafood_seafood,TRUE,,serving,serving|piece|g|kg|oz|cup|tbsp|tsp|slice|bowl|plate|pack,FALSE,Seafood soup Food Seafood Other seafood,675,TRUE,
food_seafood_seafood_platter,Seafood platter,Food,Seafood,Other seafood,specific,food_seafood_seafood,TRUE,,serving,serving|piece|g|kg|oz|cup|tbsp|tsp|slice|bowl|plate|pack,FALSE,Seafood platter Food Seafood Other seafood,676,TRUE,
food_seafood_dried_fish,Dried fish,Food,Seafood,Other seafood,specific,food_seafood_seafood,TRUE,,serving,serving|piece|g|kg|oz|cup|tbsp|tsp|slice|bowl|plate|pack,FALSE,Dried fish Food Seafood Other seafood,677,TRUE,
food_seafood_salted_fish,Salted fish,Food,Seafood,Other seafood,specific,food_seafood_seafood,TRUE,,serving,serving|piece|g|kg|oz|cup|tbsp|tsp|slice|bowl|plate|pack,FALSE,Salted fish Food Seafood Other seafood,678,TRUE,
food_seafood_fermented_fish,Fermented fish,Food,Seafood,Other seafood,specific,food_seafood_seafood,TRUE,,serving,serving|piece|g|kg|oz|cup|tbsp|tsp|slice|bowl|plate|pack,FALSE,Fermented fish Food Seafood Other seafood,679,TRUE,
food_legumes_and_pulses_legumes_and_pulses,Legumes and pulses,Food,Legumes and pulses,General,general,,TRUE,,serving,serving|piece|g|kg|oz|cup|tbsp|tsp|slice|bowl|plate|pack,FALSE,Legumes and pulses Food Legumes and pulses General,680,TRUE,General option remains selectable when the user does not want to choose a specific item.
food_legumes_and_pulses_beans,Beans,Food,Legumes and pulses,Beans,specific,food_legumes_and_pulses_legumes_and_pulses,TRUE,,serving,serving|piece|g|kg|oz|cup|tbsp|tsp|slice|bowl|plate|pack,FALSE,Beans Food Legumes and pulses Beans,681,TRUE,
food_legumes_and_pulses_black_beans,Black beans,Food,Legumes and pulses,Beans,specific,food_legumes_and_pulses_legumes_and_pulses,TRUE,,serving,serving|piece|g|kg|oz|cup|tbsp|tsp|slice|bowl|plate|pack,FALSE,Black beans Food Legumes and pulses Beans,682,TRUE,
food_legumes_and_pulses_kidney_beans,Kidney beans,Food,Legumes and pulses,Beans,specific,food_legumes_and_pulses_legumes_and_pulses,TRUE,,serving,serving|piece|g|kg|oz|cup|tbsp|tsp|slice|bowl|plate|pack,FALSE,Kidney beans Food Legumes and pulses Beans,683,TRUE,
food_legumes_and_pulses_white_beans,White beans,Food,Legumes and pulses,Beans,specific,food_legumes_and_pulses_legumes_and_pulses,TRUE,,serving,serving|piece|g|kg|oz|cup|tbsp|tsp|slice|bowl|plate|pack,FALSE,White beans Food Legumes and pulses Beans,684,TRUE,
food_legumes_and_pulses_navy_beans,Navy beans,Food,Legumes and pulses,Beans,specific,food_legumes_and_pulses_legumes_and_pulses,TRUE,,serving,serving|piece|g|kg|oz|cup|tbsp|tsp|slice|bowl|plate|pack,FALSE,Navy beans Food Legumes and pulses Beans,685,TRUE,
food_legumes_and_pulses_cannellini_beans,Cannellini beans,Food,Legumes and pulses,Beans,specific,food_legumes_and_pulses_legumes_and_pulses,TRUE,,serving,serving|piece|g|kg|oz|cup|tbsp|tsp|slice|bowl|plate|pack,FALSE,Cannellini beans Food Legumes and pulses Beans,686,TRUE,
food_legumes_and_pulses_pinto_beans,Pinto beans,Food,Legumes and pulses,Beans,specific,food_legumes_and_pulses_legumes_and_pulses,TRUE,,serving,serving|piece|g|kg|oz|cup|tbsp|tsp|slice|bowl|plate|pack,FALSE,Pinto beans Food Legumes and pulses Beans,687,TRUE,
food_legumes_and_pulses_lima_beans,Lima beans,Food,Legumes and pulses,Beans,specific,food_legumes_and_pulses_legumes_and_pulses,TRUE,,serving,serving|piece|g|kg|oz|cup|tbsp|tsp|slice|bowl|plate|pack,FALSE,Lima beans Food Legumes and pulses Beans,688,TRUE,
food_legumes_and_pulses_butter_beans,Butter beans,Food,Legumes and pulses,Beans,specific,food_legumes_and_pulses_legumes_and_pulses,TRUE,,serving,serving|piece|g|kg|oz|cup|tbsp|tsp|slice|bowl|plate|pack,FALSE,Butter beans Food Legumes and pulses Beans,689,TRUE,
food_legumes_and_pulses_mung_beans,Mung beans,Food,Legumes and pulses,Beans,specific,food_legumes_and_pulses_legumes_and_pulses,TRUE,,serving,serving|piece|g|kg|oz|cup|tbsp|tsp|slice|bowl|plate|pack,FALSE,Mung beans Food Legumes and pulses Beans,690,TRUE,
food_legumes_and_pulses_adzuki_beans,Adzuki beans,Food,Legumes and pulses,Beans,specific,food_legumes_and_pulses_legumes_and_pulses,TRUE,,serving,serving|piece|g|kg|oz|cup|tbsp|tsp|slice|bowl|plate|pack,FALSE,Adzuki beans Food Legumes and pulses Beans,691,TRUE,
food_legumes_and_pulses_fava_beans,Fava beans,Food,Legumes and pulses,Beans,specific,food_legumes_and_pulses_legumes_and_pulses,TRUE,,serving,serving|piece|g|kg|oz|cup|tbsp|tsp|slice|bowl|plate|pack,FALSE,Fava beans Food Legumes and pulses Beans,692,TRUE,
food_legumes_and_pulses_soybeans,Soybeans,Food,Legumes and pulses,Beans,specific,food_legumes_and_pulses_legumes_and_pulses,TRUE,,serving,serving|piece|g|kg|oz|cup|tbsp|tsp|slice|bowl|plate|pack,FALSE,Soybeans Food Legumes and pulses Beans,693,TRUE,
food_legumes_and_pulses_black_eyed_peas,Black-eyed peas,Food,Legumes and pulses,Beans,specific,food_legumes_and_pulses_legumes_and_pulses,TRUE,,serving,serving|piece|g|kg|oz|cup|tbsp|tsp|slice|bowl|plate|pack,FALSE,Black-eyed peas Food Legumes and pulses Beans,694,TRUE,
food_legumes_and_pulses_cranberry_beans,Cranberry beans,Food,Legumes and pulses,Beans,specific,food_legumes_and_pulses_legumes_and_pulses,TRUE,,serving,serving|piece|g|kg|oz|cup|tbsp|tsp|slice|bowl|plate|pack,FALSE,Cranberry beans Food Legumes and pulses Beans,695,TRUE,
food_legumes_and_pulses_refried_beans,Refried beans,Food,Legumes and pulses,Beans,specific,food_legumes_and_pulses_legumes_and_pulses,TRUE,,serving,serving|piece|g|kg|oz|cup|tbsp|tsp|slice|bowl|plate|pack,FALSE,Refried beans Food Legumes and pulses Beans,696,TRUE,
food_legumes_and_pulses_baked_beans,Baked beans,Food,Legumes and pulses,Beans,specific,food_legumes_and_pulses_legumes_and_pulses,TRUE,,serving,serving|piece|g|kg|oz|cup|tbsp|tsp|slice|bowl|plate|pack,FALSE,Baked beans Food Legumes and pulses Beans,697,TRUE,
food_legumes_and_pulses_lentils,Lentils,Food,Legumes and pulses,"Lentils, peas and chickpeas",specific,food_legumes_and_pulses_legumes_and_pulses,TRUE,,serving,serving|piece|g|kg|oz|cup|tbsp|tsp|slice|bowl|plate|pack,FALSE,"Lentils Food Legumes and pulses Lentils, peas and chickpeas",698,TRUE,
food_legumes_and_pulses_red_lentils,Red lentils,Food,Legumes and pulses,"Lentils, peas and chickpeas",specific,food_legumes_and_pulses_legumes_and_pulses,TRUE,,serving,serving|piece|g|kg|oz|cup|tbsp|tsp|slice|bowl|plate|pack,FALSE,"Red lentils Food Legumes and pulses Lentils, peas and chickpeas",699,TRUE,
food_legumes_and_pulses_green_lentils,Green lentils,Food,Legumes and pulses,"Lentils, peas and chickpeas",specific,food_legumes_and_pulses_legumes_and_pulses,TRUE,,serving,serving|piece|g|kg|oz|cup|tbsp|tsp|slice|bowl|plate|pack,FALSE,"Green lentils Food Legumes and pulses Lentils, peas and chickpeas",700,TRUE,
food_legumes_and_pulses_brown_lentils,Brown lentils,Food,Legumes and pulses,"Lentils, peas and chickpeas",specific,food_legumes_and_pulses_legumes_and_pulses,TRUE,,serving,serving|piece|g|kg|oz|cup|tbsp|tsp|slice|bowl|plate|pack,FALSE,"Brown lentils Food Legumes and pulses Lentils, peas and chickpeas",701,TRUE,
food_legumes_and_pulses_black_lentils,Black lentils,Food,Legumes and pulses,"Lentils, peas and chickpeas",specific,food_legumes_and_pulses_legumes_and_pulses,TRUE,,serving,serving|piece|g|kg|oz|cup|tbsp|tsp|slice|bowl|plate|pack,FALSE,"Black lentils Food Legumes and pulses Lentils, peas and chickpeas",702,TRUE,
food_legumes_and_pulses_yellow_lentils,Yellow lentils,Food,Legumes and pulses,"Lentils, peas and chickpeas",specific,food_legumes_and_pulses_legumes_and_pulses,TRUE,,serving,serving|piece|g|kg|oz|cup|tbsp|tsp|slice|bowl|plate|pack,FALSE,"Yellow lentils Food Legumes and pulses Lentils, peas and chickpeas",703,TRUE,
food_legumes_and_pulses_chickpeas,Chickpeas,Food,Legumes and pulses,"Lentils, peas and chickpeas",specific,food_legumes_and_pulses_legumes_and_pulses,TRUE,,serving,serving|piece|g|kg|oz|cup|tbsp|tsp|slice|bowl|plate|pack,FALSE,"Chickpeas Food Legumes and pulses Lentils, peas and chickpeas",704,TRUE,
food_legumes_and_pulses_split_peas,Split peas,Food,Legumes and pulses,"Lentils, peas and chickpeas",specific,food_legumes_and_pulses_legumes_and_pulses,TRUE,,serving,serving|piece|g|kg|oz|cup|tbsp|tsp|slice|bowl|plate|pack,FALSE,"Split peas Food Legumes and pulses Lentils, peas and chickpeas",705,TRUE,
food_legumes_and_pulses_green_peas,Green peas,Food,Legumes and pulses,"Lentils, peas and chickpeas",specific,food_legumes_and_pulses_legumes_and_pulses,TRUE,,serving,serving|piece|g|kg|oz|cup|tbsp|tsp|slice|bowl|plate|pack,FALSE,"Green peas Food Legumes and pulses Lentils, peas and chickpeas",706,TRUE,
food_legumes_and_pulses_pigeon_peas,Pigeon peas,Food,Legumes and pulses,"Lentils, peas and chickpeas",specific,food_legumes_and_pulses_legumes_and_pulses,TRUE,,serving,serving|piece|g|kg|oz|cup|tbsp|tsp|slice|bowl|plate|pack,FALSE,"Pigeon peas Food Legumes and pulses Lentils, peas and chickpeas",707,TRUE,
food_legumes_and_pulses_lupini_beans,Lupini beans,Food,Legumes and pulses,"Lentils, peas and chickpeas",specific,food_legumes_and_pulses_legumes_and_pulses,TRUE,,serving,serving|piece|g|kg|oz|cup|tbsp|tsp|slice|bowl|plate|pack,FALSE,"Lupini beans Food Legumes and pulses Lentils, peas and chickpeas",708,TRUE,
food_legumes_and_pulses_peanut_legume,Peanut legume,Food,Legumes and pulses,"Lentils, peas and chickpeas",specific,food_legumes_and_pulses_legumes_and_pulses,TRUE,,serving,serving|piece|g|kg|oz|cup|tbsp|tsp|slice|bowl|plate|pack,FALSE,"Peanut legume Food Legumes and pulses Lentils, peas and chickpeas",709,TRUE,
food_legumes_and_pulses_hummus,Hummus,Food,Legumes and pulses,"Lentils, peas and chickpeas",specific,food_legumes_and_pulses_legumes_and_pulses,TRUE,,serving,serving|piece|g|kg|oz|cup|tbsp|tsp|slice|bowl|plate|pack,FALSE,"Hummus Food Legumes and pulses Lentils, peas and chickpeas",710,TRUE,
food_legumes_and_pulses_falafel,Falafel,Food,Legumes and pulses,"Lentils, peas and chickpeas",specific,food_legumes_and_pulses_legumes_and_pulses,TRUE,,serving,serving|piece|g|kg|oz|cup|tbsp|tsp|slice|bowl|plate|pack,FALSE,"Falafel Food Legumes and pulses Lentils, peas and chickpeas",711,TRUE,
food_legumes_and_pulses_tofu,Tofu,Food,Legumes and pulses,Soy foods,specific,food_legumes_and_pulses_legumes_and_pulses,TRUE,,serving,serving|piece|g|kg|oz|cup|tbsp|tsp|slice|bowl|plate|pack,FALSE,Tofu Food Legumes and pulses Soy foods,712,TRUE,
food_legumes_and_pulses_tempeh,Tempeh,Food,Legumes and pulses,Soy foods,specific,food_legumes_and_pulses_legumes_and_pulses,TRUE,,serving,serving|piece|g|kg|oz|cup|tbsp|tsp|slice|bowl|plate|pack,FALSE,Tempeh Food Legumes and pulses Soy foods,713,TRUE,
food_legumes_and_pulses_edamame_food,Edamame food,Food,Legumes and pulses,Soy foods,specific,food_legumes_and_pulses_legumes_and_pulses,TRUE,,serving,serving|piece|g|kg|oz|cup|tbsp|tsp|slice|bowl|plate|pack,FALSE,Edamame food Food Legumes and pulses Soy foods,714,TRUE,
food_legumes_and_pulses_soy_mince,Soy mince,Food,Legumes and pulses,Soy foods,specific,food_legumes_and_pulses_legumes_and_pulses,TRUE,,serving,serving|piece|g|kg|oz|cup|tbsp|tsp|slice|bowl|plate|pack,FALSE,Soy mince Food Legumes and pulses Soy foods,715,TRUE,
food_legumes_and_pulses_textured_vegetable_protein,Textured vegetable protein,Food,Legumes and pulses,Soy foods,specific,food_legumes_and_pulses_legumes_and_pulses,TRUE,,serving,serving|piece|g|kg|oz|cup|tbsp|tsp|slice|bowl|plate|pack,FALSE,Textured vegetable protein Food Legumes and pulses Soy foods,716,TRUE,
food_legumes_and_pulses_miso,Miso,Food,Legumes and pulses,Soy foods,specific,food_legumes_and_pulses_legumes_and_pulses,TRUE,,serving,serving|piece|g|kg|oz|cup|tbsp|tsp|slice|bowl|plate|pack,FALSE,Miso Food Legumes and pulses Soy foods,717,TRUE,
food_legumes_and_pulses_natto,Natto,Food,Legumes and pulses,Soy foods,specific,food_legumes_and_pulses_legumes_and_pulses,TRUE,,serving,serving|piece|g|kg|oz|cup|tbsp|tsp|slice|bowl|plate|pack,FALSE,Natto Food Legumes and pulses Soy foods,718,TRUE,
food_legumes_and_pulses_soybeans_cooked,Soybeans cooked,Food,Legumes and pulses,Soy foods,specific,food_legumes_and_pulses_legumes_and_pulses,TRUE,,serving,serving|piece|g|kg|oz|cup|tbsp|tsp|slice|bowl|plate|pack,FALSE,Soybeans cooked Food Legumes and pulses Soy foods,719,TRUE,
food_nuts_and_seeds_nuts_and_seeds,Nuts and seeds,Food,Nuts and seeds,General,general,,TRUE,,serving,serving|piece|g|kg|oz|cup|tbsp|tsp|slice|bowl|plate|pack,FALSE,Nuts and seeds Food Nuts and seeds General,720,TRUE,General option remains selectable when the user does not want to choose a specific item.
food_nuts_and_seeds_nuts,Nuts,Food,Nuts and seeds,Nuts,specific,food_nuts_and_seeds_nuts_and_seeds,TRUE,,serving,serving|piece|g|kg|oz|cup|tbsp|tsp|slice|bowl|plate|pack,FALSE,Nuts Food Nuts and seeds Nuts,721,TRUE,
food_nuts_and_seeds_almond,Almond,Food,Nuts and seeds,Nuts,specific,food_nuts_and_seeds_nuts_and_seeds,TRUE,,serving,serving|piece|g|kg|oz|cup|tbsp|tsp|slice|bowl|plate|pack,FALSE,Almond Food Nuts and seeds Nuts,722,TRUE,
food_nuts_and_seeds_walnut,Walnut,Food,Nuts and seeds,Nuts,specific,food_nuts_and_seeds_nuts_and_seeds,TRUE,,serving,serving|piece|g|kg|oz|cup|tbsp|tsp|slice|bowl|plate|pack,FALSE,Walnut Food Nuts and seeds Nuts,723,TRUE,
food_nuts_and_seeds_cashew,Cashew,Food,Nuts and seeds,Nuts,specific,food_nuts_and_seeds_nuts_and_seeds,TRUE,,serving,serving|piece|g|kg|oz|cup|tbsp|tsp|slice|bowl|plate|pack,FALSE,Cashew Food Nuts and seeds Nuts,724,TRUE,
food_nuts_and_seeds_pistachio,Pistachio,Food,Nuts and seeds,Nuts,specific,food_nuts_and_seeds_nuts_and_seeds,TRUE,,serving,serving|piece|g|kg|oz|cup|tbsp|tsp|slice|bowl|plate|pack,FALSE,Pistachio Food Nuts and seeds Nuts,725,TRUE,
food_nuts_and_seeds_hazelnut,Hazelnut,Food,Nuts and seeds,Nuts,specific,food_nuts_and_seeds_nuts_and_seeds,TRUE,,serving,serving|piece|g|kg|oz|cup|tbsp|tsp|slice|bowl|plate|pack,FALSE,Hazelnut Food Nuts and seeds Nuts,726,TRUE,
food_nuts_and_seeds_pecan,Pecan,Food,Nuts and seeds,Nuts,specific,food_nuts_and_seeds_nuts_and_seeds,TRUE,,serving,serving|piece|g|kg|oz|cup|tbsp|tsp|slice|bowl|plate|pack,FALSE,Pecan Food Nuts and seeds Nuts,727,TRUE,
food_nuts_and_seeds_brazil_nut,Brazil nut,Food,Nuts and seeds,Nuts,specific,food_nuts_and_seeds_nuts_and_seeds,TRUE,,serving,serving|piece|g|kg|oz|cup|tbsp|tsp|slice|bowl|plate|pack,FALSE,Brazil nut Food Nuts and seeds Nuts,728,TRUE,
food_nuts_and_seeds_macadamia_nut,Macadamia nut,Food,Nuts and seeds,Nuts,specific,food_nuts_and_seeds_nuts_and_seeds,TRUE,,serving,serving|piece|g|kg|oz|cup|tbsp|tsp|slice|bowl|plate|pack,FALSE,Macadamia nut Food Nuts and seeds Nuts,729,TRUE,
food_nuts_and_seeds_pine_nut,Pine nut,Food,Nuts and seeds,Nuts,specific,food_nuts_and_seeds_nuts_and_seeds,TRUE,,serving,serving|piece|g|kg|oz|cup|tbsp|tsp|slice|bowl|plate|pack,FALSE,Pine nut Food Nuts and seeds Nuts,730,TRUE,
food_nuts_and_seeds_chestnut,Chestnut,Food,Nuts and seeds,Nuts,specific,food_nuts_and_seeds_nuts_and_seeds,TRUE,,serving,serving|piece|g|kg|oz|cup|tbsp|tsp|slice|bowl|plate|pack,FALSE,Chestnut Food Nuts and seeds Nuts,731,TRUE,
food_nuts_and_seeds_peanut,Peanut,Food,Nuts and seeds,Nuts,specific,food_nuts_and_seeds_nuts_and_seeds,TRUE,,serving,serving|piece|g|kg|oz|cup|tbsp|tsp|slice|bowl|plate|pack,FALSE,Peanut Food Nuts and seeds Nuts,732,TRUE,
food_nuts_and_seeds_mixed_nuts,Mixed nuts,Food,Nuts and seeds,Nuts,specific,food_nuts_and_seeds_nuts_and_seeds,TRUE,,serving,serving|piece|g|kg|oz|cup|tbsp|tsp|slice|bowl|plate|pack,FALSE,Mixed nuts Food Nuts and seeds Nuts,733,TRUE,
food_nuts_and_seeds_roasted_nuts,Roasted nuts,Food,Nuts and seeds,Nuts,specific,food_nuts_and_seeds_nuts_and_seeds,TRUE,,serving,serving|piece|g|kg|oz|cup|tbsp|tsp|slice|bowl|plate|pack,FALSE,Roasted nuts Food Nuts and seeds Nuts,734,TRUE,
food_nuts_and_seeds_salted_nuts,Salted nuts,Food,Nuts and seeds,Nuts,specific,food_nuts_and_seeds_nuts_and_seeds,TRUE,,serving,serving|piece|g|kg|oz|cup|tbsp|tsp|slice|bowl|plate|pack,FALSE,Salted nuts Food Nuts and seeds Nuts,735,TRUE,
food_nuts_and_seeds_candied_nuts,Candied nuts,Food,Nuts and seeds,Nuts,specific,food_nuts_and_seeds_nuts_and_seeds,TRUE,,serving,serving|piece|g|kg|oz|cup|tbsp|tsp|slice|bowl|plate|pack,FALSE,Candied nuts Food Nuts and seeds Nuts,736,TRUE,
food_nuts_and_seeds_nut_butter,Nut butter,Food,Nuts and seeds,Nuts,specific,food_nuts_and_seeds_nuts_and_seeds,TRUE,,serving,serving|piece|g|kg|oz|cup|tbsp|tsp|slice|bowl|plate|pack,FALSE,Nut butter Food Nuts and seeds Nuts,737,TRUE,
food_nuts_and_seeds_peanut_butter,Peanut butter,Food,Nuts and seeds,Nuts,specific,food_nuts_and_seeds_nuts_and_seeds,TRUE,,serving,serving|piece|g|kg|oz|cup|tbsp|tsp|slice|bowl|plate|pack,FALSE,Peanut butter Food Nuts and seeds Nuts,738,TRUE,
food_nuts_and_seeds_almond_butter,Almond butter,Food,Nuts and seeds,Nuts,specific,food_nuts_and_seeds_nuts_and_seeds,TRUE,,serving,serving|piece|g|kg|oz|cup|tbsp|tsp|slice|bowl|plate|pack,FALSE,Almond butter Food Nuts and seeds Nuts,739,TRUE,
food_nuts_and_seeds_cashew_butter,Cashew butter,Food,Nuts and seeds,Nuts,specific,food_nuts_and_seeds_nuts_and_seeds,TRUE,,serving,serving|piece|g|kg|oz|cup|tbsp|tsp|slice|bowl|plate|pack,FALSE,Cashew butter Food Nuts and seeds Nuts,740,TRUE,
food_nuts_and_seeds_hazelnut_spread,Hazelnut spread,Food,Nuts and seeds,Nuts,specific,food_nuts_and_seeds_nuts_and_seeds,TRUE,,serving,serving|piece|g|kg|oz|cup|tbsp|tsp|slice|bowl|plate|pack,FALSE,Hazelnut spread Food Nuts and seeds Nuts,741,TRUE,
food_nuts_and_seeds_seeds,Seeds,Food,Nuts and seeds,Seeds,specific,food_nuts_and_seeds_nuts_and_seeds,TRUE,,serving,serving|piece|g|kg|oz|cup|tbsp|tsp|slice|bowl|plate|pack,FALSE,Seeds Food Nuts and seeds Seeds,742,TRUE,
food_nuts_and_seeds_sunflower_seeds,Sunflower seeds,Food,Nuts and seeds,Seeds,specific,food_nuts_and_seeds_nuts_and_seeds,TRUE,,serving,serving|piece|g|kg|oz|cup|tbsp|tsp|slice|bowl|plate|pack,FALSE,Sunflower seeds Food Nuts and seeds Seeds,743,TRUE,
food_nuts_and_seeds_pumpkin_seeds,Pumpkin seeds,Food,Nuts and seeds,Seeds,specific,food_nuts_and_seeds_nuts_and_seeds,TRUE,,serving,serving|piece|g|kg|oz|cup|tbsp|tsp|slice|bowl|plate|pack,FALSE,Pumpkin seeds Food Nuts and seeds Seeds,744,TRUE,
food_nuts_and_seeds_sesame_seeds,Sesame seeds,Food,Nuts and seeds,Seeds,specific,food_nuts_and_seeds_nuts_and_seeds,TRUE,,serving,serving|piece|g|kg|oz|cup|tbsp|tsp|slice|bowl|plate|pack,FALSE,Sesame seeds Food Nuts and seeds Seeds,745,TRUE,
food_nuts_and_seeds_chia_seeds,Chia seeds,Food,Nuts and seeds,Seeds,specific,food_nuts_and_seeds_nuts_and_seeds,TRUE,,serving,serving|piece|g|kg|oz|cup|tbsp|tsp|slice|bowl|plate|pack,FALSE,Chia seeds Food Nuts and seeds Seeds,746,TRUE,
food_nuts_and_seeds_flax_seeds,Flax seeds,Food,Nuts and seeds,Seeds,specific,food_nuts_and_seeds_nuts_and_seeds,TRUE,,serving,serving|piece|g|kg|oz|cup|tbsp|tsp|slice|bowl|plate|pack,FALSE,Flax seeds Food Nuts and seeds Seeds,747,TRUE,
food_nuts_and_seeds_hemp_seeds,Hemp seeds,Food,Nuts and seeds,Seeds,specific,food_nuts_and_seeds_nuts_and_seeds,TRUE,,serving,serving|piece|g|kg|oz|cup|tbsp|tsp|slice|bowl|plate|pack,FALSE,Hemp seeds Food Nuts and seeds Seeds,748,TRUE,
food_nuts_and_seeds_poppy_seeds,Poppy seeds,Food,Nuts and seeds,Seeds,specific,food_nuts_and_seeds_nuts_and_seeds,TRUE,,serving,serving|piece|g|kg|oz|cup|tbsp|tsp|slice|bowl|plate|pack,FALSE,Poppy seeds Food Nuts and seeds Seeds,749,TRUE,
food_nuts_and_seeds_mustard_seeds,Mustard seeds,Food,Nuts and seeds,Seeds,specific,food_nuts_and_seeds_nuts_and_seeds,TRUE,,serving,serving|piece|g|kg|oz|cup|tbsp|tsp|slice|bowl|plate|pack,FALSE,Mustard seeds Food Nuts and seeds Seeds,750,TRUE,
food_nuts_and_seeds_nigella_seeds,Nigella seeds,Food,Nuts and seeds,Seeds,specific,food_nuts_and_seeds_nuts_and_seeds,TRUE,,serving,serving|piece|g|kg|oz|cup|tbsp|tsp|slice|bowl|plate|pack,FALSE,Nigella seeds Food Nuts and seeds Seeds,751,TRUE,
food_nuts_and_seeds_fennel_seeds,Fennel seeds,Food,Nuts and seeds,Seeds,specific,food_nuts_and_seeds_nuts_and_seeds,TRUE,,serving,serving|piece|g|kg|oz|cup|tbsp|tsp|slice|bowl|plate|pack,FALSE,Fennel seeds Food Nuts and seeds Seeds,752,TRUE,
food_nuts_and_seeds_cumin_seeds,Cumin seeds,Food,Nuts and seeds,Seeds,specific,food_nuts_and_seeds_nuts_and_seeds,TRUE,,serving,serving|piece|g|kg|oz|cup|tbsp|tsp|slice|bowl|plate|pack,FALSE,Cumin seeds Food Nuts and seeds Seeds,753,TRUE,
food_nuts_and_seeds_caraway_seeds,Caraway seeds,Food,Nuts and seeds,Seeds,specific,food_nuts_and_seeds_nuts_and_seeds,TRUE,,serving,serving|piece|g|kg|oz|cup|tbsp|tsp|slice|bowl|plate|pack,FALSE,Caraway seeds Food Nuts and seeds Seeds,754,TRUE,
food_nuts_and_seeds_watermelon_seeds,Watermelon seeds,Food,Nuts and seeds,Seeds,specific,food_nuts_and_seeds_nuts_and_seeds,TRUE,,serving,serving|piece|g|kg|oz|cup|tbsp|tsp|slice|bowl|plate|pack,FALSE,Watermelon seeds Food Nuts and seeds Seeds,755,TRUE,
food_nuts_and_seeds_tahini,Tahini,Food,Nuts and seeds,Seeds,specific,food_nuts_and_seeds_nuts_and_seeds,TRUE,,serving,serving|piece|g|kg|oz|cup|tbsp|tsp|slice|bowl|plate|pack,FALSE,Tahini Food Nuts and seeds Seeds,756,TRUE,
food_oils_and_fats_oils_and_fats,Oils and fats,Food,Oils and fats,General,general,,TRUE,,tbsp,serving|piece|g|kg|oz|cup|tbsp|tsp|slice|bowl|plate|pack,FALSE,Oils and fats Food Oils and fats General,757,TRUE,General option remains selectable when the user does not want to choose a specific item.
food_oils_and_fats_olive_oil,Olive oil,Food,Oils and fats,Cooking oils,specific,food_oils_and_fats_oils_and_fats,TRUE,,tbsp,serving|piece|g|kg|oz|cup|tbsp|tsp|slice|bowl|plate|pack,FALSE,Olive oil Food Oils and fats Cooking oils,758,TRUE,
food_oils_and_fats_extra_virgin_olive_oil,Extra-virgin olive oil,Food,Oils and fats,Cooking oils,specific,food_oils_and_fats_oils_and_fats,TRUE,,tbsp,serving|piece|g|kg|oz|cup|tbsp|tsp|slice|bowl|plate|pack,FALSE,Extra-virgin olive oil Food Oils and fats Cooking oils,759,TRUE,
food_oils_and_fats_sunflower_oil,Sunflower oil,Food,Oils and fats,Cooking oils,specific,food_oils_and_fats_oils_and_fats,TRUE,,tbsp,serving|piece|g|kg|oz|cup|tbsp|tsp|slice|bowl|plate|pack,FALSE,Sunflower oil Food Oils and fats Cooking oils,760,TRUE,
food_oils_and_fats_canola_oil,Canola oil,Food,Oils and fats,Cooking oils,specific,food_oils_and_fats_oils_and_fats,TRUE,,tbsp,serving|piece|g|kg|oz|cup|tbsp|tsp|slice|bowl|plate|pack,FALSE,Canola oil Food Oils and fats Cooking oils,761,TRUE,
food_oils_and_fats_corn_oil,Corn oil,Food,Oils and fats,Cooking oils,specific,food_oils_and_fats_oils_and_fats,TRUE,,tbsp,serving|piece|g|kg|oz|cup|tbsp|tsp|slice|bowl|plate|pack,FALSE,Corn oil Food Oils and fats Cooking oils,762,TRUE,
food_oils_and_fats_soybean_oil,Soybean oil,Food,Oils and fats,Cooking oils,specific,food_oils_and_fats_oils_and_fats,TRUE,,tbsp,serving|piece|g|kg|oz|cup|tbsp|tsp|slice|bowl|plate|pack,FALSE,Soybean oil Food Oils and fats Cooking oils,763,TRUE,
food_oils_and_fats_peanut_oil,Peanut oil,Food,Oils and fats,Cooking oils,specific,food_oils_and_fats_oils_and_fats,TRUE,,tbsp,serving|piece|g|kg|oz|cup|tbsp|tsp|slice|bowl|plate|pack,FALSE,Peanut oil Food Oils and fats Cooking oils,764,TRUE,
food_oils_and_fats_sesame_oil,Sesame oil,Food,Oils and fats,Cooking oils,specific,food_oils_and_fats_oils_and_fats,TRUE,,tbsp,serving|piece|g|kg|oz|cup|tbsp|tsp|slice|bowl|plate|pack,FALSE,Sesame oil Food Oils and fats Cooking oils,765,TRUE,
food_oils_and_fats_coconut_oil,Coconut oil,Food,Oils and fats,Cooking oils,specific,food_oils_and_fats_oils_and_fats,TRUE,,tbsp,serving|piece|g|kg|oz|cup|tbsp|tsp|slice|bowl|plate|pack,FALSE,Coconut oil Food Oils and fats Cooking oils,766,TRUE,
food_oils_and_fats_palm_oil,Palm oil,Food,Oils and fats,Cooking oils,specific,food_oils_and_fats_oils_and_fats,TRUE,,tbsp,serving|piece|g|kg|oz|cup|tbsp|tsp|slice|bowl|plate|pack,FALSE,Palm oil Food Oils and fats Cooking oils,767,TRUE,
food_oils_and_fats_avocado_oil,Avocado oil,Food,Oils and fats,Cooking oils,specific,food_oils_and_fats_oils_and_fats,TRUE,,tbsp,serving|piece|g|kg|oz|cup|tbsp|tsp|slice|bowl|plate|pack,FALSE,Avocado oil Food Oils and fats Cooking oils,768,TRUE,
food_oils_and_fats_grapeseed_oil,Grapeseed oil,Food,Oils and fats,Cooking oils,specific,food_oils_and_fats_oils_and_fats,TRUE,,tbsp,serving|piece|g|kg|oz|cup|tbsp|tsp|slice|bowl|plate|pack,FALSE,Grapeseed oil Food Oils and fats Cooking oils,769,TRUE,
food_oils_and_fats_rice_bran_oil,Rice bran oil,Food,Oils and fats,Cooking oils,specific,food_oils_and_fats_oils_and_fats,TRUE,,tbsp,serving|piece|g|kg|oz|cup|tbsp|tsp|slice|bowl|plate|pack,FALSE,Rice bran oil Food Oils and fats Cooking oils,770,TRUE,
food_oils_and_fats_flaxseed_oil,Flaxseed oil,Food,Oils and fats,Cooking oils,specific,food_oils_and_fats_oils_and_fats,TRUE,,tbsp,serving|piece|g|kg|oz|cup|tbsp|tsp|slice|bowl|plate|pack,FALSE,Flaxseed oil Food Oils and fats Cooking oils,771,TRUE,
food_oils_and_fats_walnut_oil,Walnut oil,Food,Oils and fats,Cooking oils,specific,food_oils_and_fats_oils_and_fats,TRUE,,tbsp,serving|piece|g|kg|oz|cup|tbsp|tsp|slice|bowl|plate|pack,FALSE,Walnut oil Food Oils and fats Cooking oils,772,TRUE,
food_oils_and_fats_mustard_oil,Mustard oil,Food,Oils and fats,Cooking oils,specific,food_oils_and_fats_oils_and_fats,TRUE,,tbsp,serving|piece|g|kg|oz|cup|tbsp|tsp|slice|bowl|plate|pack,FALSE,Mustard oil Food Oils and fats Cooking oils,773,TRUE,
food_oils_and_fats_cottonseed_oil,Cottonseed oil,Food,Oils and fats,Cooking oils,specific,food_oils_and_fats_oils_and_fats,TRUE,,tbsp,serving|piece|g|kg|oz|cup|tbsp|tsp|slice|bowl|plate|pack,FALSE,Cottonseed oil Food Oils and fats Cooking oils,774,TRUE,
food_oils_and_fats_vegetable_oil,Vegetable oil,Food,Oils and fats,Cooking oils,specific,food_oils_and_fats_oils_and_fats,TRUE,,tbsp,serving|piece|g|kg|oz|cup|tbsp|tsp|slice|bowl|plate|pack,FALSE,Vegetable oil Food Oils and fats Cooking oils,775,TRUE,
food_oils_and_fats_truffle_oil,Truffle oil,Food,Oils and fats,Cooking oils,specific,food_oils_and_fats_oils_and_fats,TRUE,,tbsp,serving|piece|g|kg|oz|cup|tbsp|tsp|slice|bowl|plate|pack,FALSE,Truffle oil Food Oils and fats Cooking oils,776,TRUE,
food_oils_and_fats_lard,Lard,Food,Oils and fats,Animal and solid fats,specific,food_oils_and_fats_oils_and_fats,TRUE,,serving,serving|piece|g|kg|oz|cup|tbsp|tsp|slice|bowl|plate|pack,FALSE,Lard Food Oils and fats Animal and solid fats,777,TRUE,
food_oils_and_fats_tallow,Tallow,Food,Oils and fats,Animal and solid fats,specific,food_oils_and_fats_oils_and_fats,TRUE,,serving,serving|piece|g|kg|oz|cup|tbsp|tsp|slice|bowl|plate|pack,FALSE,Tallow Food Oils and fats Animal and solid fats,778,TRUE,
food_oils_and_fats_duck_fat,Duck fat,Food,Oils and fats,Animal and solid fats,specific,food_oils_and_fats_oils_and_fats,TRUE,,serving,serving|piece|g|kg|oz|cup|tbsp|tsp|slice|bowl|plate|pack,FALSE,Duck fat Food Oils and fats Animal and solid fats,779,TRUE,
food_oils_and_fats_chicken_fat,Chicken fat,Food,Oils and fats,Animal and solid fats,specific,food_oils_and_fats_oils_and_fats,TRUE,,serving,serving|piece|g|kg|oz|cup|tbsp|tsp|slice|bowl|plate|pack,FALSE,Chicken fat Food Oils and fats Animal and solid fats,780,TRUE,
food_oils_and_fats_shortening,Shortening,Food,Oils and fats,Animal and solid fats,specific,food_oils_and_fats_oils_and_fats,TRUE,,serving,serving|piece|g|kg|oz|cup|tbsp|tsp|slice|bowl|plate|pack,FALSE,Shortening Food Oils and fats Animal and solid fats,781,TRUE,
food_oils_and_fats_cooking_spray,Cooking spray,Food,Oils and fats,Animal and solid fats,specific,food_oils_and_fats_oils_and_fats,TRUE,,serving,serving|piece|g|kg|oz|cup|tbsp|tsp|slice|bowl|plate|pack,FALSE,Cooking spray Food Oils and fats Animal and solid fats,782,TRUE,
food_sauces_and_condiments_sauces_and_condiments,Sauces and condiments,Food,Sauces and condiments,General,general,,TRUE,,tbsp,serving|piece|g|kg|oz|cup|tbsp|tsp|slice|bowl|plate|pack,FALSE,Sauces and condiments Food Sauces and condiments General,783,TRUE,General option remains selectable when the user does not want to choose a specific item.
food_sauces_and_condiments_ketchup,Ketchup,Food,Sauces and condiments,Common condiments,specific,food_sauces_and_condiments_sauces_and_condiments,TRUE,,tbsp,serving|piece|g|kg|oz|cup|tbsp|tsp|slice|bowl|plate|pack,FALSE,Ketchup Food Sauces and condiments Common condiments,784,TRUE,
food_sauces_and_condiments_mustard,Mustard,Food,Sauces and condiments,Common condiments,specific,food_sauces_and_condiments_sauces_and_condiments,TRUE,,tbsp,serving|piece|g|kg|oz|cup|tbsp|tsp|slice|bowl|plate|pack,FALSE,Mustard Food Sauces and condiments Common condiments,785,TRUE,
food_sauces_and_condiments_mayonnaise,Mayonnaise,Food,Sauces and condiments,Common condiments,specific,food_sauces_and_condiments_sauces_and_condiments,TRUE,,tbsp,serving|piece|g|kg|oz|cup|tbsp|tsp|slice|bowl|plate|pack,FALSE,Mayonnaise Food Sauces and condiments Common condiments,786,TRUE,
food_sauces_and_condiments_aioli,Aioli,Food,Sauces and condiments,Common condiments,specific,food_sauces_and_condiments_sauces_and_condiments,TRUE,,tbsp,serving|piece|g|kg|oz|cup|tbsp|tsp|slice|bowl|plate|pack,FALSE,Aioli Food Sauces and condiments Common condiments,787,TRUE,
food_sauces_and_condiments_barbecue_sauce,Barbecue sauce,Food,Sauces and condiments,Common condiments,specific,food_sauces_and_condiments_sauces_and_condiments,TRUE,,tbsp,serving|piece|g|kg|oz|cup|tbsp|tsp|slice|bowl|plate|pack,FALSE,Barbecue sauce Food Sauces and condiments Common condiments,788,TRUE,
food_sauces_and_condiments_hot_sauce,Hot sauce,Food,Sauces and condiments,Common condiments,specific,food_sauces_and_condiments_sauces_and_condiments,TRUE,,tbsp,serving|piece|g|kg|oz|cup|tbsp|tsp|slice|bowl|plate|pack,FALSE,Hot sauce Food Sauces and condiments Common condiments,789,TRUE,
food_sauces_and_condiments_chili_sauce,Chili sauce,Food,Sauces and condiments,Common condiments,specific,food_sauces_and_condiments_sauces_and_condiments,TRUE,,tbsp,serving|piece|g|kg|oz|cup|tbsp|tsp|slice|bowl|plate|pack,FALSE,Chili sauce Food Sauces and condiments Common condiments,790,TRUE,
food_sauces_and_condiments_sriracha,Sriracha,Food,Sauces and condiments,Common condiments,specific,food_sauces_and_condiments_sauces_and_condiments,TRUE,,tbsp,serving|piece|g|kg|oz|cup|tbsp|tsp|slice|bowl|plate|pack,FALSE,Sriracha Food Sauces and condiments Common condiments,791,TRUE,
food_sauces_and_condiments_soy_sauce,Soy sauce,Food,Sauces and condiments,Common condiments,specific,food_sauces_and_condiments_sauces_and_condiments,TRUE,,tbsp,serving|piece|g|kg|oz|cup|tbsp|tsp|slice|bowl|plate|pack,FALSE,Soy sauce Food Sauces and condiments Common condiments,792,TRUE,
food_sauces_and_condiments_tamari,Tamari,Food,Sauces and condiments,Common condiments,specific,food_sauces_and_condiments_sauces_and_condiments,TRUE,,tbsp,serving|piece|g|kg|oz|cup|tbsp|tsp|slice|bowl|plate|pack,FALSE,Tamari Food Sauces and condiments Common condiments,793,TRUE,
food_sauces_and_condiments_fish_sauce,Fish sauce,Food,Sauces and condiments,Common condiments,specific,food_sauces_and_condiments_sauces_and_condiments,TRUE,,tbsp,serving|piece|g|kg|oz|cup|tbsp|tsp|slice|bowl|plate|pack,FALSE,Fish sauce Food Sauces and condiments Common condiments,794,TRUE,
food_sauces_and_condiments_oyster_sauce,Oyster sauce,Food,Sauces and condiments,Common condiments,specific,food_sauces_and_condiments_sauces_and_condiments,TRUE,,tbsp,serving|piece|g|kg|oz|cup|tbsp|tsp|slice|bowl|plate|pack,FALSE,Oyster sauce Food Sauces and condiments Common condiments,795,TRUE,
food_sauces_and_condiments_worcestershire_sauce,Worcestershire sauce,Food,Sauces and condiments,Common condiments,specific,food_sauces_and_condiments_sauces_and_condiments,TRUE,,tbsp,serving|piece|g|kg|oz|cup|tbsp|tsp|slice|bowl|plate|pack,FALSE,Worcestershire sauce Food Sauces and condiments Common condiments,796,TRUE,
food_sauces_and_condiments_teriyaki_sauce,Teriyaki sauce,Food,Sauces and condiments,Common condiments,specific,food_sauces_and_condiments_sauces_and_condiments,TRUE,,tbsp,serving|piece|g|kg|oz|cup|tbsp|tsp|slice|bowl|plate|pack,FALSE,Teriyaki sauce Food Sauces and condiments Common condiments,797,TRUE,
food_sauces_and_condiments_hoisin_sauce,Hoisin sauce,Food,Sauces and condiments,Common condiments,specific,food_sauces_and_condiments_sauces_and_condiments,TRUE,,tbsp,serving|piece|g|kg|oz|cup|tbsp|tsp|slice|bowl|plate|pack,FALSE,Hoisin sauce Food Sauces and condiments Common condiments,798,TRUE,
food_sauces_and_condiments_sweet_chili_sauce,Sweet chili sauce,Food,Sauces and condiments,Common condiments,specific,food_sauces_and_condiments_sauces_and_condiments,TRUE,,tbsp,serving|piece|g|kg|oz|cup|tbsp|tsp|slice|bowl|plate|pack,FALSE,Sweet chili sauce Food Sauces and condiments Common condiments,799,TRUE,
food_sauces_and_condiments_vinegar,Vinegar,Food,Sauces and condiments,Common condiments,specific,food_sauces_and_condiments_sauces_and_condiments,TRUE,,tbsp,serving|piece|g|kg|oz|cup|tbsp|tsp|slice|bowl|plate|pack,FALSE,Vinegar Food Sauces and condiments Common condiments,800,TRUE,
food_sauces_and_condiments_apple_cider_vinegar,Apple cider vinegar,Food,Sauces and condiments,Common condiments,specific,food_sauces_and_condiments_sauces_and_condiments,TRUE,,tbsp,serving|piece|g|kg|oz|cup|tbsp|tsp|slice|bowl|plate|pack,FALSE,Apple cider vinegar Food Sauces and condiments Common condiments,801,TRUE,
food_sauces_and_condiments_balsamic_vinegar,Balsamic vinegar,Food,Sauces and condiments,Common condiments,specific,food_sauces_and_condiments_sauces_and_condiments,TRUE,,tbsp,serving|piece|g|kg|oz|cup|tbsp|tsp|slice|bowl|plate|pack,FALSE,Balsamic vinegar Food Sauces and condiments Common condiments,802,TRUE,
food_sauces_and_condiments_rice_vinegar,Rice vinegar,Food,Sauces and condiments,Common condiments,specific,food_sauces_and_condiments_sauces_and_condiments,TRUE,,tbsp,serving|piece|g|kg|oz|cup|tbsp|tsp|slice|bowl|plate|pack,FALSE,Rice vinegar Food Sauces and condiments Common condiments,803,TRUE,
food_sauces_and_condiments_malt_vinegar,Malt vinegar,Food,Sauces and condiments,Common condiments,specific,food_sauces_and_condiments_sauces_and_condiments,TRUE,,tbsp,serving|piece|g|kg|oz|cup|tbsp|tsp|slice|bowl|plate|pack,FALSE,Malt vinegar Food Sauces and condiments Common condiments,804,TRUE,
food_sauces_and_condiments_pickle_relish,Pickle relish,Food,Sauces and condiments,Common condiments,specific,food_sauces_and_condiments_sauces_and_condiments,TRUE,,tbsp,serving|piece|g|kg|oz|cup|tbsp|tsp|slice|bowl|plate|pack,FALSE,Pickle relish Food Sauces and condiments Common condiments,805,TRUE,
food_sauces_and_condiments_horseradish_sauce,Horseradish sauce,Food,Sauces and condiments,Common condiments,specific,food_sauces_and_condiments_sauces_and_condiments,TRUE,,tbsp,serving|piece|g|kg|oz|cup|tbsp|tsp|slice|bowl|plate|pack,FALSE,Horseradish sauce Food Sauces and condiments Common condiments,806,TRUE,
food_sauces_and_condiments_salad_dressing,Salad dressing,Food,Sauces and condiments,Dressings and dips,specific,food_sauces_and_condiments_sauces_and_condiments,TRUE,,tbsp,serving|piece|g|kg|oz|cup|tbsp|tsp|slice|bowl|plate|pack,FALSE,Salad dressing Food Sauces and condiments Dressings and dips,807,TRUE,
food_sauces_and_condiments_ranch_dressing,Ranch dressing,Food,Sauces and condiments,Dressings and dips,specific,food_sauces_and_condiments_sauces_and_condiments,TRUE,,tbsp,serving|piece|g|kg|oz|cup|tbsp|tsp|slice|bowl|plate|pack,FALSE,Ranch dressing Food Sauces and condiments Dressings and dips,808,TRUE,
food_sauces_and_condiments_caesar_dressing,Caesar dressing,Food,Sauces and condiments,Dressings and dips,specific,food_sauces_and_condiments_sauces_and_condiments,TRUE,,tbsp,serving|piece|g|kg|oz|cup|tbsp|tsp|slice|bowl|plate|pack,FALSE,Caesar dressing Food Sauces and condiments Dressings and dips,809,TRUE,
food_sauces_and_condiments_italian_dressing,Italian dressing,Food,Sauces and condiments,Dressings and dips,specific,food_sauces_and_condiments_sauces_and_condiments,TRUE,,tbsp,serving|piece|g|kg|oz|cup|tbsp|tsp|slice|bowl|plate|pack,FALSE,Italian dressing Food Sauces and condiments Dressings and dips,810,TRUE,
food_sauces_and_condiments_vinaigrette,Vinaigrette,Food,Sauces and condiments,Dressings and dips,specific,food_sauces_and_condiments_sauces_and_condiments,TRUE,,tbsp,serving|piece|g|kg|oz|cup|tbsp|tsp|slice|bowl|plate|pack,FALSE,Vinaigrette Food Sauces and condiments Dressings and dips,811,TRUE,
food_sauces_and_condiments_thousand_island_dressing,Thousand Island dressing,Food,Sauces and condiments,Dressings and dips,specific,food_sauces_and_condiments_sauces_and_condiments,TRUE,,tbsp,serving|piece|g|kg|oz|cup|tbsp|tsp|slice|bowl|plate|pack,FALSE,Thousand Island dressing Food Sauces and condiments Dressings and dips,812,TRUE,
food_sauces_and_condiments_tzatziki,Tzatziki,Food,Sauces and condiments,Dressings and dips,specific,food_sauces_and_condiments_sauces_and_condiments,TRUE,,tbsp,serving|piece|g|kg|oz|cup|tbsp|tsp|slice|bowl|plate|pack,FALSE,Tzatziki Food Sauces and condiments Dressings and dips,813,TRUE,
food_sauces_and_condiments_guacamole,Guacamole,Food,Sauces and condiments,Dressings and dips,specific,food_sauces_and_condiments_sauces_and_condiments,TRUE,,tbsp,serving|piece|g|kg|oz|cup|tbsp|tsp|slice|bowl|plate|pack,FALSE,Guacamole Food Sauces and condiments Dressings and dips,814,TRUE,
food_sauces_and_condiments_salsa,Salsa,Food,Sauces and condiments,Dressings and dips,specific,food_sauces_and_condiments_sauces_and_condiments,TRUE,,tbsp,serving|piece|g|kg|oz|cup|tbsp|tsp|slice|bowl|plate|pack,FALSE,Salsa Food Sauces and condiments Dressings and dips,815,TRUE,
food_sauces_and_condiments_hummus_dip,Hummus dip,Food,Sauces and condiments,Dressings and dips,specific,food_sauces_and_condiments_sauces_and_condiments,TRUE,,tbsp,serving|piece|g|kg|oz|cup|tbsp|tsp|slice|bowl|plate|pack,FALSE,Hummus dip Food Sauces and condiments Dressings and dips,816,TRUE,
food_sauces_and_condiments_baba_ghanoush,Baba ghanoush,Food,Sauces and condiments,Dressings and dips,specific,food_sauces_and_condiments_sauces_and_condiments,TRUE,,tbsp,serving|piece|g|kg|oz|cup|tbsp|tsp|slice|bowl|plate|pack,FALSE,Baba ghanoush Food Sauces and condiments Dressings and dips,817,TRUE,
food_sauces_and_condiments_cheese_sauce,Cheese sauce,Food,Sauces and condiments,Dressings and dips,specific,food_sauces_and_condiments_sauces_and_condiments,TRUE,,tbsp,serving|piece|g|kg|oz|cup|tbsp|tsp|slice|bowl|plate|pack,FALSE,Cheese sauce Food Sauces and condiments Dressings and dips,818,TRUE,
food_sauces_and_condiments_queso_dip,Queso dip,Food,Sauces and condiments,Dressings and dips,specific,food_sauces_and_condiments_sauces_and_condiments,TRUE,,tbsp,serving|piece|g|kg|oz|cup|tbsp|tsp|slice|bowl|plate|pack,FALSE,Queso dip Food Sauces and condiments Dressings and dips,819,TRUE,
food_sauces_and_condiments_spinach_dip,Spinach dip,Food,Sauces and condiments,Dressings and dips,specific,food_sauces_and_condiments_sauces_and_condiments,TRUE,,tbsp,serving|piece|g|kg|oz|cup|tbsp|tsp|slice|bowl|plate|pack,FALSE,Spinach dip Food Sauces and condiments Dressings and dips,820,TRUE,
food_sauces_and_condiments_bean_dip,Bean dip,Food,Sauces and condiments,Dressings and dips,specific,food_sauces_and_condiments_sauces_and_condiments,TRUE,,tbsp,serving|piece|g|kg|oz|cup|tbsp|tsp|slice|bowl|plate|pack,FALSE,Bean dip Food Sauces and condiments Dressings and dips,821,TRUE,
food_sauces_and_condiments_pesto,Pesto,Food,Sauces and condiments,Dressings and dips,specific,food_sauces_and_condiments_sauces_and_condiments,TRUE,,tbsp,serving|piece|g|kg|oz|cup|tbsp|tsp|slice|bowl|plate|pack,FALSE,Pesto Food Sauces and condiments Dressings and dips,822,TRUE,
food_sauces_and_condiments_chimichurri,Chimichurri,Food,Sauces and condiments,Dressings and dips,specific,food_sauces_and_condiments_sauces_and_condiments,TRUE,,tbsp,serving|piece|g|kg|oz|cup|tbsp|tsp|slice|bowl|plate|pack,FALSE,Chimichurri Food Sauces and condiments Dressings and dips,823,TRUE,
food_sauces_and_condiments_tomato_sauce,Tomato sauce,Food,Sauces and condiments,Cooking sauces and pastes,specific,food_sauces_and_condiments_sauces_and_condiments,TRUE,,tbsp,serving|piece|g|kg|oz|cup|tbsp|tsp|slice|bowl|plate|pack,FALSE,Tomato sauce Food Sauces and condiments Cooking sauces and pastes,824,TRUE,
food_sauces_and_condiments_pasta_sauce,Pasta sauce,Food,Sauces and condiments,Cooking sauces and pastes,specific,food_sauces_and_condiments_sauces_and_condiments,TRUE,,tbsp,serving|piece|g|kg|oz|cup|tbsp|tsp|slice|bowl|plate|pack,FALSE,Pasta sauce Food Sauces and condiments Cooking sauces and pastes,825,TRUE,
food_sauces_and_condiments_marinara_sauce,Marinara sauce,Food,Sauces and condiments,Cooking sauces and pastes,specific,food_sauces_and_condiments_sauces_and_condiments,TRUE,,tbsp,serving|piece|g|kg|oz|cup|tbsp|tsp|slice|bowl|plate|pack,FALSE,Marinara sauce Food Sauces and condiments Cooking sauces and pastes,826,TRUE,
food_sauces_and_condiments_alfredo_sauce,Alfredo sauce,Food,Sauces and condiments,Cooking sauces and pastes,specific,food_sauces_and_condiments_sauces_and_condiments,TRUE,,tbsp,serving|piece|g|kg|oz|cup|tbsp|tsp|slice|bowl|plate|pack,FALSE,Alfredo sauce Food Sauces and condiments Cooking sauces and pastes,827,TRUE,
food_sauces_and_condiments_bechamel_sauce,Bechamel sauce,Food,Sauces and condiments,Cooking sauces and pastes,specific,food_sauces_and_condiments_sauces_and_condiments,TRUE,,tbsp,serving|piece|g|kg|oz|cup|tbsp|tsp|slice|bowl|plate|pack,FALSE,Bechamel sauce Food Sauces and condiments Cooking sauces and pastes,828,TRUE,
food_sauces_and_condiments_curry_sauce,Curry sauce,Food,Sauces and condiments,Cooking sauces and pastes,specific,food_sauces_and_condiments_sauces_and_condiments,TRUE,,tbsp,serving|piece|g|kg|oz|cup|tbsp|tsp|slice|bowl|plate|pack,FALSE,Curry sauce Food Sauces and condiments Cooking sauces and pastes,829,TRUE,
food_sauces_and_condiments_gravy,Gravy,Food,Sauces and condiments,Cooking sauces and pastes,specific,food_sauces_and_condiments_sauces_and_condiments,TRUE,,tbsp,serving|piece|g|kg|oz|cup|tbsp|tsp|slice|bowl|plate|pack,FALSE,Gravy Food Sauces and condiments Cooking sauces and pastes,830,TRUE,
food_sauces_and_condiments_tahini_sauce,Tahini sauce,Food,Sauces and condiments,Cooking sauces and pastes,specific,food_sauces_and_condiments_sauces_and_condiments,TRUE,,tbsp,serving|piece|g|kg|oz|cup|tbsp|tsp|slice|bowl|plate|pack,FALSE,Tahini sauce Food Sauces and condiments Cooking sauces and pastes,831,TRUE,
food_sauces_and_condiments_garlic_sauce,Garlic sauce,Food,Sauces and condiments,Cooking sauces and pastes,specific,food_sauces_and_condiments_sauces_and_condiments,TRUE,,tbsp,serving|piece|g|kg|oz|cup|tbsp|tsp|slice|bowl|plate|pack,FALSE,Garlic sauce Food Sauces and condiments Cooking sauces and pastes,832,TRUE,
food_sauces_and_condiments_peanut_sauce,Peanut sauce,Food,Sauces and condiments,Cooking sauces and pastes,specific,food_sauces_and_condiments_sauces_and_condiments,TRUE,,tbsp,serving|piece|g|kg|oz|cup|tbsp|tsp|slice|bowl|plate|pack,FALSE,Peanut sauce Food Sauces and condiments Cooking sauces and pastes,833,TRUE,
food_sauces_and_condiments_coconut_sauce,Coconut sauce,Food,Sauces and condiments,Cooking sauces and pastes,specific,food_sauces_and_condiments_sauces_and_condiments,TRUE,,tbsp,serving|piece|g|kg|oz|cup|tbsp|tsp|slice|bowl|plate|pack,FALSE,Coconut sauce Food Sauces and condiments Cooking sauces and pastes,834,TRUE,
food_sauces_and_condiments_black_bean_sauce,Black bean sauce,Food,Sauces and condiments,Cooking sauces and pastes,specific,food_sauces_and_condiments_sauces_and_condiments,TRUE,,tbsp,serving|piece|g|kg|oz|cup|tbsp|tsp|slice|bowl|plate|pack,FALSE,Black bean sauce Food Sauces and condiments Cooking sauces and pastes,835,TRUE,
food_sauces_and_condiments_miso_sauce,Miso sauce,Food,Sauces and condiments,Cooking sauces and pastes,specific,food_sauces_and_condiments_sauces_and_condiments,TRUE,,tbsp,serving|piece|g|kg|oz|cup|tbsp|tsp|slice|bowl|plate|pack,FALSE,Miso sauce Food Sauces and condiments Cooking sauces and pastes,836,TRUE,
food_sauces_and_condiments_harissa,Harissa,Food,Sauces and condiments,Cooking sauces and pastes,specific,food_sauces_and_condiments_sauces_and_condiments,TRUE,,tbsp,serving|piece|g|kg|oz|cup|tbsp|tsp|slice|bowl|plate|pack,FALSE,Harissa Food Sauces and condiments Cooking sauces and pastes,837,TRUE,
food_sauces_and_condiments_curry_paste,Curry paste,Food,Sauces and condiments,Cooking sauces and pastes,specific,food_sauces_and_condiments_sauces_and_condiments,TRUE,,tbsp,serving|piece|g|kg|oz|cup|tbsp|tsp|slice|bowl|plate|pack,FALSE,Curry paste Food Sauces and condiments Cooking sauces and pastes,838,TRUE,
food_sauces_and_condiments_tomato_paste,Tomato paste,Food,Sauces and condiments,Cooking sauces and pastes,specific,food_sauces_and_condiments_sauces_and_condiments,TRUE,,tbsp,serving|piece|g|kg|oz|cup|tbsp|tsp|slice|bowl|plate|pack,FALSE,Tomato paste Food Sauces and condiments Cooking sauces and pastes,839,TRUE,
food_sauces_and_condiments_pepper_paste,Pepper paste,Food,Sauces and condiments,Cooking sauces and pastes,specific,food_sauces_and_condiments_sauces_and_condiments,TRUE,,tbsp,serving|piece|g|kg|oz|cup|tbsp|tsp|slice|bowl|plate|pack,FALSE,Pepper paste Food Sauces and condiments Cooking sauces and pastes,840,TRUE,
food_sauces_and_condiments_date_syrup,Date syrup,Food,Sauces and condiments,Cooking sauces and pastes,specific,food_sauces_and_condiments_sauces_and_condiments,TRUE,,tbsp,serving|piece|g|kg|oz|cup|tbsp|tsp|slice|bowl|plate|pack,FALSE,Date syrup Food Sauces and condiments Cooking sauces and pastes,841,TRUE,
food_sauces_and_condiments_pomegranate_molasses,Pomegranate molasses,Food,Sauces and condiments,Cooking sauces and pastes,specific,food_sauces_and_condiments_sauces_and_condiments,TRUE,,tbsp,serving|piece|g|kg|oz|cup|tbsp|tsp|slice|bowl|plate|pack,FALSE,Pomegranate molasses Food Sauces and condiments Cooking sauces and pastes,842,TRUE,
food_sauces_and_condiments_pickles,Pickles,Food,Sauces and condiments,Pickles and preserves,specific,food_sauces_and_condiments_sauces_and_condiments,TRUE,,serving,serving|piece|g|kg|oz|cup|tbsp|tsp|slice|bowl|plate|pack,FALSE,Pickles Food Sauces and condiments Pickles and preserves,843,TRUE,
food_sauces_and_condiments_pickled_cucumber,Pickled cucumber,Food,Sauces and condiments,Pickles and preserves,specific,food_sauces_and_condiments_sauces_and_condiments,TRUE,,serving,serving|piece|g|kg|oz|cup|tbsp|tsp|slice|bowl|plate|pack,FALSE,Pickled cucumber Food Sauces and condiments Pickles and preserves,844,TRUE,
food_sauces_and_condiments_pickled_onion,Pickled onion,Food,Sauces and condiments,Pickles and preserves,specific,food_sauces_and_condiments_sauces_and_condiments,TRUE,,serving,serving|piece|g|kg|oz|cup|tbsp|tsp|slice|bowl|plate|pack,FALSE,Pickled onion Food Sauces and condiments Pickles and preserves,845,TRUE,
food_sauces_and_condiments_pickled_turnip,Pickled turnip,Food,Sauces and condiments,Pickles and preserves,specific,food_sauces_and_condiments_sauces_and_condiments,TRUE,,serving,serving|piece|g|kg|oz|cup|tbsp|tsp|slice|bowl|plate|pack,FALSE,Pickled turnip Food Sauces and condiments Pickles and preserves,846,TRUE,
food_sauces_and_condiments_olives,Olives,Food,Sauces and condiments,Pickles and preserves,specific,food_sauces_and_condiments_sauces_and_condiments,TRUE,,serving,serving|piece|g|kg|oz|cup|tbsp|tsp|slice|bowl|plate|pack,FALSE,Olives Food Sauces and condiments Pickles and preserves,847,TRUE,
food_sauces_and_condiments_green_olives,Green olives,Food,Sauces and condiments,Pickles and preserves,specific,food_sauces_and_condiments_sauces_and_condiments,TRUE,,serving,serving|piece|g|kg|oz|cup|tbsp|tsp|slice|bowl|plate|pack,FALSE,Green olives Food Sauces and condiments Pickles and preserves,848,TRUE,
food_sauces_and_condiments_black_olives,Black olives,Food,Sauces and condiments,Pickles and preserves,specific,food_sauces_and_condiments_sauces_and_condiments,TRUE,,serving,serving|piece|g|kg|oz|cup|tbsp|tsp|slice|bowl|plate|pack,FALSE,Black olives Food Sauces and condiments Pickles and preserves,849,TRUE,
food_sauces_and_condiments_capers,Capers,Food,Sauces and condiments,Pickles and preserves,specific,food_sauces_and_condiments_sauces_and_condiments,TRUE,,serving,serving|piece|g|kg|oz|cup|tbsp|tsp|slice|bowl|plate|pack,FALSE,Capers Food Sauces and condiments Pickles and preserves,850,TRUE,
food_sauces_and_condiments_sauerkraut,Sauerkraut,Food,Sauces and condiments,Pickles and preserves,specific,food_sauces_and_condiments_sauces_and_condiments,TRUE,,serving,serving|piece|g|kg|oz|cup|tbsp|tsp|slice|bowl|plate|pack,FALSE,Sauerkraut Food Sauces and condiments Pickles and preserves,851,TRUE,
food_sauces_and_condiments_kimchi,Kimchi,Food,Sauces and condiments,Pickles and preserves,specific,food_sauces_and_condiments_sauces_and_condiments,TRUE,,serving,serving|piece|g|kg|oz|cup|tbsp|tsp|slice|bowl|plate|pack,FALSE,Kimchi Food Sauces and condiments Pickles and preserves,852,TRUE,
food_sauces_and_condiments_chutney,Chutney,Food,Sauces and condiments,Pickles and preserves,specific,food_sauces_and_condiments_sauces_and_condiments,TRUE,,serving,serving|piece|g|kg|oz|cup|tbsp|tsp|slice|bowl|plate|pack,FALSE,Chutney Food Sauces and condiments Pickles and preserves,853,TRUE,
food_sauces_and_condiments_jam,Jam,Food,Sauces and condiments,Pickles and preserves,specific,food_sauces_and_condiments_sauces_and_condiments,TRUE,,serving,serving|piece|g|kg|oz|cup|tbsp|tsp|slice|bowl|plate|pack,FALSE,Jam Food Sauces and condiments Pickles and preserves,854,TRUE,
food_sauces_and_condiments_marmalade,Marmalade,Food,Sauces and condiments,Pickles and preserves,specific,food_sauces_and_condiments_sauces_and_condiments,TRUE,,serving,serving|piece|g|kg|oz|cup|tbsp|tsp|slice|bowl|plate|pack,FALSE,Marmalade Food Sauces and condiments Pickles and preserves,855,TRUE,
food_sauces_and_condiments_jelly_spread,Jelly spread,Food,Sauces and condiments,Pickles and preserves,specific,food_sauces_and_condiments_sauces_and_condiments,TRUE,,serving,serving|piece|g|kg|oz|cup|tbsp|tsp|slice|bowl|plate|pack,FALSE,Jelly spread Food Sauces and condiments Pickles and preserves,856,TRUE,
food_herbs_and_spices_herbs_and_spices,Herbs and spices,Food,Herbs and spices,General,general,,TRUE,,tsp,serving|piece|g|kg|oz|cup|tbsp|tsp|slice|bowl|plate|pack,FALSE,Herbs and spices Food Herbs and spices General,857,TRUE,General option remains selectable when the user does not want to choose a specific item.
food_herbs_and_spices_parsley,Parsley,Food,Herbs and spices,Fresh herbs,specific,food_herbs_and_spices_herbs_and_spices,TRUE,,tsp,serving|piece|g|kg|oz|cup|tbsp|tsp|slice|bowl|plate|pack,FALSE,Parsley Food Herbs and spices Fresh herbs,858,TRUE,
food_herbs_and_spices_cilantro,Cilantro,Food,Herbs and spices,Fresh herbs,specific,food_herbs_and_spices_herbs_and_spices,TRUE,,tsp,serving|piece|g|kg|oz|cup|tbsp|tsp|slice|bowl|plate|pack,FALSE,Cilantro Food Herbs and spices Fresh herbs,859,TRUE,
food_herbs_and_spices_coriander_leaves,Coriander leaves,Food,Herbs and spices,Fresh herbs,specific,food_herbs_and_spices_herbs_and_spices,TRUE,,tsp,serving|piece|g|kg|oz|cup|tbsp|tsp|slice|bowl|plate|pack,FALSE,Coriander leaves Food Herbs and spices Fresh herbs,860,TRUE,
food_herbs_and_spices_basil,Basil,Food,Herbs and spices,Fresh herbs,specific,food_herbs_and_spices_herbs_and_spices,TRUE,,tsp,serving|piece|g|kg|oz|cup|tbsp|tsp|slice|bowl|plate|pack,FALSE,Basil Food Herbs and spices Fresh herbs,861,TRUE,
food_herbs_and_spices_mint,Mint,Food,Herbs and spices,Fresh herbs,specific,food_herbs_and_spices_herbs_and_spices,TRUE,,tsp,serving|piece|g|kg|oz|cup|tbsp|tsp|slice|bowl|plate|pack,FALSE,Mint Food Herbs and spices Fresh herbs,862,TRUE,
food_herbs_and_spices_dill,Dill,Food,Herbs and spices,Fresh herbs,specific,food_herbs_and_spices_herbs_and_spices,TRUE,,tsp,serving|piece|g|kg|oz|cup|tbsp|tsp|slice|bowl|plate|pack,FALSE,Dill Food Herbs and spices Fresh herbs,863,TRUE,
food_herbs_and_spices_rosemary,Rosemary,Food,Herbs and spices,Fresh herbs,specific,food_herbs_and_spices_herbs_and_spices,TRUE,,tsp,serving|piece|g|kg|oz|cup|tbsp|tsp|slice|bowl|plate|pack,FALSE,Rosemary Food Herbs and spices Fresh herbs,864,TRUE,
food_herbs_and_spices_thyme,Thyme,Food,Herbs and spices,Fresh herbs,specific,food_herbs_and_spices_herbs_and_spices,TRUE,,tsp,serving|piece|g|kg|oz|cup|tbsp|tsp|slice|bowl|plate|pack,FALSE,Thyme Food Herbs and spices Fresh herbs,865,TRUE,
food_herbs_and_spices_oregano,Oregano,Food,Herbs and spices,Fresh herbs,specific,food_herbs_and_spices_herbs_and_spices,TRUE,,tsp,serving|piece|g|kg|oz|cup|tbsp|tsp|slice|bowl|plate|pack,FALSE,Oregano Food Herbs and spices Fresh herbs,866,TRUE,
food_herbs_and_spices_sage,Sage,Food,Herbs and spices,Fresh herbs,specific,food_herbs_and_spices_herbs_and_spices,TRUE,,tsp,serving|piece|g|kg|oz|cup|tbsp|tsp|slice|bowl|plate|pack,FALSE,Sage Food Herbs and spices Fresh herbs,867,TRUE,
food_herbs_and_spices_tarragon,Tarragon,Food,Herbs and spices,Fresh herbs,specific,food_herbs_and_spices_herbs_and_spices,TRUE,,tsp,serving|piece|g|kg|oz|cup|tbsp|tsp|slice|bowl|plate|pack,FALSE,Tarragon Food Herbs and spices Fresh herbs,868,TRUE,
food_herbs_and_spices_marjoram,Marjoram,Food,Herbs and spices,Fresh herbs,specific,food_herbs_and_spices_herbs_and_spices,TRUE,,tsp,serving|piece|g|kg|oz|cup|tbsp|tsp|slice|bowl|plate|pack,FALSE,Marjoram Food Herbs and spices Fresh herbs,869,TRUE,
food_herbs_and_spices_bay_leaf,Bay leaf,Food,Herbs and spices,Fresh herbs,specific,food_herbs_and_spices_herbs_and_spices,TRUE,,tsp,serving|piece|g|kg|oz|cup|tbsp|tsp|slice|bowl|plate|pack,FALSE,Bay leaf Food Herbs and spices Fresh herbs,870,TRUE,
food_herbs_and_spices_lemongrass,Lemongrass,Food,Herbs and spices,Fresh herbs,specific,food_herbs_and_spices_herbs_and_spices,TRUE,,tsp,serving|piece|g|kg|oz|cup|tbsp|tsp|slice|bowl|plate|pack,FALSE,Lemongrass Food Herbs and spices Fresh herbs,871,TRUE,
food_herbs_and_spices_curry_leaves,Curry leaves,Food,Herbs and spices,Fresh herbs,specific,food_herbs_and_spices_herbs_and_spices,TRUE,,tsp,serving|piece|g|kg|oz|cup|tbsp|tsp|slice|bowl|plate|pack,FALSE,Curry leaves Food Herbs and spices Fresh herbs,872,TRUE,
food_herbs_and_spices_fenugreek_leaves,Fenugreek leaves,Food,Herbs and spices,Fresh herbs,specific,food_herbs_and_spices_herbs_and_spices,TRUE,,tsp,serving|piece|g|kg|oz|cup|tbsp|tsp|slice|bowl|plate|pack,FALSE,Fenugreek leaves Food Herbs and spices Fresh herbs,873,TRUE,
food_herbs_and_spices_chervil,Chervil,Food,Herbs and spices,Fresh herbs,specific,food_herbs_and_spices_herbs_and_spices,TRUE,,tsp,serving|piece|g|kg|oz|cup|tbsp|tsp|slice|bowl|plate|pack,FALSE,Chervil Food Herbs and spices Fresh herbs,874,TRUE,
food_herbs_and_spices_lovage,Lovage,Food,Herbs and spices,Fresh herbs,specific,food_herbs_and_spices_herbs_and_spices,TRUE,,tsp,serving|piece|g|kg|oz|cup|tbsp|tsp|slice|bowl|plate|pack,FALSE,Lovage Food Herbs and spices Fresh herbs,875,TRUE,
food_herbs_and_spices_za_atar_leaves,Za'atar leaves,Food,Herbs and spices,Fresh herbs,specific,food_herbs_and_spices_herbs_and_spices,TRUE,,tsp,serving|piece|g|kg|oz|cup|tbsp|tsp|slice|bowl|plate|pack,FALSE,Za'atar leaves Food Herbs and spices Fresh herbs,876,TRUE,
food_herbs_and_spices_black_pepper,Black pepper,Food,Herbs and spices,Ground and whole spices,specific,food_herbs_and_spices_herbs_and_spices,TRUE,,tsp,serving|piece|g|kg|oz|cup|tbsp|tsp|slice|bowl|plate|pack,FALSE,Black pepper Food Herbs and spices Ground and whole spices,877,TRUE,
food_herbs_and_spices_white_pepper,White pepper,Food,Herbs and spices,Ground and whole spices,specific,food_herbs_and_spices_herbs_and_spices,TRUE,,tsp,serving|piece|g|kg|oz|cup|tbsp|tsp|slice|bowl|plate|pack,FALSE,White pepper Food Herbs and spices Ground and whole spices,878,TRUE,
food_herbs_and_spices_red_pepper_flakes,Red pepper flakes,Food,Herbs and spices,Ground and whole spices,specific,food_herbs_and_spices_herbs_and_spices,TRUE,,tsp,serving|piece|g|kg|oz|cup|tbsp|tsp|slice|bowl|plate|pack,FALSE,Red pepper flakes Food Herbs and spices Ground and whole spices,879,TRUE,
food_herbs_and_spices_cayenne_pepper,Cayenne pepper,Food,Herbs and spices,Ground and whole spices,specific,food_herbs_and_spices_herbs_and_spices,TRUE,,tsp,serving|piece|g|kg|oz|cup|tbsp|tsp|slice|bowl|plate|pack,FALSE,Cayenne pepper Food Herbs and spices Ground and whole spices,880,TRUE,
food_herbs_and_spices_paprika,Paprika,Food,Herbs and spices,Ground and whole spices,specific,food_herbs_and_spices_herbs_and_spices,TRUE,,tsp,serving|piece|g|kg|oz|cup|tbsp|tsp|slice|bowl|plate|pack,FALSE,Paprika Food Herbs and spices Ground and whole spices,881,TRUE,
food_herbs_and_spices_smoked_paprika,Smoked paprika,Food,Herbs and spices,Ground and whole spices,specific,food_herbs_and_spices_herbs_and_spices,TRUE,,tsp,serving|piece|g|kg|oz|cup|tbsp|tsp|slice|bowl|plate|pack,FALSE,Smoked paprika Food Herbs and spices Ground and whole spices,882,TRUE,
food_herbs_and_spices_chili_powder,Chili powder,Food,Herbs and spices,Ground and whole spices,specific,food_herbs_and_spices_herbs_and_spices,TRUE,,tsp,serving|piece|g|kg|oz|cup|tbsp|tsp|slice|bowl|plate|pack,FALSE,Chili powder Food Herbs and spices Ground and whole spices,883,TRUE,
food_herbs_and_spices_cumin,Cumin,Food,Herbs and spices,Ground and whole spices,specific,food_herbs_and_spices_herbs_and_spices,TRUE,,tsp,serving|piece|g|kg|oz|cup|tbsp|tsp|slice|bowl|plate|pack,FALSE,Cumin Food Herbs and spices Ground and whole spices,884,TRUE,
food_herbs_and_spices_coriander_seed,Coriander seed,Food,Herbs and spices,Ground and whole spices,specific,food_herbs_and_spices_herbs_and_spices,TRUE,,tsp,serving|piece|g|kg|oz|cup|tbsp|tsp|slice|bowl|plate|pack,FALSE,Coriander seed Food Herbs and spices Ground and whole spices,885,TRUE,
food_herbs_and_spices_turmeric,Turmeric,Food,Herbs and spices,Ground and whole spices,specific,food_herbs_and_spices_herbs_and_spices,TRUE,,tsp,serving|piece|g|kg|oz|cup|tbsp|tsp|slice|bowl|plate|pack,FALSE,Turmeric Food Herbs and spices Ground and whole spices,886,TRUE,
food_herbs_and_spices_ginger_powder,Ginger powder,Food,Herbs and spices,Ground and whole spices,specific,food_herbs_and_spices_herbs_and_spices,TRUE,,tsp,serving|piece|g|kg|oz|cup|tbsp|tsp|slice|bowl|plate|pack,FALSE,Ginger powder Food Herbs and spices Ground and whole spices,887,TRUE,
food_herbs_and_spices_cinnamon,Cinnamon,Food,Herbs and spices,Ground and whole spices,specific,food_herbs_and_spices_herbs_and_spices,TRUE,,tsp,serving|piece|g|kg|oz|cup|tbsp|tsp|slice|bowl|plate|pack,FALSE,Cinnamon Food Herbs and spices Ground and whole spices,888,TRUE,
food_herbs_and_spices_nutmeg,Nutmeg,Food,Herbs and spices,Ground and whole spices,specific,food_herbs_and_spices_herbs_and_spices,TRUE,,tsp,serving|piece|g|kg|oz|cup|tbsp|tsp|slice|bowl|plate|pack,FALSE,Nutmeg Food Herbs and spices Ground and whole spices,889,TRUE,
food_herbs_and_spices_mace,Mace,Food,Herbs and spices,Ground and whole spices,specific,food_herbs_and_spices_herbs_and_spices,TRUE,,tsp,serving|piece|g|kg|oz|cup|tbsp|tsp|slice|bowl|plate|pack,FALSE,Mace Food Herbs and spices Ground and whole spices,890,TRUE,
food_herbs_and_spices_cloves,Cloves,Food,Herbs and spices,Ground and whole spices,specific,food_herbs_and_spices_herbs_and_spices,TRUE,,tsp,serving|piece|g|kg|oz|cup|tbsp|tsp|slice|bowl|plate|pack,FALSE,Cloves Food Herbs and spices Ground and whole spices,891,TRUE,
food_herbs_and_spices_cardamom,Cardamom,Food,Herbs and spices,Ground and whole spices,specific,food_herbs_and_spices_herbs_and_spices,TRUE,,tsp,serving|piece|g|kg|oz|cup|tbsp|tsp|slice|bowl|plate|pack,FALSE,Cardamom Food Herbs and spices Ground and whole spices,892,TRUE,
food_herbs_and_spices_star_anise,Star anise,Food,Herbs and spices,Ground and whole spices,specific,food_herbs_and_spices_herbs_and_spices,TRUE,,tsp,serving|piece|g|kg|oz|cup|tbsp|tsp|slice|bowl|plate|pack,FALSE,Star anise Food Herbs and spices Ground and whole spices,893,TRUE,
food_herbs_and_spices_anise_seed,Anise seed,Food,Herbs and spices,Ground and whole spices,specific,food_herbs_and_spices_herbs_and_spices,TRUE,,tsp,serving|piece|g|kg|oz|cup|tbsp|tsp|slice|bowl|plate|pack,FALSE,Anise seed Food Herbs and spices Ground and whole spices,894,TRUE,
food_herbs_and_spices_fennel_seed_spice,Fennel seed spice,Food,Herbs and spices,Ground and whole spices,specific,food_herbs_and_spices_herbs_and_spices,TRUE,,tsp,serving|piece|g|kg|oz|cup|tbsp|tsp|slice|bowl|plate|pack,FALSE,Fennel seed spice Food Herbs and spices Ground and whole spices,895,TRUE,
food_herbs_and_spices_caraway,Caraway,Food,Herbs and spices,Ground and whole spices,specific,food_herbs_and_spices_herbs_and_spices,TRUE,,tsp,serving|piece|g|kg|oz|cup|tbsp|tsp|slice|bowl|plate|pack,FALSE,Caraway Food Herbs and spices Ground and whole spices,896,TRUE,
food_herbs_and_spices_fenugreek_seed,Fenugreek seed,Food,Herbs and spices,Ground and whole spices,specific,food_herbs_and_spices_herbs_and_spices,TRUE,,tsp,serving|piece|g|kg|oz|cup|tbsp|tsp|slice|bowl|plate|pack,FALSE,Fenugreek seed Food Herbs and spices Ground and whole spices,897,TRUE,
food_herbs_and_spices_allspice,Allspice,Food,Herbs and spices,Ground and whole spices,specific,food_herbs_and_spices_herbs_and_spices,TRUE,,tsp,serving|piece|g|kg|oz|cup|tbsp|tsp|slice|bowl|plate|pack,FALSE,Allspice Food Herbs and spices Ground and whole spices,898,TRUE,
food_herbs_and_spices_saffron,Saffron,Food,Herbs and spices,Ground and whole spices,specific,food_herbs_and_spices_herbs_and_spices,TRUE,,tsp,serving|piece|g|kg|oz|cup|tbsp|tsp|slice|bowl|plate|pack,FALSE,Saffron Food Herbs and spices Ground and whole spices,899,TRUE,
food_herbs_and_spices_sumac,Sumac,Food,Herbs and spices,Ground and whole spices,specific,food_herbs_and_spices_herbs_and_spices,TRUE,,tsp,serving|piece|g|kg|oz|cup|tbsp|tsp|slice|bowl|plate|pack,FALSE,Sumac Food Herbs and spices Ground and whole spices,900,TRUE,
food_herbs_and_spices_dried_lime,Dried lime,Food,Herbs and spices,Ground and whole spices,specific,food_herbs_and_spices_herbs_and_spices,TRUE,,tsp,serving|piece|g|kg|oz|cup|tbsp|tsp|slice|bowl|plate|pack,FALSE,Dried lime Food Herbs and spices Ground and whole spices,901,TRUE,
food_herbs_and_spices_vanilla,Vanilla,Food,Herbs and spices,Ground and whole spices,specific,food_herbs_and_spices_herbs_and_spices,TRUE,,tsp,serving|piece|g|kg|oz|cup|tbsp|tsp|slice|bowl|plate|pack,FALSE,Vanilla Food Herbs and spices Ground and whole spices,902,TRUE,
food_herbs_and_spices_vanilla_extract,Vanilla extract,Food,Herbs and spices,Ground and whole spices,specific,food_herbs_and_spices_herbs_and_spices,TRUE,,tsp,serving|piece|g|kg|oz|cup|tbsp|tsp|slice|bowl|plate|pack,FALSE,Vanilla extract Food Herbs and spices Ground and whole spices,903,TRUE,
food_herbs_and_spices_mustard_powder,Mustard powder,Food,Herbs and spices,Ground and whole spices,specific,food_herbs_and_spices_herbs_and_spices,TRUE,,tsp,serving|piece|g|kg|oz|cup|tbsp|tsp|slice|bowl|plate|pack,FALSE,Mustard powder Food Herbs and spices Ground and whole spices,904,TRUE,
food_herbs_and_spices_onion_powder,Onion powder,Food,Herbs and spices,Ground and whole spices,specific,food_herbs_and_spices_herbs_and_spices,TRUE,,tsp,serving|piece|g|kg|oz|cup|tbsp|tsp|slice|bowl|plate|pack,FALSE,Onion powder Food Herbs and spices Ground and whole spices,905,TRUE,
food_herbs_and_spices_garlic_powder,Garlic powder,Food,Herbs and spices,Ground and whole spices,specific,food_herbs_and_spices_herbs_and_spices,TRUE,,tsp,serving|piece|g|kg|oz|cup|tbsp|tsp|slice|bowl|plate|pack,FALSE,Garlic powder Food Herbs and spices Ground and whole spices,906,TRUE,
food_herbs_and_spices_celery_salt,Celery salt,Food,Herbs and spices,Ground and whole spices,specific,food_herbs_and_spices_herbs_and_spices,TRUE,,tsp,serving|piece|g|kg|oz|cup|tbsp|tsp|slice|bowl|plate|pack,FALSE,Celery salt Food Herbs and spices Ground and whole spices,907,TRUE,
food_herbs_and_spices_seasoning_salt,Seasoning salt,Food,Herbs and spices,Ground and whole spices,specific,food_herbs_and_spices_herbs_and_spices,TRUE,,tsp,serving|piece|g|kg|oz|cup|tbsp|tsp|slice|bowl|plate|pack,FALSE,Seasoning salt Food Herbs and spices Ground and whole spices,908,TRUE,
food_herbs_and_spices_za_atar_spice,Za'atar spice,Food,Herbs and spices,Ground and whole spices,specific,food_herbs_and_spices_herbs_and_spices,TRUE,,tsp,serving|piece|g|kg|oz|cup|tbsp|tsp|slice|bowl|plate|pack,FALSE,Za'atar spice Food Herbs and spices Ground and whole spices,909,TRUE,
food_herbs_and_spices_garam_masala,Garam masala,Food,Herbs and spices,Ground and whole spices,specific,food_herbs_and_spices_herbs_and_spices,TRUE,,tsp,serving|piece|g|kg|oz|cup|tbsp|tsp|slice|bowl|plate|pack,FALSE,Garam masala Food Herbs and spices Ground and whole spices,910,TRUE,
food_herbs_and_spices_curry_powder,Curry powder,Food,Herbs and spices,Ground and whole spices,specific,food_herbs_and_spices_herbs_and_spices,TRUE,,tsp,serving|piece|g|kg|oz|cup|tbsp|tsp|slice|bowl|plate|pack,FALSE,Curry powder Food Herbs and spices Ground and whole spices,911,TRUE,
food_herbs_and_spices_five_spice_powder,Five-spice powder,Food,Herbs and spices,Ground and whole spices,specific,food_herbs_and_spices_herbs_and_spices,TRUE,,tsp,serving|piece|g|kg|oz|cup|tbsp|tsp|slice|bowl|plate|pack,FALSE,Five-spice powder Food Herbs and spices Ground and whole spices,912,TRUE,
food_herbs_and_spices_ras_el_hanout,Ras el hanout,Food,Herbs and spices,Ground and whole spices,specific,food_herbs_and_spices_herbs_and_spices,TRUE,,tsp,serving|piece|g|kg|oz|cup|tbsp|tsp|slice|bowl|plate|pack,FALSE,Ras el hanout Food Herbs and spices Ground and whole spices,913,TRUE,
food_herbs_and_spices_baharat,Baharat,Food,Herbs and spices,Ground and whole spices,specific,food_herbs_and_spices_herbs_and_spices,TRUE,,tsp,serving|piece|g|kg|oz|cup|tbsp|tsp|slice|bowl|plate|pack,FALSE,Baharat Food Herbs and spices Ground and whole spices,914,TRUE,
food_herbs_and_spices_mixed_spice,Mixed spice,Food,Herbs and spices,Ground and whole spices,specific,food_herbs_and_spices_herbs_and_spices,TRUE,,tsp,serving|piece|g|kg|oz|cup|tbsp|tsp|slice|bowl|plate|pack,FALSE,Mixed spice Food Herbs and spices Ground and whole spices,915,TRUE,
food_herbs_and_spices_monosodium_glutamate_seasoning,Monosodium glutamate seasoning,Food,Herbs and spices,Ground and whole spices,specific,food_herbs_and_spices_herbs_and_spices,TRUE,,tsp,serving|piece|g|kg|oz|cup|tbsp|tsp|slice|bowl|plate|pack,FALSE,Monosodium glutamate seasoning Food Herbs and spices Ground and whole spices,916,TRUE,
food_sweeteners_sweeteners,Sweeteners,Food,Sweeteners,General,general,,TRUE,,tsp,serving|piece|g|kg|oz|cup|tbsp|tsp|slice|bowl|plate|pack,FALSE,Sweeteners Food Sweeteners General,917,TRUE,General option remains selectable when the user does not want to choose a specific item.
food_sweeteners_white_sugar,White sugar,Food,Sweeteners,Sugar and syrups,specific,food_sweeteners_sweeteners,TRUE,,tsp,serving|piece|g|kg|oz|cup|tbsp|tsp|slice|bowl|plate|pack,FALSE,White sugar Food Sweeteners Sugar and syrups,918,TRUE,
food_sweeteners_brown_sugar,Brown sugar,Food,Sweeteners,Sugar and syrups,specific,food_sweeteners_sweeteners,TRUE,,tsp,serving|piece|g|kg|oz|cup|tbsp|tsp|slice|bowl|plate|pack,FALSE,Brown sugar Food Sweeteners Sugar and syrups,919,TRUE,
food_sweeteners_raw_sugar,Raw sugar,Food,Sweeteners,Sugar and syrups,specific,food_sweeteners_sweeteners,TRUE,,tsp,serving|piece|g|kg|oz|cup|tbsp|tsp|slice|bowl|plate|pack,FALSE,Raw sugar Food Sweeteners Sugar and syrups,920,TRUE,
food_sweeteners_powdered_sugar,Powdered sugar,Food,Sweeteners,Sugar and syrups,specific,food_sweeteners_sweeteners,TRUE,,tsp,serving|piece|g|kg|oz|cup|tbsp|tsp|slice|bowl|plate|pack,FALSE,Powdered sugar Food Sweeteners Sugar and syrups,921,TRUE,
food_sweeteners_coconut_sugar,Coconut sugar,Food,Sweeteners,Sugar and syrups,specific,food_sweeteners_sweeteners,TRUE,,tsp,serving|piece|g|kg|oz|cup|tbsp|tsp|slice|bowl|plate|pack,FALSE,Coconut sugar Food Sweeteners Sugar and syrups,922,TRUE,
food_sweeteners_palm_sugar,Palm sugar,Food,Sweeteners,Sugar and syrups,specific,food_sweeteners_sweeteners,TRUE,,tsp,serving|piece|g|kg|oz|cup|tbsp|tsp|slice|bowl|plate|pack,FALSE,Palm sugar Food Sweeteners Sugar and syrups,923,TRUE,
food_sweeteners_honey,Honey,Food,Sweeteners,Sugar and syrups,specific,food_sweeteners_sweeteners,TRUE,,tsp,serving|piece|g|kg|oz|cup|tbsp|tsp|slice|bowl|plate|pack,FALSE,Honey Food Sweeteners Sugar and syrups,924,TRUE,
food_sweeteners_maple_syrup,Maple syrup,Food,Sweeteners,Sugar and syrups,specific,food_sweeteners_sweeteners,TRUE,,tsp,serving|piece|g|kg|oz|cup|tbsp|tsp|slice|bowl|plate|pack,FALSE,Maple syrup Food Sweeteners Sugar and syrups,925,TRUE,
food_sweeteners_agave_syrup,Agave syrup,Food,Sweeteners,Sugar and syrups,specific,food_sweeteners_sweeteners,TRUE,,tsp,serving|piece|g|kg|oz|cup|tbsp|tsp|slice|bowl|plate|pack,FALSE,Agave syrup Food Sweeteners Sugar and syrups,926,TRUE,
food_sweeteners_corn_syrup,Corn syrup,Food,Sweeteners,Sugar and syrups,specific,food_sweeteners_sweeteners,TRUE,,tsp,serving|piece|g|kg|oz|cup|tbsp|tsp|slice|bowl|plate|pack,FALSE,Corn syrup Food Sweeteners Sugar and syrups,927,TRUE,
food_sweeteners_golden_syrup,Golden syrup,Food,Sweeteners,Sugar and syrups,specific,food_sweeteners_sweeteners,TRUE,,tsp,serving|piece|g|kg|oz|cup|tbsp|tsp|slice|bowl|plate|pack,FALSE,Golden syrup Food Sweeteners Sugar and syrups,928,TRUE,
food_sweeteners_molasses,Molasses,Food,Sweeteners,Sugar and syrups,specific,food_sweeteners_sweeteners,TRUE,,tsp,serving|piece|g|kg|oz|cup|tbsp|tsp|slice|bowl|plate|pack,FALSE,Molasses Food Sweeteners Sugar and syrups,929,TRUE,
food_sweeteners_rice_syrup,Rice syrup,Food,Sweeteners,Sugar and syrups,specific,food_sweeteners_sweeteners,TRUE,,tsp,serving|piece|g|kg|oz|cup|tbsp|tsp|slice|bowl|plate|pack,FALSE,Rice syrup Food Sweeteners Sugar and syrups,930,TRUE,
food_sweeteners_barley_malt_syrup,Barley malt syrup,Food,Sweeteners,Sugar and syrups,specific,food_sweeteners_sweeteners,TRUE,,tsp,serving|piece|g|kg|oz|cup|tbsp|tsp|slice|bowl|plate|pack,FALSE,Barley malt syrup Food Sweeteners Sugar and syrups,931,TRUE,
food_sweeteners_date_sugar,Date sugar,Food,Sweeteners,Sugar and syrups,specific,food_sweeteners_sweeteners,TRUE,,tsp,serving|piece|g|kg|oz|cup|tbsp|tsp|slice|bowl|plate|pack,FALSE,Date sugar Food Sweeteners Sugar and syrups,932,TRUE,
food_sweeteners_fruit_syrup,Fruit syrup,Food,Sweeteners,Sugar and syrups,specific,food_sweeteners_sweeteners,TRUE,,tsp,serving|piece|g|kg|oz|cup|tbsp|tsp|slice|bowl|plate|pack,FALSE,Fruit syrup Food Sweeteners Sugar and syrups,933,TRUE,
food_sweeteners_stevia,Stevia,Food,Sweeteners,Low-calorie sweeteners,specific,food_sweeteners_sweeteners,TRUE,,tsp,serving|piece|g|kg|oz|cup|tbsp|tsp|slice|bowl|plate|pack,FALSE,Stevia Food Sweeteners Low-calorie sweeteners,934,TRUE,
food_sweeteners_aspartame,Aspartame,Food,Sweeteners,Low-calorie sweeteners,specific,food_sweeteners_sweeteners,TRUE,,tsp,serving|piece|g|kg|oz|cup|tbsp|tsp|slice|bowl|plate|pack,FALSE,Aspartame Food Sweeteners Low-calorie sweeteners,935,TRUE,
food_sweeteners_sucralose,Sucralose,Food,Sweeteners,Low-calorie sweeteners,specific,food_sweeteners_sweeteners,TRUE,,tsp,serving|piece|g|kg|oz|cup|tbsp|tsp|slice|bowl|plate|pack,FALSE,Sucralose Food Sweeteners Low-calorie sweeteners,936,TRUE,
food_sweeteners_saccharin,Saccharin,Food,Sweeteners,Low-calorie sweeteners,specific,food_sweeteners_sweeteners,TRUE,,tsp,serving|piece|g|kg|oz|cup|tbsp|tsp|slice|bowl|plate|pack,FALSE,Saccharin Food Sweeteners Low-calorie sweeteners,937,TRUE,
food_sweeteners_acesulfame_potassium,Acesulfame potassium,Food,Sweeteners,Low-calorie sweeteners,specific,food_sweeteners_sweeteners,TRUE,,tsp,serving|piece|g|kg|oz|cup|tbsp|tsp|slice|bowl|plate|pack,FALSE,Acesulfame potassium Food Sweeteners Low-calorie sweeteners,938,TRUE,
food_sweeteners_erythritol,Erythritol,Food,Sweeteners,Low-calorie sweeteners,specific,food_sweeteners_sweeteners,TRUE,,tsp,serving|piece|g|kg|oz|cup|tbsp|tsp|slice|bowl|plate|pack,FALSE,Erythritol Food Sweeteners Low-calorie sweeteners,939,TRUE,
food_sweeteners_xylitol,Xylitol,Food,Sweeteners,Low-calorie sweeteners,specific,food_sweeteners_sweeteners,TRUE,,tsp,serving|piece|g|kg|oz|cup|tbsp|tsp|slice|bowl|plate|pack,FALSE,Xylitol Food Sweeteners Low-calorie sweeteners,940,TRUE,
food_sweeteners_sorbitol,Sorbitol,Food,Sweeteners,Low-calorie sweeteners,specific,food_sweeteners_sweeteners,TRUE,,tsp,serving|piece|g|kg|oz|cup|tbsp|tsp|slice|bowl|plate|pack,FALSE,Sorbitol Food Sweeteners Low-calorie sweeteners,941,TRUE,
food_sweeteners_maltitol,Maltitol,Food,Sweeteners,Low-calorie sweeteners,specific,food_sweeteners_sweeteners,TRUE,,tsp,serving|piece|g|kg|oz|cup|tbsp|tsp|slice|bowl|plate|pack,FALSE,Maltitol Food Sweeteners Low-calorie sweeteners,942,TRUE,
food_sweeteners_monk_fruit_sweetener,Monk fruit sweetener,Food,Sweeteners,Low-calorie sweeteners,specific,food_sweeteners_sweeteners,TRUE,,tsp,serving|piece|g|kg|oz|cup|tbsp|tsp|slice|bowl|plate|pack,FALSE,Monk fruit sweetener Food Sweeteners Low-calorie sweeteners,943,TRUE,
food_sweeteners_allulose,Allulose,Food,Sweeteners,Low-calorie sweeteners,specific,food_sweeteners_sweeteners,TRUE,,tsp,serving|piece|g|kg|oz|cup|tbsp|tsp|slice|bowl|plate|pack,FALSE,Allulose Food Sweeteners Low-calorie sweeteners,944,TRUE,
food_sweeteners_artificial_sweetener,Artificial sweetener,Food,Sweeteners,Low-calorie sweeteners,specific,food_sweeteners_sweeteners,TRUE,,tsp,serving|piece|g|kg|oz|cup|tbsp|tsp|slice|bowl|plate|pack,FALSE,Artificial sweetener Food Sweeteners Low-calorie sweeteners,945,TRUE,
food_sweets_and_desserts_sweets_and_desserts,Sweets and desserts,Food,Sweets and desserts,General,general,,TRUE,,piece,serving|piece|g|kg|oz|cup|tbsp|tsp|slice|bowl|plate|pack,FALSE,Sweets and desserts Food Sweets and desserts General,946,TRUE,General option remains selectable when the user does not want to choose a specific item.
food_sweets_and_desserts_chocolate,Chocolate,Food,Sweets and desserts,Chocolate and candy,specific,food_sweets_and_desserts_sweets_and_desserts,TRUE,,piece,serving|piece|g|kg|oz|cup|tbsp|tsp|slice|bowl|plate|pack,FALSE,Chocolate Food Sweets and desserts Chocolate and candy,947,TRUE,
food_sweets_and_desserts_dark_chocolate,Dark chocolate,Food,Sweets and desserts,Chocolate and candy,specific,food_sweets_and_desserts_sweets_and_desserts,TRUE,,piece,serving|piece|g|kg|oz|cup|tbsp|tsp|slice|bowl|plate|pack,FALSE,Dark chocolate Food Sweets and desserts Chocolate and candy,948,TRUE,
food_sweets_and_desserts_milk_chocolate,Milk chocolate,Food,Sweets and desserts,Chocolate and candy,specific,food_sweets_and_desserts_sweets_and_desserts,TRUE,,piece,serving|piece|g|kg|oz|cup|tbsp|tsp|slice|bowl|plate|pack,FALSE,Milk chocolate Food Sweets and desserts Chocolate and candy,949,TRUE,
food_sweets_and_desserts_white_chocolate,White chocolate,Food,Sweets and desserts,Chocolate and candy,specific,food_sweets_and_desserts_sweets_and_desserts,TRUE,,piece,serving|piece|g|kg|oz|cup|tbsp|tsp|slice|bowl|plate|pack,FALSE,White chocolate Food Sweets and desserts Chocolate and candy,950,TRUE,
food_sweets_and_desserts_chocolate_bar,Chocolate bar,Food,Sweets and desserts,Chocolate and candy,specific,food_sweets_and_desserts_sweets_and_desserts,TRUE,,piece,serving|piece|g|kg|oz|cup|tbsp|tsp|slice|bowl|plate|pack,FALSE,Chocolate bar Food Sweets and desserts Chocolate and candy,951,TRUE,
food_sweets_and_desserts_chocolate_truffle,Chocolate truffle,Food,Sweets and desserts,Chocolate and candy,specific,food_sweets_and_desserts_sweets_and_desserts,TRUE,,piece,serving|piece|g|kg|oz|cup|tbsp|tsp|slice|bowl|plate|pack,FALSE,Chocolate truffle Food Sweets and desserts Chocolate and candy,952,TRUE,
food_sweets_and_desserts_chocolate_spread,Chocolate spread,Food,Sweets and desserts,Chocolate and candy,specific,food_sweets_and_desserts_sweets_and_desserts,TRUE,,piece,serving|piece|g|kg|oz|cup|tbsp|tsp|slice|bowl|plate|pack,FALSE,Chocolate spread Food Sweets and desserts Chocolate and candy,953,TRUE,
food_sweets_and_desserts_cocoa_powder,Cocoa powder,Food,Sweets and desserts,Chocolate and candy,specific,food_sweets_and_desserts_sweets_and_desserts,TRUE,,piece,serving|piece|g|kg|oz|cup|tbsp|tsp|slice|bowl|plate|pack,FALSE,Cocoa powder Food Sweets and desserts Chocolate and candy,954,TRUE,
food_sweets_and_desserts_caramel,Caramel,Food,Sweets and desserts,Chocolate and candy,specific,food_sweets_and_desserts_sweets_and_desserts,TRUE,,piece,serving|piece|g|kg|oz|cup|tbsp|tsp|slice|bowl|plate|pack,FALSE,Caramel Food Sweets and desserts Chocolate and candy,955,TRUE,
food_sweets_and_desserts_toffee,Toffee,Food,Sweets and desserts,Chocolate and candy,specific,food_sweets_and_desserts_sweets_and_desserts,TRUE,,piece,serving|piece|g|kg|oz|cup|tbsp|tsp|slice|bowl|plate|pack,FALSE,Toffee Food Sweets and desserts Chocolate and candy,956,TRUE,
food_sweets_and_desserts_fudge,Fudge,Food,Sweets and desserts,Chocolate and candy,specific,food_sweets_and_desserts_sweets_and_desserts,TRUE,,piece,serving|piece|g|kg|oz|cup|tbsp|tsp|slice|bowl|plate|pack,FALSE,Fudge Food Sweets and desserts Chocolate and candy,957,TRUE,
food_sweets_and_desserts_hard_candy,Hard candy,Food,Sweets and desserts,Chocolate and candy,specific,food_sweets_and_desserts_sweets_and_desserts,TRUE,,piece,serving|piece|g|kg|oz|cup|tbsp|tsp|slice|bowl|plate|pack,FALSE,Hard candy Food Sweets and desserts Chocolate and candy,958,TRUE,
food_sweets_and_desserts_gummy_candy,Gummy candy,Food,Sweets and desserts,Chocolate and candy,specific,food_sweets_and_desserts_sweets_and_desserts,TRUE,,piece,serving|piece|g|kg|oz|cup|tbsp|tsp|slice|bowl|plate|pack,FALSE,Gummy candy Food Sweets and desserts Chocolate and candy,959,TRUE,
food_sweets_and_desserts_jelly_candy,Jelly candy,Food,Sweets and desserts,Chocolate and candy,specific,food_sweets_and_desserts_sweets_and_desserts,TRUE,,piece,serving|piece|g|kg|oz|cup|tbsp|tsp|slice|bowl|plate|pack,FALSE,Jelly candy Food Sweets and desserts Chocolate and candy,960,TRUE,
food_sweets_and_desserts_marshmallow,Marshmallow,Food,Sweets and desserts,Chocolate and candy,specific,food_sweets_and_desserts_sweets_and_desserts,TRUE,,piece,serving|piece|g|kg|oz|cup|tbsp|tsp|slice|bowl|plate|pack,FALSE,Marshmallow Food Sweets and desserts Chocolate and candy,961,TRUE,
food_sweets_and_desserts_lollipop,Lollipop,Food,Sweets and desserts,Chocolate and candy,specific,food_sweets_and_desserts_sweets_and_desserts,TRUE,,piece,serving|piece|g|kg|oz|cup|tbsp|tsp|slice|bowl|plate|pack,FALSE,Lollipop Food Sweets and desserts Chocolate and candy,962,TRUE,
food_sweets_and_desserts_licorice_candy,Licorice candy,Food,Sweets and desserts,Chocolate and candy,specific,food_sweets_and_desserts_sweets_and_desserts,TRUE,,piece,serving|piece|g|kg|oz|cup|tbsp|tsp|slice|bowl|plate|pack,FALSE,Licorice candy Food Sweets and desserts Chocolate and candy,963,TRUE,
food_sweets_and_desserts_mint_candy,Mint candy,Food,Sweets and desserts,Chocolate and candy,specific,food_sweets_and_desserts_sweets_and_desserts,TRUE,,piece,serving|piece|g|kg|oz|cup|tbsp|tsp|slice|bowl|plate|pack,FALSE,Mint candy Food Sweets and desserts Chocolate and candy,964,TRUE,
food_sweets_and_desserts_chewing_candy,Chewing candy,Food,Sweets and desserts,Chocolate and candy,specific,food_sweets_and_desserts_sweets_and_desserts,TRUE,,piece,serving|piece|g|kg|oz|cup|tbsp|tsp|slice|bowl|plate|pack,FALSE,Chewing candy Food Sweets and desserts Chocolate and candy,965,TRUE,
food_sweets_and_desserts_nougat,Nougat,Food,Sweets and desserts,Chocolate and candy,specific,food_sweets_and_desserts_sweets_and_desserts,TRUE,,piece,serving|piece|g|kg|oz|cup|tbsp|tsp|slice|bowl|plate|pack,FALSE,Nougat Food Sweets and desserts Chocolate and candy,966,TRUE,
food_sweets_and_desserts_halva,Halva,Food,Sweets and desserts,Chocolate and candy,specific,food_sweets_and_desserts_sweets_and_desserts,TRUE,,piece,serving|piece|g|kg|oz|cup|tbsp|tsp|slice|bowl|plate|pack,FALSE,Halva Food Sweets and desserts Chocolate and candy,967,TRUE,
food_sweets_and_desserts_turkish_delight,Turkish delight,Food,Sweets and desserts,Chocolate and candy,specific,food_sweets_and_desserts_sweets_and_desserts,TRUE,,piece,serving|piece|g|kg|oz|cup|tbsp|tsp|slice|bowl|plate|pack,FALSE,Turkish delight Food Sweets and desserts Chocolate and candy,968,TRUE,
food_sweets_and_desserts_cotton_candy,Cotton candy,Food,Sweets and desserts,Chocolate and candy,specific,food_sweets_and_desserts_sweets_and_desserts,TRUE,,piece,serving|piece|g|kg|oz|cup|tbsp|tsp|slice|bowl|plate|pack,FALSE,Cotton candy Food Sweets and desserts Chocolate and candy,969,TRUE,
food_sweets_and_desserts_ice_cream,Ice cream,Food,Sweets and desserts,Frozen desserts,specific,food_sweets_and_desserts_sweets_and_desserts,TRUE,,serving,serving|piece|g|kg|oz|cup|tbsp|tsp|slice|bowl|plate|pack,FALSE,Ice cream Food Sweets and desserts Frozen desserts,970,TRUE,
food_sweets_and_desserts_gelato,Gelato,Food,Sweets and desserts,Frozen desserts,specific,food_sweets_and_desserts_sweets_and_desserts,TRUE,,serving,serving|piece|g|kg|oz|cup|tbsp|tsp|slice|bowl|plate|pack,FALSE,Gelato Food Sweets and desserts Frozen desserts,971,TRUE,
food_sweets_and_desserts_sorbet,Sorbet,Food,Sweets and desserts,Frozen desserts,specific,food_sweets_and_desserts_sweets_and_desserts,TRUE,,serving,serving|piece|g|kg|oz|cup|tbsp|tsp|slice|bowl|plate|pack,FALSE,Sorbet Food Sweets and desserts Frozen desserts,972,TRUE,
food_sweets_and_desserts_frozen_yogurt,Frozen yogurt,Food,Sweets and desserts,Frozen desserts,specific,food_sweets_and_desserts_sweets_and_desserts,TRUE,,serving,serving|piece|g|kg|oz|cup|tbsp|tsp|slice|bowl|plate|pack,FALSE,Frozen yogurt Food Sweets and desserts Frozen desserts,973,TRUE,
food_sweets_and_desserts_ice_pop,Ice pop,Food,Sweets and desserts,Frozen desserts,specific,food_sweets_and_desserts_sweets_and_desserts,TRUE,,serving,serving|piece|g|kg|oz|cup|tbsp|tsp|slice|bowl|plate|pack,FALSE,Ice pop Food Sweets and desserts Frozen desserts,974,TRUE,
food_sweets_and_desserts_kulfi,Kulfi,Food,Sweets and desserts,Frozen desserts,specific,food_sweets_and_desserts_sweets_and_desserts,TRUE,,serving,serving|piece|g|kg|oz|cup|tbsp|tsp|slice|bowl|plate|pack,FALSE,Kulfi Food Sweets and desserts Frozen desserts,975,TRUE,
food_sweets_and_desserts_soft_serve,Soft serve,Food,Sweets and desserts,Frozen desserts,specific,food_sweets_and_desserts_sweets_and_desserts,TRUE,,serving,serving|piece|g|kg|oz|cup|tbsp|tsp|slice|bowl|plate|pack,FALSE,Soft serve Food Sweets and desserts Frozen desserts,976,TRUE,
food_sweets_and_desserts_ice_cream_sandwich,Ice cream sandwich,Food,Sweets and desserts,Frozen desserts,specific,food_sweets_and_desserts_sweets_and_desserts,TRUE,,serving,serving|piece|g|kg|oz|cup|tbsp|tsp|slice|bowl|plate|pack,FALSE,Ice cream sandwich Food Sweets and desserts Frozen desserts,977,TRUE,
food_sweets_and_desserts_frozen_custard,Frozen custard,Food,Sweets and desserts,Frozen desserts,specific,food_sweets_and_desserts_sweets_and_desserts,TRUE,,serving,serving|piece|g|kg|oz|cup|tbsp|tsp|slice|bowl|plate|pack,FALSE,Frozen custard Food Sweets and desserts Frozen desserts,978,TRUE,
food_sweets_and_desserts_pudding,Pudding,Food,Sweets and desserts,Puddings and creamy desserts,specific,food_sweets_and_desserts_sweets_and_desserts,TRUE,,serving,serving|piece|g|kg|oz|cup|tbsp|tsp|slice|bowl|plate|pack,FALSE,Pudding Food Sweets and desserts Puddings and creamy desserts,979,TRUE,
food_sweets_and_desserts_custard,Custard,Food,Sweets and desserts,Puddings and creamy desserts,specific,food_sweets_and_desserts_sweets_and_desserts,TRUE,,serving,serving|piece|g|kg|oz|cup|tbsp|tsp|slice|bowl|plate|pack,FALSE,Custard Food Sweets and desserts Puddings and creamy desserts,980,TRUE,
food_sweets_and_desserts_rice_pudding,Rice pudding,Food,Sweets and desserts,Puddings and creamy desserts,specific,food_sweets_and_desserts_sweets_and_desserts,TRUE,,serving,serving|piece|g|kg|oz|cup|tbsp|tsp|slice|bowl|plate|pack,FALSE,Rice pudding Food Sweets and desserts Puddings and creamy desserts,981,TRUE,
food_sweets_and_desserts_bread_pudding,Bread pudding,Food,Sweets and desserts,Puddings and creamy desserts,specific,food_sweets_and_desserts_sweets_and_desserts,TRUE,,serving,serving|piece|g|kg|oz|cup|tbsp|tsp|slice|bowl|plate|pack,FALSE,Bread pudding Food Sweets and desserts Puddings and creamy desserts,982,TRUE,
food_sweets_and_desserts_chocolate_mousse,Chocolate mousse,Food,Sweets and desserts,Puddings and creamy desserts,specific,food_sweets_and_desserts_sweets_and_desserts,TRUE,,serving,serving|piece|g|kg|oz|cup|tbsp|tsp|slice|bowl|plate|pack,FALSE,Chocolate mousse Food Sweets and desserts Puddings and creamy desserts,983,TRUE,
food_sweets_and_desserts_tiramisu,Tiramisu,Food,Sweets and desserts,Puddings and creamy desserts,specific,food_sweets_and_desserts_sweets_and_desserts,TRUE,,serving,serving|piece|g|kg|oz|cup|tbsp|tsp|slice|bowl|plate|pack,FALSE,Tiramisu Food Sweets and desserts Puddings and creamy desserts,984,TRUE,
food_sweets_and_desserts_panna_cotta,Panna cotta,Food,Sweets and desserts,Puddings and creamy desserts,specific,food_sweets_and_desserts_sweets_and_desserts,TRUE,,serving,serving|piece|g|kg|oz|cup|tbsp|tsp|slice|bowl|plate|pack,FALSE,Panna cotta Food Sweets and desserts Puddings and creamy desserts,985,TRUE,
food_sweets_and_desserts_creme_brulee,Creme brulee,Food,Sweets and desserts,Puddings and creamy desserts,specific,food_sweets_and_desserts_sweets_and_desserts,TRUE,,serving,serving|piece|g|kg|oz|cup|tbsp|tsp|slice|bowl|plate|pack,FALSE,Creme brulee Food Sweets and desserts Puddings and creamy desserts,986,TRUE,
food_sweets_and_desserts_flan,Flan,Food,Sweets and desserts,Puddings and creamy desserts,specific,food_sweets_and_desserts_sweets_and_desserts,TRUE,,serving,serving|piece|g|kg|oz|cup|tbsp|tsp|slice|bowl|plate|pack,FALSE,Flan Food Sweets and desserts Puddings and creamy desserts,987,TRUE,
food_sweets_and_desserts_jelly_dessert,Jelly dessert,Food,Sweets and desserts,Puddings and creamy desserts,specific,food_sweets_and_desserts_sweets_and_desserts,TRUE,,serving,serving|piece|g|kg|oz|cup|tbsp|tsp|slice|bowl|plate|pack,FALSE,Jelly dessert Food Sweets and desserts Puddings and creamy desserts,988,TRUE,
food_sweets_and_desserts_trifle,Trifle,Food,Sweets and desserts,Puddings and creamy desserts,specific,food_sweets_and_desserts_sweets_and_desserts,TRUE,,serving,serving|piece|g|kg|oz|cup|tbsp|tsp|slice|bowl|plate|pack,FALSE,Trifle Food Sweets and desserts Puddings and creamy desserts,989,TRUE,
food_sweets_and_desserts_mahalabia,Mahalabia,Food,Sweets and desserts,Puddings and creamy desserts,specific,food_sweets_and_desserts_sweets_and_desserts,TRUE,,serving,serving|piece|g|kg|oz|cup|tbsp|tsp|slice|bowl|plate|pack,FALSE,Mahalabia Food Sweets and desserts Puddings and creamy desserts,990,TRUE,
food_sweets_and_desserts_umm_ali,Umm Ali,Food,Sweets and desserts,Puddings and creamy desserts,specific,food_sweets_and_desserts_sweets_and_desserts,TRUE,,serving,serving|piece|g|kg|oz|cup|tbsp|tsp|slice|bowl|plate|pack,FALSE,Umm Ali Food Sweets and desserts Puddings and creamy desserts,991,TRUE,
food_sweets_and_desserts_chia_pudding,Chia pudding,Food,Sweets and desserts,Puddings and creamy desserts,specific,food_sweets_and_desserts_sweets_and_desserts,TRUE,,serving,serving|piece|g|kg|oz|cup|tbsp|tsp|slice|bowl|plate|pack,FALSE,Chia pudding Food Sweets and desserts Puddings and creamy desserts,992,TRUE,
food_snacks_snacks,Snacks,Food,Snacks,General,general,,TRUE,,serving,serving|piece|g|kg|oz|cup|tbsp|tsp|slice|bowl|plate|pack,FALSE,Snacks Food Snacks General,993,TRUE,General option remains selectable when the user does not want to choose a specific item.
food_snacks_potato_chips,Potato chips,Food,Snacks,Savory snacks,specific,food_snacks_snacks,TRUE,,serving,serving|piece|g|kg|oz|cup|tbsp|tsp|slice|bowl|plate|pack,FALSE,Potato chips Food Snacks Savory snacks,994,TRUE,
food_snacks_corn_chips,Corn chips,Food,Snacks,Savory snacks,specific,food_snacks_snacks,TRUE,,serving,serving|piece|g|kg|oz|cup|tbsp|tsp|slice|bowl|plate|pack,FALSE,Corn chips Food Snacks Savory snacks,995,TRUE,
food_snacks_tortilla_chips,Tortilla chips,Food,Snacks,Savory snacks,specific,food_snacks_snacks,TRUE,,serving,serving|piece|g|kg|oz|cup|tbsp|tsp|slice|bowl|plate|pack,FALSE,Tortilla chips Food Snacks Savory snacks,996,TRUE,
food_snacks_nachos,Nachos,Food,Snacks,Savory snacks,specific,food_snacks_snacks,TRUE,,serving,serving|piece|g|kg|oz|cup|tbsp|tsp|slice|bowl|plate|pack,FALSE,Nachos Food Snacks Savory snacks,997,TRUE,
food_snacks_popcorn,Popcorn,Food,Snacks,Savory snacks,specific,food_snacks_snacks,TRUE,,serving,serving|piece|g|kg|oz|cup|tbsp|tsp|slice|bowl|plate|pack,FALSE,Popcorn Food Snacks Savory snacks,998,TRUE,
food_snacks_pretzels,Pretzels,Food,Snacks,Savory snacks,specific,food_snacks_snacks,TRUE,,serving,serving|piece|g|kg|oz|cup|tbsp|tsp|slice|bowl|plate|pack,FALSE,Pretzels Food Snacks Savory snacks,999,TRUE,
food_snacks_cheese_puffs,Cheese puffs,Food,Snacks,Savory snacks,specific,food_snacks_snacks,TRUE,,serving,serving|piece|g|kg|oz|cup|tbsp|tsp|slice|bowl|plate|pack,FALSE,Cheese puffs Food Snacks Savory snacks,1000,TRUE,
food_snacks_crackers,Crackers,Food,Snacks,Savory snacks,specific,food_snacks_snacks,TRUE,,serving,serving|piece|g|kg|oz|cup|tbsp|tsp|slice|bowl|plate|pack,FALSE,Crackers Food Snacks Savory snacks,1001,TRUE,
food_snacks_rice_crackers,Rice crackers,Food,Snacks,Savory snacks,specific,food_snacks_snacks,TRUE,,serving,serving|piece|g|kg|oz|cup|tbsp|tsp|slice|bowl|plate|pack,FALSE,Rice crackers Food Snacks Savory snacks,1002,TRUE,
food_snacks_prawn_crackers,Prawn crackers,Food,Snacks,Savory snacks,specific,food_snacks_snacks,TRUE,,serving,serving|piece|g|kg|oz|cup|tbsp|tsp|slice|bowl|plate|pack,FALSE,Prawn crackers Food Snacks Savory snacks,1003,TRUE,
food_snacks_trail_mix,Trail mix,Food,Snacks,Savory snacks,specific,food_snacks_snacks,TRUE,,serving,serving|piece|g|kg|oz|cup|tbsp|tsp|slice|bowl|plate|pack,FALSE,Trail mix Food Snacks Savory snacks,1004,TRUE,
food_snacks_roasted_chickpeas,Roasted chickpeas,Food,Snacks,Savory snacks,specific,food_snacks_snacks,TRUE,,serving,serving|piece|g|kg|oz|cup|tbsp|tsp|slice|bowl|plate|pack,FALSE,Roasted chickpeas Food Snacks Savory snacks,1005,TRUE,
food_snacks_roasted_corn,Roasted corn,Food,Snacks,Savory snacks,specific,food_snacks_snacks,TRUE,,serving,serving|piece|g|kg|oz|cup|tbsp|tsp|slice|bowl|plate|pack,FALSE,Roasted corn Food Snacks Savory snacks,1006,TRUE,
food_snacks_seaweed_snack,Seaweed snack,Food,Snacks,Savory snacks,specific,food_snacks_snacks,TRUE,,serving,serving|piece|g|kg|oz|cup|tbsp|tsp|slice|bowl|plate|pack,FALSE,Seaweed snack Food Snacks Savory snacks,1007,TRUE,
food_snacks_snack_mix,Snack mix,Food,Snacks,Savory snacks,specific,food_snacks_snacks,TRUE,,serving,serving|piece|g|kg|oz|cup|tbsp|tsp|slice|bowl|plate|pack,FALSE,Snack mix Food Snacks Savory snacks,1008,TRUE,
food_snacks_salted_seeds,Salted seeds,Food,Snacks,Savory snacks,specific,food_snacks_snacks,TRUE,,serving,serving|piece|g|kg|oz|cup|tbsp|tsp|slice|bowl|plate|pack,FALSE,Salted seeds Food Snacks Savory snacks,1009,TRUE,
food_snacks_vegetable_chips,Vegetable chips,Food,Snacks,Savory snacks,specific,food_snacks_snacks,TRUE,,serving,serving|piece|g|kg|oz|cup|tbsp|tsp|slice|bowl|plate|pack,FALSE,Vegetable chips Food Snacks Savory snacks,1010,TRUE,
food_snacks_plantain_chips,Plantain chips,Food,Snacks,Savory snacks,specific,food_snacks_snacks,TRUE,,serving,serving|piece|g|kg|oz|cup|tbsp|tsp|slice|bowl|plate|pack,FALSE,Plantain chips Food Snacks Savory snacks,1011,TRUE,
food_snacks_pita_chips,Pita chips,Food,Snacks,Savory snacks,specific,food_snacks_snacks,TRUE,,serving,serving|piece|g|kg|oz|cup|tbsp|tsp|slice|bowl|plate|pack,FALSE,Pita chips Food Snacks Savory snacks,1012,TRUE,
food_snacks_granola_bar,Granola bar,Food,Snacks,Bars and packaged snacks,specific,food_snacks_snacks,TRUE,,serving,serving|piece|g|kg|oz|cup|tbsp|tsp|slice|bowl|plate|pack,FALSE,Granola bar Food Snacks Bars and packaged snacks,1013,TRUE,
food_snacks_cereal_bar,Cereal bar,Food,Snacks,Bars and packaged snacks,specific,food_snacks_snacks,TRUE,,serving,serving|piece|g|kg|oz|cup|tbsp|tsp|slice|bowl|plate|pack,FALSE,Cereal bar Food Snacks Bars and packaged snacks,1014,TRUE,
food_snacks_protein_bar,Protein bar,Food,Snacks,Bars and packaged snacks,specific,food_snacks_snacks,TRUE,,serving,serving|piece|g|kg|oz|cup|tbsp|tsp|slice|bowl|plate|pack,FALSE,Protein bar Food Snacks Bars and packaged snacks,1015,TRUE,
food_snacks_energy_bar,Energy bar,Food,Snacks,Bars and packaged snacks,specific,food_snacks_snacks,TRUE,,serving,serving|piece|g|kg|oz|cup|tbsp|tsp|slice|bowl|plate|pack,FALSE,Energy bar Food Snacks Bars and packaged snacks,1016,TRUE,
food_snacks_fruit_bar,Fruit bar,Food,Snacks,Bars and packaged snacks,specific,food_snacks_snacks,TRUE,,serving,serving|piece|g|kg|oz|cup|tbsp|tsp|slice|bowl|plate|pack,FALSE,Fruit bar Food Snacks Bars and packaged snacks,1017,TRUE,
food_snacks_nut_bar,Nut bar,Food,Snacks,Bars and packaged snacks,specific,food_snacks_snacks,TRUE,,serving,serving|piece|g|kg|oz|cup|tbsp|tsp|slice|bowl|plate|pack,FALSE,Nut bar Food Snacks Bars and packaged snacks,1018,TRUE,
food_snacks_chocolate_coated_bar,Chocolate-coated bar,Food,Snacks,Bars and packaged snacks,specific,food_snacks_snacks,TRUE,,serving,serving|piece|g|kg|oz|cup|tbsp|tsp|slice|bowl|plate|pack,FALSE,Chocolate-coated bar Food Snacks Bars and packaged snacks,1019,TRUE,
food_snacks_meal_replacement_bar,Meal replacement bar,Food,Snacks,Bars and packaged snacks,specific,food_snacks_snacks,TRUE,,serving,serving|piece|g|kg|oz|cup|tbsp|tsp|slice|bowl|plate|pack,FALSE,Meal replacement bar Food Snacks Bars and packaged snacks,1020,TRUE,
food_snacks_rice_cake_snack,Rice cake snack,Food,Snacks,Bars and packaged snacks,specific,food_snacks_snacks,TRUE,,serving,serving|piece|g|kg|oz|cup|tbsp|tsp|slice|bowl|plate|pack,FALSE,Rice cake snack Food Snacks Bars and packaged snacks,1021,TRUE,
food_snacks_packaged_snack,Packaged snack,Food,Snacks,Bars and packaged snacks,specific,food_snacks_snacks,TRUE,,serving,serving|piece|g|kg|oz|cup|tbsp|tsp|slice|bowl|plate|pack,FALSE,Packaged snack Food Snacks Bars and packaged snacks,1022,TRUE,
food_soups_and_stews_soups_and_stews,Soups and stews,Food,Soups and stews,General,general,,TRUE,,bowl,serving|piece|g|kg|oz|cup|tbsp|tsp|slice|bowl|plate|pack,FALSE,Soups and stews Food Soups and stews General,1023,TRUE,General option remains selectable when the user does not want to choose a specific item.
food_soups_and_stews_soup,Soup,Food,Soups and stews,Soups,specific,food_soups_and_stews_soups_and_stews,TRUE,,bowl,serving|piece|g|kg|oz|cup|tbsp|tsp|slice|bowl|plate|pack,FALSE,Soup Food Soups and stews Soups,1024,TRUE,
food_soups_and_stews_vegetable_soup,Vegetable soup,Food,Soups and stews,Soups,specific,food_soups_and_stews_soups_and_stews,TRUE,,bowl,serving|piece|g|kg|oz|cup|tbsp|tsp|slice|bowl|plate|pack,FALSE,Vegetable soup Food Soups and stews Soups,1025,TRUE,
food_soups_and_stews_chicken_soup,Chicken soup,Food,Soups and stews,Soups,specific,food_soups_and_stews_soups_and_stews,TRUE,,bowl,serving|piece|g|kg|oz|cup|tbsp|tsp|slice|bowl|plate|pack,FALSE,Chicken soup Food Soups and stews Soups,1026,TRUE,
food_soups_and_stews_beef_soup,Beef soup,Food,Soups and stews,Soups,specific,food_soups_and_stews_soups_and_stews,TRUE,,bowl,serving|piece|g|kg|oz|cup|tbsp|tsp|slice|bowl|plate|pack,FALSE,Beef soup Food Soups and stews Soups,1027,TRUE,
food_soups_and_stews_lentil_soup,Lentil soup,Food,Soups and stews,Soups,specific,food_soups_and_stews_soups_and_stews,TRUE,,bowl,serving|piece|g|kg|oz|cup|tbsp|tsp|slice|bowl|plate|pack,FALSE,Lentil soup Food Soups and stews Soups,1028,TRUE,
food_soups_and_stews_tomato_soup,Tomato soup,Food,Soups and stews,Soups,specific,food_soups_and_stews_soups_and_stews,TRUE,,bowl,serving|piece|g|kg|oz|cup|tbsp|tsp|slice|bowl|plate|pack,FALSE,Tomato soup Food Soups and stews Soups,1029,TRUE,
food_soups_and_stews_mushroom_soup,Mushroom soup,Food,Soups and stews,Soups,specific,food_soups_and_stews_soups_and_stews,TRUE,,bowl,serving|piece|g|kg|oz|cup|tbsp|tsp|slice|bowl|plate|pack,FALSE,Mushroom soup Food Soups and stews Soups,1030,TRUE,
food_soups_and_stews_pumpkin_soup,Pumpkin soup,Food,Soups and stews,Soups,specific,food_soups_and_stews_soups_and_stews,TRUE,,bowl,serving|piece|g|kg|oz|cup|tbsp|tsp|slice|bowl|plate|pack,FALSE,Pumpkin soup Food Soups and stews Soups,1031,TRUE,
food_soups_and_stews_onion_soup,Onion soup,Food,Soups and stews,Soups,specific,food_soups_and_stews_soups_and_stews,TRUE,,bowl,serving|piece|g|kg|oz|cup|tbsp|tsp|slice|bowl|plate|pack,FALSE,Onion soup Food Soups and stews Soups,1032,TRUE,
food_soups_and_stews_minestrone,Minestrone,Food,Soups and stews,Soups,specific,food_soups_and_stews_soups_and_stews,TRUE,,bowl,serving|piece|g|kg|oz|cup|tbsp|tsp|slice|bowl|plate|pack,FALSE,Minestrone Food Soups and stews Soups,1033,TRUE,
food_soups_and_stews_noodle_soup,Noodle soup,Food,Soups and stews,Soups,specific,food_soups_and_stews_soups_and_stews,TRUE,,bowl,serving|piece|g|kg|oz|cup|tbsp|tsp|slice|bowl|plate|pack,FALSE,Noodle soup Food Soups and stews Soups,1034,TRUE,
food_soups_and_stews_miso_soup,Miso soup,Food,Soups and stews,Soups,specific,food_soups_and_stews_soups_and_stews,TRUE,,bowl,serving|piece|g|kg|oz|cup|tbsp|tsp|slice|bowl|plate|pack,FALSE,Miso soup Food Soups and stews Soups,1035,TRUE,
food_soups_and_stews_seafood_soup,Seafood soup,Food,Soups and stews,Soups,specific,food_soups_and_stews_soups_and_stews,TRUE,,bowl,serving|piece|g|kg|oz|cup|tbsp|tsp|slice|bowl|plate|pack,FALSE,Seafood soup Food Soups and stews Soups,1036,TRUE,
food_soups_and_stews_cream_soup,Cream soup,Food,Soups and stews,Soups,specific,food_soups_and_stews_soups_and_stews,TRUE,,bowl,serving|piece|g|kg|oz|cup|tbsp|tsp|slice|bowl|plate|pack,FALSE,Cream soup Food Soups and stews Soups,1037,TRUE,
food_soups_and_stews_broth,Broth,Food,Soups and stews,Soups,specific,food_soups_and_stews_soups_and_stews,TRUE,,bowl,serving|piece|g|kg|oz|cup|tbsp|tsp|slice|bowl|plate|pack,FALSE,Broth Food Soups and stews Soups,1038,TRUE,
food_soups_and_stews_bone_broth,Bone broth,Food,Soups and stews,Soups,specific,food_soups_and_stews_soups_and_stews,TRUE,,bowl,serving|piece|g|kg|oz|cup|tbsp|tsp|slice|bowl|plate|pack,FALSE,Bone broth Food Soups and stews Soups,1039,TRUE,
food_soups_and_stews_gazpacho,Gazpacho,Food,Soups and stews,Soups,specific,food_soups_and_stews_soups_and_stews,TRUE,,bowl,serving|piece|g|kg|oz|cup|tbsp|tsp|slice|bowl|plate|pack,FALSE,Gazpacho Food Soups and stews Soups,1040,TRUE,
food_soups_and_stews_pho_broth,Pho broth,Food,Soups and stews,Soups,specific,food_soups_and_stews_soups_and_stews,TRUE,,bowl,serving|piece|g|kg|oz|cup|tbsp|tsp|slice|bowl|plate|pack,FALSE,Pho broth Food Soups and stews Soups,1041,TRUE,
food_soups_and_stews_stew,Stew,Food,Soups and stews,Stews,specific,food_soups_and_stews_soups_and_stews,TRUE,,bowl,serving|piece|g|kg|oz|cup|tbsp|tsp|slice|bowl|plate|pack,FALSE,Stew Food Soups and stews Stews,1042,TRUE,
food_soups_and_stews_beef_stew,Beef stew,Food,Soups and stews,Stews,specific,food_soups_and_stews_soups_and_stews,TRUE,,bowl,serving|piece|g|kg|oz|cup|tbsp|tsp|slice|bowl|plate|pack,FALSE,Beef stew Food Soups and stews Stews,1043,TRUE,
food_soups_and_stews_chicken_stew,Chicken stew,Food,Soups and stews,Stews,specific,food_soups_and_stews_soups_and_stews,TRUE,,bowl,serving|piece|g|kg|oz|cup|tbsp|tsp|slice|bowl|plate|pack,FALSE,Chicken stew Food Soups and stews Stews,1044,TRUE,
food_soups_and_stews_lamb_stew,Lamb stew,Food,Soups and stews,Stews,specific,food_soups_and_stews_soups_and_stews,TRUE,,bowl,serving|piece|g|kg|oz|cup|tbsp|tsp|slice|bowl|plate|pack,FALSE,Lamb stew Food Soups and stews Stews,1045,TRUE,
food_soups_and_stews_vegetable_stew,Vegetable stew,Food,Soups and stews,Stews,specific,food_soups_and_stews_soups_and_stews,TRUE,,bowl,serving|piece|g|kg|oz|cup|tbsp|tsp|slice|bowl|plate|pack,FALSE,Vegetable stew Food Soups and stews Stews,1046,TRUE,
food_soups_and_stews_fish_stew,Fish stew,Food,Soups and stews,Stews,specific,food_soups_and_stews_soups_and_stews,TRUE,,bowl,serving|piece|g|kg|oz|cup|tbsp|tsp|slice|bowl|plate|pack,FALSE,Fish stew Food Soups and stews Stews,1047,TRUE,
food_soups_and_stews_bean_stew,Bean stew,Food,Soups and stews,Stews,specific,food_soups_and_stews_soups_and_stews,TRUE,,bowl,serving|piece|g|kg|oz|cup|tbsp|tsp|slice|bowl|plate|pack,FALSE,Bean stew Food Soups and stews Stews,1048,TRUE,
food_soups_and_stews_lentil_stew,Lentil stew,Food,Soups and stews,Stews,specific,food_soups_and_stews_soups_and_stews,TRUE,,bowl,serving|piece|g|kg|oz|cup|tbsp|tsp|slice|bowl|plate|pack,FALSE,Lentil stew Food Soups and stews Stews,1049,TRUE,
food_soups_and_stews_tagine,Tagine,Food,Soups and stews,Stews,specific,food_soups_and_stews_soups_and_stews,TRUE,,bowl,serving|piece|g|kg|oz|cup|tbsp|tsp|slice|bowl|plate|pack,FALSE,Tagine Food Soups and stews Stews,1050,TRUE,
food_soups_and_stews_goulash,Goulash,Food,Soups and stews,Stews,specific,food_soups_and_stews_soups_and_stews,TRUE,,bowl,serving|piece|g|kg|oz|cup|tbsp|tsp|slice|bowl|plate|pack,FALSE,Goulash Food Soups and stews Stews,1051,TRUE,
food_soups_and_stews_curry_stew,Curry stew,Food,Soups and stews,Stews,specific,food_soups_and_stews_soups_and_stews,TRUE,,bowl,serving|piece|g|kg|oz|cup|tbsp|tsp|slice|bowl|plate|pack,FALSE,Curry stew Food Soups and stews Stews,1052,TRUE,
food_soups_and_stews_okra_stew,Okra stew,Food,Soups and stews,Stews,specific,food_soups_and_stews_soups_and_stews,TRUE,,bowl,serving|piece|g|kg|oz|cup|tbsp|tsp|slice|bowl|plate|pack,FALSE,Okra stew Food Soups and stews Stews,1053,TRUE,
food_salads_salad,Salad,Food,Salads,General,general,,TRUE,,bowl,serving|piece|g|kg|oz|cup|tbsp|tsp|slice|bowl|plate|pack,FALSE,Salad Food Salads General,1054,TRUE,General option remains selectable when the user does not want to choose a specific item.
food_salads_green_salad,Green salad,Food,Salads,Salad types,specific,food_salads_salad,TRUE,,bowl,serving|piece|g|kg|oz|cup|tbsp|tsp|slice|bowl|plate|pack,FALSE,Green salad Food Salads Salad types,1055,TRUE,
food_salads_garden_salad,Garden salad,Food,Salads,Salad types,specific,food_salads_salad,TRUE,,bowl,serving|piece|g|kg|oz|cup|tbsp|tsp|slice|bowl|plate|pack,FALSE,Garden salad Food Salads Salad types,1056,TRUE,
food_salads_caesar_salad,Caesar salad,Food,Salads,Salad types,specific,food_salads_salad,TRUE,,bowl,serving|piece|g|kg|oz|cup|tbsp|tsp|slice|bowl|plate|pack,FALSE,Caesar salad Food Salads Salad types,1057,TRUE,
food_salads_greek_salad,Greek salad,Food,Salads,Salad types,specific,food_salads_salad,TRUE,,bowl,serving|piece|g|kg|oz|cup|tbsp|tsp|slice|bowl|plate|pack,FALSE,Greek salad Food Salads Salad types,1058,TRUE,
food_salads_fattoush,Fattoush,Food,Salads,Salad types,specific,food_salads_salad,TRUE,,bowl,serving|piece|g|kg|oz|cup|tbsp|tsp|slice|bowl|plate|pack,FALSE,Fattoush Food Salads Salad types,1059,TRUE,
food_salads_tabbouleh,Tabbouleh,Food,Salads,Salad types,specific,food_salads_salad,TRUE,,bowl,serving|piece|g|kg|oz|cup|tbsp|tsp|slice|bowl|plate|pack,FALSE,Tabbouleh Food Salads Salad types,1060,TRUE,
food_salads_coleslaw,Coleslaw,Food,Salads,Salad types,specific,food_salads_salad,TRUE,,bowl,serving|piece|g|kg|oz|cup|tbsp|tsp|slice|bowl|plate|pack,FALSE,Coleslaw Food Salads Salad types,1061,TRUE,
food_salads_potato_salad,Potato salad,Food,Salads,Salad types,specific,food_salads_salad,TRUE,,bowl,serving|piece|g|kg|oz|cup|tbsp|tsp|slice|bowl|plate|pack,FALSE,Potato salad Food Salads Salad types,1062,TRUE,
food_salads_pasta_salad,Pasta salad,Food,Salads,Salad types,specific,food_salads_salad,TRUE,,bowl,serving|piece|g|kg|oz|cup|tbsp|tsp|slice|bowl|plate|pack,FALSE,Pasta salad Food Salads Salad types,1063,TRUE,
food_salads_rice_salad,Rice salad,Food,Salads,Salad types,specific,food_salads_salad,TRUE,,bowl,serving|piece|g|kg|oz|cup|tbsp|tsp|slice|bowl|plate|pack,FALSE,Rice salad Food Salads Salad types,1064,TRUE,
food_salads_bean_salad,Bean salad,Food,Salads,Salad types,specific,food_salads_salad,TRUE,,bowl,serving|piece|g|kg|oz|cup|tbsp|tsp|slice|bowl|plate|pack,FALSE,Bean salad Food Salads Salad types,1065,TRUE,
food_salads_tuna_salad,Tuna salad,Food,Salads,Salad types,specific,food_salads_salad,TRUE,,bowl,serving|piece|g|kg|oz|cup|tbsp|tsp|slice|bowl|plate|pack,FALSE,Tuna salad Food Salads Salad types,1066,TRUE,
food_salads_chicken_salad,Chicken salad,Food,Salads,Salad types,specific,food_salads_salad,TRUE,,bowl,serving|piece|g|kg|oz|cup|tbsp|tsp|slice|bowl|plate|pack,FALSE,Chicken salad Food Salads Salad types,1067,TRUE,
food_salads_egg_salad,Egg salad,Food,Salads,Salad types,specific,food_salads_salad,TRUE,,bowl,serving|piece|g|kg|oz|cup|tbsp|tsp|slice|bowl|plate|pack,FALSE,Egg salad Food Salads Salad types,1068,TRUE,
food_salads_fruit_salad,Fruit salad,Food,Salads,Salad types,specific,food_salads_salad,TRUE,,bowl,serving|piece|g|kg|oz|cup|tbsp|tsp|slice|bowl|plate|pack,FALSE,Fruit salad Food Salads Salad types,1069,TRUE,
food_salads_quinoa_salad,Quinoa salad,Food,Salads,Salad types,specific,food_salads_salad,TRUE,,bowl,serving|piece|g|kg|oz|cup|tbsp|tsp|slice|bowl|plate|pack,FALSE,Quinoa salad Food Salads Salad types,1070,TRUE,
food_salads_caprese_salad,Caprese salad,Food,Salads,Salad types,specific,food_salads_salad,TRUE,,bowl,serving|piece|g|kg|oz|cup|tbsp|tsp|slice|bowl|plate|pack,FALSE,Caprese salad Food Salads Salad types,1071,TRUE,
food_sandwiches_and_wraps_sandwich_or_wrap,Sandwich or wrap,Food,Sandwiches and wraps,General,general,,TRUE,,piece,serving|piece|g|kg|oz|cup|tbsp|tsp|slice|bowl|plate|pack,FALSE,Sandwich or wrap Food Sandwiches and wraps General,1072,TRUE,General option remains selectable when the user does not want to choose a specific item.
food_sandwiches_and_wraps_sandwich,Sandwich,Food,Sandwiches and wraps,Sandwiches,specific,food_sandwiches_and_wraps_sandwich_or_wrap,TRUE,,piece,serving|piece|g|kg|oz|cup|tbsp|tsp|slice|bowl|plate|pack,FALSE,Sandwich Food Sandwiches and wraps Sandwiches,1073,TRUE,
food_sandwiches_and_wraps_cheese_sandwich,Cheese sandwich,Food,Sandwiches and wraps,Sandwiches,specific,food_sandwiches_and_wraps_sandwich_or_wrap,TRUE,,piece,serving|piece|g|kg|oz|cup|tbsp|tsp|slice|bowl|plate|pack,FALSE,Cheese sandwich Food Sandwiches and wraps Sandwiches,1074,TRUE,
food_sandwiches_and_wraps_chicken_sandwich,Chicken sandwich,Food,Sandwiches and wraps,Sandwiches,specific,food_sandwiches_and_wraps_sandwich_or_wrap,TRUE,,piece,serving|piece|g|kg|oz|cup|tbsp|tsp|slice|bowl|plate|pack,FALSE,Chicken sandwich Food Sandwiches and wraps Sandwiches,1075,TRUE,
food_sandwiches_and_wraps_turkey_sandwich,Turkey sandwich,Food,Sandwiches and wraps,Sandwiches,specific,food_sandwiches_and_wraps_sandwich_or_wrap,TRUE,,piece,serving|piece|g|kg|oz|cup|tbsp|tsp|slice|bowl|plate|pack,FALSE,Turkey sandwich Food Sandwiches and wraps Sandwiches,1076,TRUE,
food_sandwiches_and_wraps_beef_sandwich,Beef sandwich,Food,Sandwiches and wraps,Sandwiches,specific,food_sandwiches_and_wraps_sandwich_or_wrap,TRUE,,piece,serving|piece|g|kg|oz|cup|tbsp|tsp|slice|bowl|plate|pack,FALSE,Beef sandwich Food Sandwiches and wraps Sandwiches,1077,TRUE,
food_sandwiches_and_wraps_tuna_sandwich,Tuna sandwich,Food,Sandwiches and wraps,Sandwiches,specific,food_sandwiches_and_wraps_sandwich_or_wrap,TRUE,,piece,serving|piece|g|kg|oz|cup|tbsp|tsp|slice|bowl|plate|pack,FALSE,Tuna sandwich Food Sandwiches and wraps Sandwiches,1078,TRUE,
food_sandwiches_and_wraps_egg_sandwich,Egg sandwich,Food,Sandwiches and wraps,Sandwiches,specific,food_sandwiches_and_wraps_sandwich_or_wrap,TRUE,,piece,serving|piece|g|kg|oz|cup|tbsp|tsp|slice|bowl|plate|pack,FALSE,Egg sandwich Food Sandwiches and wraps Sandwiches,1079,TRUE,
food_sandwiches_and_wraps_grilled_cheese,Grilled cheese,Food,Sandwiches and wraps,Sandwiches,specific,food_sandwiches_and_wraps_sandwich_or_wrap,TRUE,,piece,serving|piece|g|kg|oz|cup|tbsp|tsp|slice|bowl|plate|pack,FALSE,Grilled cheese Food Sandwiches and wraps Sandwiches,1080,TRUE,
food_sandwiches_and_wraps_club_sandwich,Club sandwich,Food,Sandwiches and wraps,Sandwiches,specific,food_sandwiches_and_wraps_sandwich_or_wrap,TRUE,,piece,serving|piece|g|kg|oz|cup|tbsp|tsp|slice|bowl|plate|pack,FALSE,Club sandwich Food Sandwiches and wraps Sandwiches,1081,TRUE,
food_sandwiches_and_wraps_blt_sandwich,BLT sandwich,Food,Sandwiches and wraps,Sandwiches,specific,food_sandwiches_and_wraps_sandwich_or_wrap,TRUE,,piece,serving|piece|g|kg|oz|cup|tbsp|tsp|slice|bowl|plate|pack,FALSE,BLT sandwich Food Sandwiches and wraps Sandwiches,1082,TRUE,
food_sandwiches_and_wraps_submarine_sandwich,Submarine sandwich,Food,Sandwiches and wraps,Sandwiches,specific,food_sandwiches_and_wraps_sandwich_or_wrap,TRUE,,piece,serving|piece|g|kg|oz|cup|tbsp|tsp|slice|bowl|plate|pack,FALSE,Submarine sandwich Food Sandwiches and wraps Sandwiches,1083,TRUE,
food_sandwiches_and_wraps_panini,Panini,Food,Sandwiches and wraps,Sandwiches,specific,food_sandwiches_and_wraps_sandwich_or_wrap,TRUE,,piece,serving|piece|g|kg|oz|cup|tbsp|tsp|slice|bowl|plate|pack,FALSE,Panini Food Sandwiches and wraps Sandwiches,1084,TRUE,
food_sandwiches_and_wraps_croque_monsieur,Croque monsieur,Food,Sandwiches and wraps,Sandwiches,specific,food_sandwiches_and_wraps_sandwich_or_wrap,TRUE,,piece,serving|piece|g|kg|oz|cup|tbsp|tsp|slice|bowl|plate|pack,FALSE,Croque monsieur Food Sandwiches and wraps Sandwiches,1085,TRUE,
food_sandwiches_and_wraps_peanut_butter_sandwich,Peanut butter sandwich,Food,Sandwiches and wraps,Sandwiches,specific,food_sandwiches_and_wraps_sandwich_or_wrap,TRUE,,piece,serving|piece|g|kg|oz|cup|tbsp|tsp|slice|bowl|plate|pack,FALSE,Peanut butter sandwich Food Sandwiches and wraps Sandwiches,1086,TRUE,
food_sandwiches_and_wraps_wrap,Wrap,Food,Sandwiches and wraps,Wraps and handheld foods,specific,food_sandwiches_and_wraps_sandwich_or_wrap,TRUE,,piece,serving|piece|g|kg|oz|cup|tbsp|tsp|slice|bowl|plate|pack,FALSE,Wrap Food Sandwiches and wraps Wraps and handheld foods,1087,TRUE,
food_sandwiches_and_wraps_chicken_wrap,Chicken wrap,Food,Sandwiches and wraps,Wraps and handheld foods,specific,food_sandwiches_and_wraps_sandwich_or_wrap,TRUE,,piece,serving|piece|g|kg|oz|cup|tbsp|tsp|slice|bowl|plate|pack,FALSE,Chicken wrap Food Sandwiches and wraps Wraps and handheld foods,1088,TRUE,
food_sandwiches_and_wraps_beef_wrap,Beef wrap,Food,Sandwiches and wraps,Wraps and handheld foods,specific,food_sandwiches_and_wraps_sandwich_or_wrap,TRUE,,piece,serving|piece|g|kg|oz|cup|tbsp|tsp|slice|bowl|plate|pack,FALSE,Beef wrap Food Sandwiches and wraps Wraps and handheld foods,1089,TRUE,
food_sandwiches_and_wraps_falafel_wrap,Falafel wrap,Food,Sandwiches and wraps,Wraps and handheld foods,specific,food_sandwiches_and_wraps_sandwich_or_wrap,TRUE,,piece,serving|piece|g|kg|oz|cup|tbsp|tsp|slice|bowl|plate|pack,FALSE,Falafel wrap Food Sandwiches and wraps Wraps and handheld foods,1090,TRUE,
food_sandwiches_and_wraps_shawarma,Shawarma,Food,Sandwiches and wraps,Wraps and handheld foods,specific,food_sandwiches_and_wraps_sandwich_or_wrap,TRUE,,piece,serving|piece|g|kg|oz|cup|tbsp|tsp|slice|bowl|plate|pack,FALSE,Shawarma Food Sandwiches and wraps Wraps and handheld foods,1091,TRUE,
food_sandwiches_and_wraps_chicken_shawarma,Chicken shawarma,Food,Sandwiches and wraps,Wraps and handheld foods,specific,food_sandwiches_and_wraps_sandwich_or_wrap,TRUE,,piece,serving|piece|g|kg|oz|cup|tbsp|tsp|slice|bowl|plate|pack,FALSE,Chicken shawarma Food Sandwiches and wraps Wraps and handheld foods,1092,TRUE,
food_sandwiches_and_wraps_beef_shawarma,Beef shawarma,Food,Sandwiches and wraps,Wraps and handheld foods,specific,food_sandwiches_and_wraps_sandwich_or_wrap,TRUE,,piece,serving|piece|g|kg|oz|cup|tbsp|tsp|slice|bowl|plate|pack,FALSE,Beef shawarma Food Sandwiches and wraps Wraps and handheld foods,1093,TRUE,
food_sandwiches_and_wraps_gyro,Gyro,Food,Sandwiches and wraps,Wraps and handheld foods,specific,food_sandwiches_and_wraps_sandwich_or_wrap,TRUE,,piece,serving|piece|g|kg|oz|cup|tbsp|tsp|slice|bowl|plate|pack,FALSE,Gyro Food Sandwiches and wraps Wraps and handheld foods,1094,TRUE,
food_sandwiches_and_wraps_kebab_wrap,Kebab wrap,Food,Sandwiches and wraps,Wraps and handheld foods,specific,food_sandwiches_and_wraps_sandwich_or_wrap,TRUE,,piece,serving|piece|g|kg|oz|cup|tbsp|tsp|slice|bowl|plate|pack,FALSE,Kebab wrap Food Sandwiches and wraps Wraps and handheld foods,1095,TRUE,
food_sandwiches_and_wraps_burrito,Burrito,Food,Sandwiches and wraps,Wraps and handheld foods,specific,food_sandwiches_and_wraps_sandwich_or_wrap,TRUE,,piece,serving|piece|g|kg|oz|cup|tbsp|tsp|slice|bowl|plate|pack,FALSE,Burrito Food Sandwiches and wraps Wraps and handheld foods,1096,TRUE,
food_sandwiches_and_wraps_taco,Taco,Food,Sandwiches and wraps,Wraps and handheld foods,specific,food_sandwiches_and_wraps_sandwich_or_wrap,TRUE,,piece,serving|piece|g|kg|oz|cup|tbsp|tsp|slice|bowl|plate|pack,FALSE,Taco Food Sandwiches and wraps Wraps and handheld foods,1097,TRUE,
food_sandwiches_and_wraps_quesadilla,Quesadilla,Food,Sandwiches and wraps,Wraps and handheld foods,specific,food_sandwiches_and_wraps_sandwich_or_wrap,TRUE,,piece,serving|piece|g|kg|oz|cup|tbsp|tsp|slice|bowl|plate|pack,FALSE,Quesadilla Food Sandwiches and wraps Wraps and handheld foods,1098,TRUE,
food_sandwiches_and_wraps_spring_roll,Spring roll,Food,Sandwiches and wraps,Wraps and handheld foods,specific,food_sandwiches_and_wraps_sandwich_or_wrap,TRUE,,piece,serving|piece|g|kg|oz|cup|tbsp|tsp|slice|bowl|plate|pack,FALSE,Spring roll Food Sandwiches and wraps Wraps and handheld foods,1099,TRUE,
food_sandwiches_and_wraps_egg_roll,Egg roll,Food,Sandwiches and wraps,Wraps and handheld foods,specific,food_sandwiches_and_wraps_sandwich_or_wrap,TRUE,,piece,serving|piece|g|kg|oz|cup|tbsp|tsp|slice|bowl|plate|pack,FALSE,Egg roll Food Sandwiches and wraps Wraps and handheld foods,1100,TRUE,
food_sandwiches_and_wraps_samosa,Samosa,Food,Sandwiches and wraps,Wraps and handheld foods,specific,food_sandwiches_and_wraps_sandwich_or_wrap,TRUE,,piece,serving|piece|g|kg|oz|cup|tbsp|tsp|slice|bowl|plate|pack,FALSE,Samosa Food Sandwiches and wraps Wraps and handheld foods,1101,TRUE,
food_sandwiches_and_wraps_empanada,Empanada,Food,Sandwiches and wraps,Wraps and handheld foods,specific,food_sandwiches_and_wraps_sandwich_or_wrap,TRUE,,piece,serving|piece|g|kg|oz|cup|tbsp|tsp|slice|bowl|plate|pack,FALSE,Empanada Food Sandwiches and wraps Wraps and handheld foods,1102,TRUE,
food_sandwiches_and_wraps_meat_pie,Meat pie,Food,Sandwiches and wraps,Wraps and handheld foods,specific,food_sandwiches_and_wraps_sandwich_or_wrap,TRUE,,piece,serving|piece|g|kg|oz|cup|tbsp|tsp|slice|bowl|plate|pack,FALSE,Meat pie Food Sandwiches and wraps Wraps and handheld foods,1103,TRUE,
food_sandwiches_and_wraps_sausage_roll,Sausage roll,Food,Sandwiches and wraps,Wraps and handheld foods,specific,food_sandwiches_and_wraps_sandwich_or_wrap,TRUE,,piece,serving|piece|g|kg|oz|cup|tbsp|tsp|slice|bowl|plate|pack,FALSE,Sausage roll Food Sandwiches and wraps Wraps and handheld foods,1104,TRUE,
food_prepared_dishes_prepared_dish,Prepared dish,Food,Prepared dishes,General,general,,TRUE,,serving,serving|piece|g|kg|oz|cup|tbsp|tsp|slice|bowl|plate|pack,FALSE,Prepared dish Food Prepared dishes General,1105,TRUE,General option remains selectable when the user does not want to choose a specific item.
food_prepared_dishes_fried_rice,Fried rice,Food,Prepared dishes,Rice and grain dishes,specific,food_prepared_dishes_prepared_dish,TRUE,,serving,serving|piece|g|kg|oz|cup|tbsp|tsp|slice|bowl|plate|pack,FALSE,Fried rice Food Prepared dishes Rice and grain dishes,1106,TRUE,
food_prepared_dishes_biryani,Biryani,Food,Prepared dishes,Rice and grain dishes,specific,food_prepared_dishes_prepared_dish,TRUE,,serving,serving|piece|g|kg|oz|cup|tbsp|tsp|slice|bowl|plate|pack,FALSE,Biryani Food Prepared dishes Rice and grain dishes,1107,TRUE,
food_prepared_dishes_kabsa,Kabsa,Food,Prepared dishes,Rice and grain dishes,specific,food_prepared_dishes_prepared_dish,TRUE,,serving,serving|piece|g|kg|oz|cup|tbsp|tsp|slice|bowl|plate|pack,FALSE,Kabsa Food Prepared dishes Rice and grain dishes,1108,TRUE,
food_prepared_dishes_mandi,Mandi,Food,Prepared dishes,Rice and grain dishes,specific,food_prepared_dishes_prepared_dish,TRUE,,serving,serving|piece|g|kg|oz|cup|tbsp|tsp|slice|bowl|plate|pack,FALSE,Mandi Food Prepared dishes Rice and grain dishes,1109,TRUE,
food_prepared_dishes_machboos,Machboos,Food,Prepared dishes,Rice and grain dishes,specific,food_prepared_dishes_prepared_dish,TRUE,,serving,serving|piece|g|kg|oz|cup|tbsp|tsp|slice|bowl|plate|pack,FALSE,Machboos Food Prepared dishes Rice and grain dishes,1110,TRUE,
food_prepared_dishes_paella,Paella,Food,Prepared dishes,Rice and grain dishes,specific,food_prepared_dishes_prepared_dish,TRUE,,serving,serving|piece|g|kg|oz|cup|tbsp|tsp|slice|bowl|plate|pack,FALSE,Paella Food Prepared dishes Rice and grain dishes,1111,TRUE,
food_prepared_dishes_risotto,Risotto,Food,Prepared dishes,Rice and grain dishes,specific,food_prepared_dishes_prepared_dish,TRUE,,serving,serving|piece|g|kg|oz|cup|tbsp|tsp|slice|bowl|plate|pack,FALSE,Risotto Food Prepared dishes Rice and grain dishes,1112,TRUE,
food_prepared_dishes_pilaf,Pilaf,Food,Prepared dishes,Rice and grain dishes,specific,food_prepared_dishes_prepared_dish,TRUE,,serving,serving|piece|g|kg|oz|cup|tbsp|tsp|slice|bowl|plate|pack,FALSE,Pilaf Food Prepared dishes Rice and grain dishes,1113,TRUE,
food_prepared_dishes_koshari,Koshari,Food,Prepared dishes,Rice and grain dishes,specific,food_prepared_dishes_prepared_dish,TRUE,,serving,serving|piece|g|kg|oz|cup|tbsp|tsp|slice|bowl|plate|pack,FALSE,Koshari Food Prepared dishes Rice and grain dishes,1114,TRUE,
food_prepared_dishes_jollof_rice,Jollof rice,Food,Prepared dishes,Rice and grain dishes,specific,food_prepared_dishes_prepared_dish,TRUE,,serving,serving|piece|g|kg|oz|cup|tbsp|tsp|slice|bowl|plate|pack,FALSE,Jollof rice Food Prepared dishes Rice and grain dishes,1115,TRUE,
food_prepared_dishes_rice_and_beans,Rice and beans,Food,Prepared dishes,Rice and grain dishes,specific,food_prepared_dishes_prepared_dish,TRUE,,serving,serving|piece|g|kg|oz|cup|tbsp|tsp|slice|bowl|plate|pack,FALSE,Rice and beans Food Prepared dishes Rice and grain dishes,1116,TRUE,
food_prepared_dishes_stuffed_rice,Stuffed rice,Food,Prepared dishes,Rice and grain dishes,specific,food_prepared_dishes_prepared_dish,TRUE,,serving,serving|piece|g|kg|oz|cup|tbsp|tsp|slice|bowl|plate|pack,FALSE,Stuffed rice Food Prepared dishes Rice and grain dishes,1117,TRUE,
food_prepared_dishes_congee,Congee,Food,Prepared dishes,Rice and grain dishes,specific,food_prepared_dishes_prepared_dish,TRUE,,serving,serving|piece|g|kg|oz|cup|tbsp|tsp|slice|bowl|plate|pack,FALSE,Congee Food Prepared dishes Rice and grain dishes,1118,TRUE,
food_prepared_dishes_bibimbap,Bibimbap,Food,Prepared dishes,Rice and grain dishes,specific,food_prepared_dishes_prepared_dish,TRUE,,serving,serving|piece|g|kg|oz|cup|tbsp|tsp|slice|bowl|plate|pack,FALSE,Bibimbap Food Prepared dishes Rice and grain dishes,1119,TRUE,
food_prepared_dishes_bulgur_pilaf,Bulgur pilaf,Food,Prepared dishes,Rice and grain dishes,specific,food_prepared_dishes_prepared_dish,TRUE,,serving,serving|piece|g|kg|oz|cup|tbsp|tsp|slice|bowl|plate|pack,FALSE,Bulgur pilaf Food Prepared dishes Rice and grain dishes,1120,TRUE,
food_prepared_dishes_couscous_dish,Couscous dish,Food,Prepared dishes,Rice and grain dishes,specific,food_prepared_dishes_prepared_dish,TRUE,,serving,serving|piece|g|kg|oz|cup|tbsp|tsp|slice|bowl|plate|pack,FALSE,Couscous dish Food Prepared dishes Rice and grain dishes,1121,TRUE,
food_prepared_dishes_quinoa_bowl,Quinoa bowl,Food,Prepared dishes,Rice and grain dishes,specific,food_prepared_dishes_prepared_dish,TRUE,,serving,serving|piece|g|kg|oz|cup|tbsp|tsp|slice|bowl|plate|pack,FALSE,Quinoa bowl Food Prepared dishes Rice and grain dishes,1122,TRUE,
food_prepared_dishes_poke_bowl,Poke bowl,Food,Prepared dishes,Rice and grain dishes,specific,food_prepared_dishes_prepared_dish,TRUE,,serving,serving|piece|g|kg|oz|cup|tbsp|tsp|slice|bowl|plate|pack,FALSE,Poke bowl Food Prepared dishes Rice and grain dishes,1123,TRUE,
food_prepared_dishes_spaghetti_bolognese,Spaghetti bolognese,Food,Prepared dishes,Pasta and noodle dishes,specific,food_prepared_dishes_prepared_dish,TRUE,,serving,serving|piece|g|kg|oz|cup|tbsp|tsp|slice|bowl|plate|pack,FALSE,Spaghetti bolognese Food Prepared dishes Pasta and noodle dishes,1124,TRUE,
food_prepared_dishes_spaghetti_carbonara,Spaghetti carbonara,Food,Prepared dishes,Pasta and noodle dishes,specific,food_prepared_dishes_prepared_dish,TRUE,,serving,serving|piece|g|kg|oz|cup|tbsp|tsp|slice|bowl|plate|pack,FALSE,Spaghetti carbonara Food Prepared dishes Pasta and noodle dishes,1125,TRUE,
food_prepared_dishes_pasta_primavera,Pasta primavera,Food,Prepared dishes,Pasta and noodle dishes,specific,food_prepared_dishes_prepared_dish,TRUE,,serving,serving|piece|g|kg|oz|cup|tbsp|tsp|slice|bowl|plate|pack,FALSE,Pasta primavera Food Prepared dishes Pasta and noodle dishes,1126,TRUE,
food_prepared_dishes_penne_arrabbiata,Penne arrabbiata,Food,Prepared dishes,Pasta and noodle dishes,specific,food_prepared_dishes_prepared_dish,TRUE,,serving,serving|piece|g|kg|oz|cup|tbsp|tsp|slice|bowl|plate|pack,FALSE,Penne arrabbiata Food Prepared dishes Pasta and noodle dishes,1127,TRUE,
food_prepared_dishes_macaroni_and_cheese,Macaroni and cheese,Food,Prepared dishes,Pasta and noodle dishes,specific,food_prepared_dishes_prepared_dish,TRUE,,serving,serving|piece|g|kg|oz|cup|tbsp|tsp|slice|bowl|plate|pack,FALSE,Macaroni and cheese Food Prepared dishes Pasta and noodle dishes,1128,TRUE,
food_prepared_dishes_lasagna,Lasagna,Food,Prepared dishes,Pasta and noodle dishes,specific,food_prepared_dishes_prepared_dish,TRUE,,serving,serving|piece|g|kg|oz|cup|tbsp|tsp|slice|bowl|plate|pack,FALSE,Lasagna Food Prepared dishes Pasta and noodle dishes,1129,TRUE,
food_prepared_dishes_ravioli_dish,Ravioli dish,Food,Prepared dishes,Pasta and noodle dishes,specific,food_prepared_dishes_prepared_dish,TRUE,,serving,serving|piece|g|kg|oz|cup|tbsp|tsp|slice|bowl|plate|pack,FALSE,Ravioli dish Food Prepared dishes Pasta and noodle dishes,1130,TRUE,
food_prepared_dishes_fettuccine_alfredo,Fettuccine Alfredo,Food,Prepared dishes,Pasta and noodle dishes,specific,food_prepared_dishes_prepared_dish,TRUE,,serving,serving|piece|g|kg|oz|cup|tbsp|tsp|slice|bowl|plate|pack,FALSE,Fettuccine Alfredo Food Prepared dishes Pasta and noodle dishes,1131,TRUE,
food_prepared_dishes_pesto_pasta,Pesto pasta,Food,Prepared dishes,Pasta and noodle dishes,specific,food_prepared_dishes_prepared_dish,TRUE,,serving,serving|piece|g|kg|oz|cup|tbsp|tsp|slice|bowl|plate|pack,FALSE,Pesto pasta Food Prepared dishes Pasta and noodle dishes,1132,TRUE,
food_prepared_dishes_baked_pasta,Baked pasta,Food,Prepared dishes,Pasta and noodle dishes,specific,food_prepared_dishes_prepared_dish,TRUE,,serving,serving|piece|g|kg|oz|cup|tbsp|tsp|slice|bowl|plate|pack,FALSE,Baked pasta Food Prepared dishes Pasta and noodle dishes,1133,TRUE,
food_prepared_dishes_ramen,Ramen,Food,Prepared dishes,Pasta and noodle dishes,specific,food_prepared_dishes_prepared_dish,TRUE,,serving,serving|piece|g|kg|oz|cup|tbsp|tsp|slice|bowl|plate|pack,FALSE,Ramen Food Prepared dishes Pasta and noodle dishes,1134,TRUE,
food_prepared_dishes_udon_dish,Udon dish,Food,Prepared dishes,Pasta and noodle dishes,specific,food_prepared_dishes_prepared_dish,TRUE,,serving,serving|piece|g|kg|oz|cup|tbsp|tsp|slice|bowl|plate|pack,FALSE,Udon dish Food Prepared dishes Pasta and noodle dishes,1135,TRUE,
food_prepared_dishes_soba_dish,Soba dish,Food,Prepared dishes,Pasta and noodle dishes,specific,food_prepared_dishes_prepared_dish,TRUE,,serving,serving|piece|g|kg|oz|cup|tbsp|tsp|slice|bowl|plate|pack,FALSE,Soba dish Food Prepared dishes Pasta and noodle dishes,1136,TRUE,
food_prepared_dishes_pad_thai,Pad Thai,Food,Prepared dishes,Pasta and noodle dishes,specific,food_prepared_dishes_prepared_dish,TRUE,,serving,serving|piece|g|kg|oz|cup|tbsp|tsp|slice|bowl|plate|pack,FALSE,Pad Thai Food Prepared dishes Pasta and noodle dishes,1137,TRUE,
food_prepared_dishes_chow_mein,Chow mein,Food,Prepared dishes,Pasta and noodle dishes,specific,food_prepared_dishes_prepared_dish,TRUE,,serving,serving|piece|g|kg|oz|cup|tbsp|tsp|slice|bowl|plate|pack,FALSE,Chow mein Food Prepared dishes Pasta and noodle dishes,1138,TRUE,
food_prepared_dishes_lo_mein,Lo mein,Food,Prepared dishes,Pasta and noodle dishes,specific,food_prepared_dishes_prepared_dish,TRUE,,serving,serving|piece|g|kg|oz|cup|tbsp|tsp|slice|bowl|plate|pack,FALSE,Lo mein Food Prepared dishes Pasta and noodle dishes,1139,TRUE,
food_prepared_dishes_stir_fried_noodles,Stir-fried noodles,Food,Prepared dishes,Pasta and noodle dishes,specific,food_prepared_dishes_prepared_dish,TRUE,,serving,serving|piece|g|kg|oz|cup|tbsp|tsp|slice|bowl|plate|pack,FALSE,Stir-fried noodles Food Prepared dishes Pasta and noodle dishes,1140,TRUE,
food_prepared_dishes_pho,Pho,Food,Prepared dishes,Pasta and noodle dishes,specific,food_prepared_dishes_prepared_dish,TRUE,,serving,serving|piece|g|kg|oz|cup|tbsp|tsp|slice|bowl|plate|pack,FALSE,Pho Food Prepared dishes Pasta and noodle dishes,1141,TRUE,
food_prepared_dishes_laksa,Laksa,Food,Prepared dishes,Pasta and noodle dishes,specific,food_prepared_dishes_prepared_dish,TRUE,,serving,serving|piece|g|kg|oz|cup|tbsp|tsp|slice|bowl|plate|pack,FALSE,Laksa Food Prepared dishes Pasta and noodle dishes,1142,TRUE,
food_prepared_dishes_japchae,Japchae,Food,Prepared dishes,Pasta and noodle dishes,specific,food_prepared_dishes_prepared_dish,TRUE,,serving,serving|piece|g|kg|oz|cup|tbsp|tsp|slice|bowl|plate|pack,FALSE,Japchae Food Prepared dishes Pasta and noodle dishes,1143,TRUE,
food_prepared_dishes_pizza,Pizza,Food,Prepared dishes,Pizza and flatbread dishes,specific,food_prepared_dishes_prepared_dish,TRUE,,serving,serving|piece|g|kg|oz|cup|tbsp|tsp|slice|bowl|plate|pack,FALSE,Pizza Food Prepared dishes Pizza and flatbread dishes,1144,TRUE,
food_prepared_dishes_cheese_pizza,Cheese pizza,Food,Prepared dishes,Pizza and flatbread dishes,specific,food_prepared_dishes_prepared_dish,TRUE,,serving,serving|piece|g|kg|oz|cup|tbsp|tsp|slice|bowl|plate|pack,FALSE,Cheese pizza Food Prepared dishes Pizza and flatbread dishes,1145,TRUE,
food_prepared_dishes_pepperoni_pizza,Pepperoni pizza,Food,Prepared dishes,Pizza and flatbread dishes,specific,food_prepared_dishes_prepared_dish,TRUE,,serving,serving|piece|g|kg|oz|cup|tbsp|tsp|slice|bowl|plate|pack,FALSE,Pepperoni pizza Food Prepared dishes Pizza and flatbread dishes,1146,TRUE,
food_prepared_dishes_vegetable_pizza,Vegetable pizza,Food,Prepared dishes,Pizza and flatbread dishes,specific,food_prepared_dishes_prepared_dish,TRUE,,serving,serving|piece|g|kg|oz|cup|tbsp|tsp|slice|bowl|plate|pack,FALSE,Vegetable pizza Food Prepared dishes Pizza and flatbread dishes,1147,TRUE,
food_prepared_dishes_chicken_pizza,Chicken pizza,Food,Prepared dishes,Pizza and flatbread dishes,specific,food_prepared_dishes_prepared_dish,TRUE,,serving,serving|piece|g|kg|oz|cup|tbsp|tsp|slice|bowl|plate|pack,FALSE,Chicken pizza Food Prepared dishes Pizza and flatbread dishes,1148,TRUE,
food_prepared_dishes_seafood_pizza,Seafood pizza,Food,Prepared dishes,Pizza and flatbread dishes,specific,food_prepared_dishes_prepared_dish,TRUE,,serving,serving|piece|g|kg|oz|cup|tbsp|tsp|slice|bowl|plate|pack,FALSE,Seafood pizza Food Prepared dishes Pizza and flatbread dishes,1149,TRUE,
food_prepared_dishes_margherita_pizza,Margherita pizza,Food,Prepared dishes,Pizza and flatbread dishes,specific,food_prepared_dishes_prepared_dish,TRUE,,serving,serving|piece|g|kg|oz|cup|tbsp|tsp|slice|bowl|plate|pack,FALSE,Margherita pizza Food Prepared dishes Pizza and flatbread dishes,1150,TRUE,
food_prepared_dishes_meat_pizza,Meat pizza,Food,Prepared dishes,Pizza and flatbread dishes,specific,food_prepared_dishes_prepared_dish,TRUE,,serving,serving|piece|g|kg|oz|cup|tbsp|tsp|slice|bowl|plate|pack,FALSE,Meat pizza Food Prepared dishes Pizza and flatbread dishes,1151,TRUE,
food_prepared_dishes_gluten_free_pizza,Gluten-free pizza,Food,Prepared dishes,Pizza and flatbread dishes,specific,food_prepared_dishes_prepared_dish,TRUE,,serving,serving|piece|g|kg|oz|cup|tbsp|tsp|slice|bowl|plate|pack,FALSE,Gluten-free pizza Food Prepared dishes Pizza and flatbread dishes,1152,TRUE,
food_prepared_dishes_manakish,Manakish,Food,Prepared dishes,Pizza and flatbread dishes,specific,food_prepared_dishes_prepared_dish,TRUE,,serving,serving|piece|g|kg|oz|cup|tbsp|tsp|slice|bowl|plate|pack,FALSE,Manakish Food Prepared dishes Pizza and flatbread dishes,1153,TRUE,
food_prepared_dishes_za_atar_manakish,Za'atar manakish,Food,Prepared dishes,Pizza and flatbread dishes,specific,food_prepared_dishes_prepared_dish,TRUE,,serving,serving|piece|g|kg|oz|cup|tbsp|tsp|slice|bowl|plate|pack,FALSE,Za'atar manakish Food Prepared dishes Pizza and flatbread dishes,1154,TRUE,
food_prepared_dishes_cheese_manakish,Cheese manakish,Food,Prepared dishes,Pizza and flatbread dishes,specific,food_prepared_dishes_prepared_dish,TRUE,,serving,serving|piece|g|kg|oz|cup|tbsp|tsp|slice|bowl|plate|pack,FALSE,Cheese manakish Food Prepared dishes Pizza and flatbread dishes,1155,TRUE,
food_prepared_dishes_lahmacun,Lahmacun,Food,Prepared dishes,Pizza and flatbread dishes,specific,food_prepared_dishes_prepared_dish,TRUE,,serving,serving|piece|g|kg|oz|cup|tbsp|tsp|slice|bowl|plate|pack,FALSE,Lahmacun Food Prepared dishes Pizza and flatbread dishes,1156,TRUE,
food_prepared_dishes_pide,Pide,Food,Prepared dishes,Pizza and flatbread dishes,specific,food_prepared_dishes_prepared_dish,TRUE,,serving,serving|piece|g|kg|oz|cup|tbsp|tsp|slice|bowl|plate|pack,FALSE,Pide Food Prepared dishes Pizza and flatbread dishes,1157,TRUE,
food_prepared_dishes_kebab,Kebab,Food,Prepared dishes,Middle Eastern dishes,specific,food_prepared_dishes_prepared_dish,TRUE,,serving,serving|piece|g|kg|oz|cup|tbsp|tsp|slice|bowl|plate|pack,FALSE,Kebab Food Prepared dishes Middle Eastern dishes,1158,TRUE,
food_prepared_dishes_shish_tawook,Shish tawook,Food,Prepared dishes,Middle Eastern dishes,specific,food_prepared_dishes_prepared_dish,TRUE,,serving,serving|piece|g|kg|oz|cup|tbsp|tsp|slice|bowl|plate|pack,FALSE,Shish tawook Food Prepared dishes Middle Eastern dishes,1159,TRUE,
food_prepared_dishes_kofta,Kofta,Food,Prepared dishes,Middle Eastern dishes,specific,food_prepared_dishes_prepared_dish,TRUE,,serving,serving|piece|g|kg|oz|cup|tbsp|tsp|slice|bowl|plate|pack,FALSE,Kofta Food Prepared dishes Middle Eastern dishes,1160,TRUE,
food_prepared_dishes_kibbeh,Kibbeh,Food,Prepared dishes,Middle Eastern dishes,specific,food_prepared_dishes_prepared_dish,TRUE,,serving,serving|piece|g|kg|oz|cup|tbsp|tsp|slice|bowl|plate|pack,FALSE,Kibbeh Food Prepared dishes Middle Eastern dishes,1161,TRUE,
food_prepared_dishes_stuffed_grape_leaves,Stuffed grape leaves,Food,Prepared dishes,Middle Eastern dishes,specific,food_prepared_dishes_prepared_dish,TRUE,,serving,serving|piece|g|kg|oz|cup|tbsp|tsp|slice|bowl|plate|pack,FALSE,Stuffed grape leaves Food Prepared dishes Middle Eastern dishes,1162,TRUE,
food_prepared_dishes_mahshi,Mahshi,Food,Prepared dishes,Middle Eastern dishes,specific,food_prepared_dishes_prepared_dish,TRUE,,serving,serving|piece|g|kg|oz|cup|tbsp|tsp|slice|bowl|plate|pack,FALSE,Mahshi Food Prepared dishes Middle Eastern dishes,1163,TRUE,
food_prepared_dishes_moussaka_middle_eastern,Moussaka Middle Eastern,Food,Prepared dishes,Middle Eastern dishes,specific,food_prepared_dishes_prepared_dish,TRUE,,serving,serving|piece|g|kg|oz|cup|tbsp|tsp|slice|bowl|plate|pack,FALSE,Moussaka Middle Eastern Food Prepared dishes Middle Eastern dishes,1164,TRUE,
food_prepared_dishes_foul_medames,Foul medames,Food,Prepared dishes,Middle Eastern dishes,specific,food_prepared_dishes_prepared_dish,TRUE,,serving,serving|piece|g|kg|oz|cup|tbsp|tsp|slice|bowl|plate|pack,FALSE,Foul medames Food Prepared dishes Middle Eastern dishes,1165,TRUE,
food_prepared_dishes_fatteh,Fatteh,Food,Prepared dishes,Middle Eastern dishes,specific,food_prepared_dishes_prepared_dish,TRUE,,serving,serving|piece|g|kg|oz|cup|tbsp|tsp|slice|bowl|plate|pack,FALSE,Fatteh Food Prepared dishes Middle Eastern dishes,1166,TRUE,
food_prepared_dishes_musakhan,Musakhan,Food,Prepared dishes,Middle Eastern dishes,specific,food_prepared_dishes_prepared_dish,TRUE,,serving,serving|piece|g|kg|oz|cup|tbsp|tsp|slice|bowl|plate|pack,FALSE,Musakhan Food Prepared dishes Middle Eastern dishes,1167,TRUE,
food_prepared_dishes_maqluba,Maqluba,Food,Prepared dishes,Middle Eastern dishes,specific,food_prepared_dishes_prepared_dish,TRUE,,serving,serving|piece|g|kg|oz|cup|tbsp|tsp|slice|bowl|plate|pack,FALSE,Maqluba Food Prepared dishes Middle Eastern dishes,1168,TRUE,
food_prepared_dishes_mujaddara,Mujaddara,Food,Prepared dishes,Middle Eastern dishes,specific,food_prepared_dishes_prepared_dish,TRUE,,serving,serving|piece|g|kg|oz|cup|tbsp|tsp|slice|bowl|plate|pack,FALSE,Mujaddara Food Prepared dishes Middle Eastern dishes,1169,TRUE,
food_prepared_dishes_harees,Harees,Food,Prepared dishes,Middle Eastern dishes,specific,food_prepared_dishes_prepared_dish,TRUE,,serving,serving|piece|g|kg|oz|cup|tbsp|tsp|slice|bowl|plate|pack,FALSE,Harees Food Prepared dishes Middle Eastern dishes,1170,TRUE,
food_prepared_dishes_jareesh,Jareesh,Food,Prepared dishes,Middle Eastern dishes,specific,food_prepared_dishes_prepared_dish,TRUE,,serving,serving|piece|g|kg|oz|cup|tbsp|tsp|slice|bowl|plate|pack,FALSE,Jareesh Food Prepared dishes Middle Eastern dishes,1171,TRUE,
food_prepared_dishes_molokhia_dish,Molokhia dish,Food,Prepared dishes,Middle Eastern dishes,specific,food_prepared_dishes_prepared_dish,TRUE,,serving,serving|piece|g|kg|oz|cup|tbsp|tsp|slice|bowl|plate|pack,FALSE,Molokhia dish Food Prepared dishes Middle Eastern dishes,1172,TRUE,
food_prepared_dishes_okra_stew_middle_eastern,Okra stew Middle Eastern,Food,Prepared dishes,Middle Eastern dishes,specific,food_prepared_dishes_prepared_dish,TRUE,,serving,serving|piece|g|kg|oz|cup|tbsp|tsp|slice|bowl|plate|pack,FALSE,Okra stew Middle Eastern Food Prepared dishes Middle Eastern dishes,1173,TRUE,
food_prepared_dishes_shakshuka,Shakshuka,Food,Prepared dishes,Middle Eastern dishes,specific,food_prepared_dishes_prepared_dish,TRUE,,serving,serving|piece|g|kg|oz|cup|tbsp|tsp|slice|bowl|plate|pack,FALSE,Shakshuka Food Prepared dishes Middle Eastern dishes,1174,TRUE,
food_prepared_dishes_grilled_mixed_meats,Grilled mixed meats,Food,Prepared dishes,Middle Eastern dishes,specific,food_prepared_dishes_prepared_dish,TRUE,,serving,serving|piece|g|kg|oz|cup|tbsp|tsp|slice|bowl|plate|pack,FALSE,Grilled mixed meats Food Prepared dishes Middle Eastern dishes,1175,TRUE,
food_prepared_dishes_arayes,Arayes,Food,Prepared dishes,Middle Eastern dishes,specific,food_prepared_dishes_prepared_dish,TRUE,,serving,serving|piece|g|kg|oz|cup|tbsp|tsp|slice|bowl|plate|pack,FALSE,Arayes Food Prepared dishes Middle Eastern dishes,1176,TRUE,
food_prepared_dishes_sfiha,Sfiha,Food,Prepared dishes,Middle Eastern dishes,specific,food_prepared_dishes_prepared_dish,TRUE,,serving,serving|piece|g|kg|oz|cup|tbsp|tsp|slice|bowl|plate|pack,FALSE,Sfiha Food Prepared dishes Middle Eastern dishes,1177,TRUE,
food_prepared_dishes_chicken_curry,Chicken curry,Food,Prepared dishes,South Asian dishes,specific,food_prepared_dishes_prepared_dish,TRUE,,serving,serving|piece|g|kg|oz|cup|tbsp|tsp|slice|bowl|plate|pack,FALSE,Chicken curry Food Prepared dishes South Asian dishes,1178,TRUE,
food_prepared_dishes_lamb_curry,Lamb curry,Food,Prepared dishes,South Asian dishes,specific,food_prepared_dishes_prepared_dish,TRUE,,serving,serving|piece|g|kg|oz|cup|tbsp|tsp|slice|bowl|plate|pack,FALSE,Lamb curry Food Prepared dishes South Asian dishes,1179,TRUE,
food_prepared_dishes_vegetable_curry,Vegetable curry,Food,Prepared dishes,South Asian dishes,specific,food_prepared_dishes_prepared_dish,TRUE,,serving,serving|piece|g|kg|oz|cup|tbsp|tsp|slice|bowl|plate|pack,FALSE,Vegetable curry Food Prepared dishes South Asian dishes,1180,TRUE,
food_prepared_dishes_dal,Dal,Food,Prepared dishes,South Asian dishes,specific,food_prepared_dishes_prepared_dish,TRUE,,serving,serving|piece|g|kg|oz|cup|tbsp|tsp|slice|bowl|plate|pack,FALSE,Dal Food Prepared dishes South Asian dishes,1181,TRUE,
food_prepared_dishes_chana_masala,Chana masala,Food,Prepared dishes,South Asian dishes,specific,food_prepared_dishes_prepared_dish,TRUE,,serving,serving|piece|g|kg|oz|cup|tbsp|tsp|slice|bowl|plate|pack,FALSE,Chana masala Food Prepared dishes South Asian dishes,1182,TRUE,
food_prepared_dishes_butter_chicken,Butter chicken,Food,Prepared dishes,South Asian dishes,specific,food_prepared_dishes_prepared_dish,TRUE,,serving,serving|piece|g|kg|oz|cup|tbsp|tsp|slice|bowl|plate|pack,FALSE,Butter chicken Food Prepared dishes South Asian dishes,1183,TRUE,
food_prepared_dishes_chicken_tikka,Chicken tikka,Food,Prepared dishes,South Asian dishes,specific,food_prepared_dishes_prepared_dish,TRUE,,serving,serving|piece|g|kg|oz|cup|tbsp|tsp|slice|bowl|plate|pack,FALSE,Chicken tikka Food Prepared dishes South Asian dishes,1184,TRUE,
food_prepared_dishes_chicken_tikka_masala,Chicken tikka masala,Food,Prepared dishes,South Asian dishes,specific,food_prepared_dishes_prepared_dish,TRUE,,serving,serving|piece|g|kg|oz|cup|tbsp|tsp|slice|bowl|plate|pack,FALSE,Chicken tikka masala Food Prepared dishes South Asian dishes,1185,TRUE,
food_prepared_dishes_tandoori_chicken,Tandoori chicken,Food,Prepared dishes,South Asian dishes,specific,food_prepared_dishes_prepared_dish,TRUE,,serving,serving|piece|g|kg|oz|cup|tbsp|tsp|slice|bowl|plate|pack,FALSE,Tandoori chicken Food Prepared dishes South Asian dishes,1186,TRUE,
food_prepared_dishes_palak_paneer,Palak paneer,Food,Prepared dishes,South Asian dishes,specific,food_prepared_dishes_prepared_dish,TRUE,,serving,serving|piece|g|kg|oz|cup|tbsp|tsp|slice|bowl|plate|pack,FALSE,Palak paneer Food Prepared dishes South Asian dishes,1187,TRUE,
food_prepared_dishes_paneer_tikka,Paneer tikka,Food,Prepared dishes,South Asian dishes,specific,food_prepared_dishes_prepared_dish,TRUE,,serving,serving|piece|g|kg|oz|cup|tbsp|tsp|slice|bowl|plate|pack,FALSE,Paneer tikka Food Prepared dishes South Asian dishes,1188,TRUE,
food_prepared_dishes_aloo_gobi,Aloo gobi,Food,Prepared dishes,South Asian dishes,specific,food_prepared_dishes_prepared_dish,TRUE,,serving,serving|piece|g|kg|oz|cup|tbsp|tsp|slice|bowl|plate|pack,FALSE,Aloo gobi Food Prepared dishes South Asian dishes,1189,TRUE,
food_prepared_dishes_korma,Korma,Food,Prepared dishes,South Asian dishes,specific,food_prepared_dishes_prepared_dish,TRUE,,serving,serving|piece|g|kg|oz|cup|tbsp|tsp|slice|bowl|plate|pack,FALSE,Korma Food Prepared dishes South Asian dishes,1190,TRUE,
food_prepared_dishes_vindaloo,Vindaloo,Food,Prepared dishes,South Asian dishes,specific,food_prepared_dishes_prepared_dish,TRUE,,serving,serving|piece|g|kg|oz|cup|tbsp|tsp|slice|bowl|plate|pack,FALSE,Vindaloo Food Prepared dishes South Asian dishes,1191,TRUE,
food_prepared_dishes_saag,Saag,Food,Prepared dishes,South Asian dishes,specific,food_prepared_dishes_prepared_dish,TRUE,,serving,serving|piece|g|kg|oz|cup|tbsp|tsp|slice|bowl|plate|pack,FALSE,Saag Food Prepared dishes South Asian dishes,1192,TRUE,
food_prepared_dishes_dosa,Dosa,Food,Prepared dishes,South Asian dishes,specific,food_prepared_dishes_prepared_dish,TRUE,,serving,serving|piece|g|kg|oz|cup|tbsp|tsp|slice|bowl|plate|pack,FALSE,Dosa Food Prepared dishes South Asian dishes,1193,TRUE,
food_prepared_dishes_idli,Idli,Food,Prepared dishes,South Asian dishes,specific,food_prepared_dishes_prepared_dish,TRUE,,serving,serving|piece|g|kg|oz|cup|tbsp|tsp|slice|bowl|plate|pack,FALSE,Idli Food Prepared dishes South Asian dishes,1194,TRUE,
food_prepared_dishes_upma,Upma,Food,Prepared dishes,South Asian dishes,specific,food_prepared_dishes_prepared_dish,TRUE,,serving,serving|piece|g|kg|oz|cup|tbsp|tsp|slice|bowl|plate|pack,FALSE,Upma Food Prepared dishes South Asian dishes,1195,TRUE,
food_prepared_dishes_pav_bhaji,Pav bhaji,Food,Prepared dishes,South Asian dishes,specific,food_prepared_dishes_prepared_dish,TRUE,,serving,serving|piece|g|kg|oz|cup|tbsp|tsp|slice|bowl|plate|pack,FALSE,Pav bhaji Food Prepared dishes South Asian dishes,1196,TRUE,
food_prepared_dishes_pani_puri,Pani puri,Food,Prepared dishes,South Asian dishes,specific,food_prepared_dishes_prepared_dish,TRUE,,serving,serving|piece|g|kg|oz|cup|tbsp|tsp|slice|bowl|plate|pack,FALSE,Pani puri Food Prepared dishes South Asian dishes,1197,TRUE,
food_prepared_dishes_sushi,Sushi,Food,Prepared dishes,East and Southeast Asian dishes,specific,food_prepared_dishes_prepared_dish,TRUE,,serving,serving|piece|g|kg|oz|cup|tbsp|tsp|slice|bowl|plate|pack,FALSE,Sushi Food Prepared dishes East and Southeast Asian dishes,1198,TRUE,
food_prepared_dishes_sashimi,Sashimi,Food,Prepared dishes,East and Southeast Asian dishes,specific,food_prepared_dishes_prepared_dish,TRUE,,serving,serving|piece|g|kg|oz|cup|tbsp|tsp|slice|bowl|plate|pack,FALSE,Sashimi Food Prepared dishes East and Southeast Asian dishes,1199,TRUE,
food_prepared_dishes_nigiri,Nigiri,Food,Prepared dishes,East and Southeast Asian dishes,specific,food_prepared_dishes_prepared_dish,TRUE,,serving,serving|piece|g|kg|oz|cup|tbsp|tsp|slice|bowl|plate|pack,FALSE,Nigiri Food Prepared dishes East and Southeast Asian dishes,1200,TRUE,
food_prepared_dishes_maki_roll,Maki roll,Food,Prepared dishes,East and Southeast Asian dishes,specific,food_prepared_dishes_prepared_dish,TRUE,,serving,serving|piece|g|kg|oz|cup|tbsp|tsp|slice|bowl|plate|pack,FALSE,Maki roll Food Prepared dishes East and Southeast Asian dishes,1201,TRUE,
food_prepared_dishes_tempura,Tempura,Food,Prepared dishes,East and Southeast Asian dishes,specific,food_prepared_dishes_prepared_dish,TRUE,,serving,serving|piece|g|kg|oz|cup|tbsp|tsp|slice|bowl|plate|pack,FALSE,Tempura Food Prepared dishes East and Southeast Asian dishes,1202,TRUE,
food_prepared_dishes_teriyaki_chicken,Teriyaki chicken,Food,Prepared dishes,East and Southeast Asian dishes,specific,food_prepared_dishes_prepared_dish,TRUE,,serving,serving|piece|g|kg|oz|cup|tbsp|tsp|slice|bowl|plate|pack,FALSE,Teriyaki chicken Food Prepared dishes East and Southeast Asian dishes,1203,TRUE,
food_prepared_dishes_yakitori,Yakitori,Food,Prepared dishes,East and Southeast Asian dishes,specific,food_prepared_dishes_prepared_dish,TRUE,,serving,serving|piece|g|kg|oz|cup|tbsp|tsp|slice|bowl|plate|pack,FALSE,Yakitori Food Prepared dishes East and Southeast Asian dishes,1204,TRUE,
food_prepared_dishes_katsu,Katsu,Food,Prepared dishes,East and Southeast Asian dishes,specific,food_prepared_dishes_prepared_dish,TRUE,,serving,serving|piece|g|kg|oz|cup|tbsp|tsp|slice|bowl|plate|pack,FALSE,Katsu Food Prepared dishes East and Southeast Asian dishes,1205,TRUE,
food_prepared_dishes_gyoza,Gyoza,Food,Prepared dishes,East and Southeast Asian dishes,specific,food_prepared_dishes_prepared_dish,TRUE,,serving,serving|piece|g|kg|oz|cup|tbsp|tsp|slice|bowl|plate|pack,FALSE,Gyoza Food Prepared dishes East and Southeast Asian dishes,1206,TRUE,
food_prepared_dishes_dim_sum,Dim sum,Food,Prepared dishes,East and Southeast Asian dishes,specific,food_prepared_dishes_prepared_dish,TRUE,,serving,serving|piece|g|kg|oz|cup|tbsp|tsp|slice|bowl|plate|pack,FALSE,Dim sum Food Prepared dishes East and Southeast Asian dishes,1207,TRUE,
food_prepared_dishes_dumplings,Dumplings,Food,Prepared dishes,East and Southeast Asian dishes,specific,food_prepared_dishes_prepared_dish,TRUE,,serving,serving|piece|g|kg|oz|cup|tbsp|tsp|slice|bowl|plate|pack,FALSE,Dumplings Food Prepared dishes East and Southeast Asian dishes,1208,TRUE,
food_prepared_dishes_bao_bun,Bao bun,Food,Prepared dishes,East and Southeast Asian dishes,specific,food_prepared_dishes_prepared_dish,TRUE,,serving,serving|piece|g|kg|oz|cup|tbsp|tsp|slice|bowl|plate|pack,FALSE,Bao bun Food Prepared dishes East and Southeast Asian dishes,1209,TRUE,
food_prepared_dishes_sweet_and_sour_chicken,Sweet and sour chicken,Food,Prepared dishes,East and Southeast Asian dishes,specific,food_prepared_dishes_prepared_dish,TRUE,,serving,serving|piece|g|kg|oz|cup|tbsp|tsp|slice|bowl|plate|pack,FALSE,Sweet and sour chicken Food Prepared dishes East and Southeast Asian dishes,1210,TRUE,
food_prepared_dishes_kung_pao_chicken,Kung pao chicken,Food,Prepared dishes,East and Southeast Asian dishes,specific,food_prepared_dishes_prepared_dish,TRUE,,serving,serving|piece|g|kg|oz|cup|tbsp|tsp|slice|bowl|plate|pack,FALSE,Kung pao chicken Food Prepared dishes East and Southeast Asian dishes,1211,TRUE,
food_prepared_dishes_mapo_tofu,Mapo tofu,Food,Prepared dishes,East and Southeast Asian dishes,specific,food_prepared_dishes_prepared_dish,TRUE,,serving,serving|piece|g|kg|oz|cup|tbsp|tsp|slice|bowl|plate|pack,FALSE,Mapo tofu Food Prepared dishes East and Southeast Asian dishes,1212,TRUE,
food_prepared_dishes_general_tso_chicken,General Tso chicken,Food,Prepared dishes,East and Southeast Asian dishes,specific,food_prepared_dishes_prepared_dish,TRUE,,serving,serving|piece|g|kg|oz|cup|tbsp|tsp|slice|bowl|plate|pack,FALSE,General Tso chicken Food Prepared dishes East and Southeast Asian dishes,1213,TRUE,
food_prepared_dishes_thai_green_curry,Thai green curry,Food,Prepared dishes,East and Southeast Asian dishes,specific,food_prepared_dishes_prepared_dish,TRUE,,serving,serving|piece|g|kg|oz|cup|tbsp|tsp|slice|bowl|plate|pack,FALSE,Thai green curry Food Prepared dishes East and Southeast Asian dishes,1214,TRUE,
food_prepared_dishes_thai_red_curry,Thai red curry,Food,Prepared dishes,East and Southeast Asian dishes,specific,food_prepared_dishes_prepared_dish,TRUE,,serving,serving|piece|g|kg|oz|cup|tbsp|tsp|slice|bowl|plate|pack,FALSE,Thai red curry Food Prepared dishes East and Southeast Asian dishes,1215,TRUE,
food_prepared_dishes_tom_yum,Tom yum,Food,Prepared dishes,East and Southeast Asian dishes,specific,food_prepared_dishes_prepared_dish,TRUE,,serving,serving|piece|g|kg|oz|cup|tbsp|tsp|slice|bowl|plate|pack,FALSE,Tom yum Food Prepared dishes East and Southeast Asian dishes,1216,TRUE,
food_prepared_dishes_tom_kha,Tom kha,Food,Prepared dishes,East and Southeast Asian dishes,specific,food_prepared_dishes_prepared_dish,TRUE,,serving,serving|piece|g|kg|oz|cup|tbsp|tsp|slice|bowl|plate|pack,FALSE,Tom kha Food Prepared dishes East and Southeast Asian dishes,1217,TRUE,
food_prepared_dishes_satay,Satay,Food,Prepared dishes,East and Southeast Asian dishes,specific,food_prepared_dishes_prepared_dish,TRUE,,serving,serving|piece|g|kg|oz|cup|tbsp|tsp|slice|bowl|plate|pack,FALSE,Satay Food Prepared dishes East and Southeast Asian dishes,1218,TRUE,
food_prepared_dishes_nasi_goreng,Nasi goreng,Food,Prepared dishes,East and Southeast Asian dishes,specific,food_prepared_dishes_prepared_dish,TRUE,,serving,serving|piece|g|kg|oz|cup|tbsp|tsp|slice|bowl|plate|pack,FALSE,Nasi goreng Food Prepared dishes East and Southeast Asian dishes,1219,TRUE,
food_prepared_dishes_nasi_lemak,Nasi lemak,Food,Prepared dishes,East and Southeast Asian dishes,specific,food_prepared_dishes_prepared_dish,TRUE,,serving,serving|piece|g|kg|oz|cup|tbsp|tsp|slice|bowl|plate|pack,FALSE,Nasi lemak Food Prepared dishes East and Southeast Asian dishes,1220,TRUE,
food_prepared_dishes_vietnamese_spring_rolls,Vietnamese spring rolls,Food,Prepared dishes,East and Southeast Asian dishes,specific,food_prepared_dishes_prepared_dish,TRUE,,serving,serving|piece|g|kg|oz|cup|tbsp|tsp|slice|bowl|plate|pack,FALSE,Vietnamese spring rolls Food Prepared dishes East and Southeast Asian dishes,1221,TRUE,
food_prepared_dishes_banh_mi,Banh mi,Food,Prepared dishes,East and Southeast Asian dishes,specific,food_prepared_dishes_prepared_dish,TRUE,,serving,serving|piece|g|kg|oz|cup|tbsp|tsp|slice|bowl|plate|pack,FALSE,Banh mi Food Prepared dishes East and Southeast Asian dishes,1222,TRUE,
food_prepared_dishes_burger,Burger,Food,Prepared dishes,European and American dishes,specific,food_prepared_dishes_prepared_dish,TRUE,,serving,serving|piece|g|kg|oz|cup|tbsp|tsp|slice|bowl|plate|pack,FALSE,Burger Food Prepared dishes European and American dishes,1223,TRUE,
food_prepared_dishes_cheeseburger,Cheeseburger,Food,Prepared dishes,European and American dishes,specific,food_prepared_dishes_prepared_dish,TRUE,,serving,serving|piece|g|kg|oz|cup|tbsp|tsp|slice|bowl|plate|pack,FALSE,Cheeseburger Food Prepared dishes European and American dishes,1224,TRUE,
food_prepared_dishes_chicken_burger,Chicken burger,Food,Prepared dishes,European and American dishes,specific,food_prepared_dishes_prepared_dish,TRUE,,serving,serving|piece|g|kg|oz|cup|tbsp|tsp|slice|bowl|plate|pack,FALSE,Chicken burger Food Prepared dishes European and American dishes,1225,TRUE,
food_prepared_dishes_veggie_burger,Veggie burger,Food,Prepared dishes,European and American dishes,specific,food_prepared_dishes_prepared_dish,TRUE,,serving,serving|piece|g|kg|oz|cup|tbsp|tsp|slice|bowl|plate|pack,FALSE,Veggie burger Food Prepared dishes European and American dishes,1226,TRUE,
food_prepared_dishes_hot_dog,Hot dog,Food,Prepared dishes,European and American dishes,specific,food_prepared_dishes_prepared_dish,TRUE,,serving,serving|piece|g|kg|oz|cup|tbsp|tsp|slice|bowl|plate|pack,FALSE,Hot dog Food Prepared dishes European and American dishes,1227,TRUE,
food_prepared_dishes_fried_chicken_meal,Fried chicken meal,Food,Prepared dishes,European and American dishes,specific,food_prepared_dishes_prepared_dish,TRUE,,serving,serving|piece|g|kg|oz|cup|tbsp|tsp|slice|bowl|plate|pack,FALSE,Fried chicken meal Food Prepared dishes European and American dishes,1228,TRUE,
food_prepared_dishes_fish_and_chips,Fish and chips,Food,Prepared dishes,European and American dishes,specific,food_prepared_dishes_prepared_dish,TRUE,,serving,serving|piece|g|kg|oz|cup|tbsp|tsp|slice|bowl|plate|pack,FALSE,Fish and chips Food Prepared dishes European and American dishes,1229,TRUE,
food_prepared_dishes_roast_dinner,Roast dinner,Food,Prepared dishes,European and American dishes,specific,food_prepared_dishes_prepared_dish,TRUE,,serving,serving|piece|g|kg|oz|cup|tbsp|tsp|slice|bowl|plate|pack,FALSE,Roast dinner Food Prepared dishes European and American dishes,1230,TRUE,
food_prepared_dishes_meatloaf_dinner,Meatloaf dinner,Food,Prepared dishes,European and American dishes,specific,food_prepared_dishes_prepared_dish,TRUE,,serving,serving|piece|g|kg|oz|cup|tbsp|tsp|slice|bowl|plate|pack,FALSE,Meatloaf dinner Food Prepared dishes European and American dishes,1231,TRUE,
food_prepared_dishes_mashed_potato_dish,Mashed potato dish,Food,Prepared dishes,European and American dishes,specific,food_prepared_dishes_prepared_dish,TRUE,,serving,serving|piece|g|kg|oz|cup|tbsp|tsp|slice|bowl|plate|pack,FALSE,Mashed potato dish Food Prepared dishes European and American dishes,1232,TRUE,
food_prepared_dishes_shepherd_s_pie,Shepherd's pie,Food,Prepared dishes,European and American dishes,specific,food_prepared_dishes_prepared_dish,TRUE,,serving,serving|piece|g|kg|oz|cup|tbsp|tsp|slice|bowl|plate|pack,FALSE,Shepherd's pie Food Prepared dishes European and American dishes,1233,TRUE,
food_prepared_dishes_cottage_pie,Cottage pie,Food,Prepared dishes,European and American dishes,specific,food_prepared_dishes_prepared_dish,TRUE,,serving,serving|piece|g|kg|oz|cup|tbsp|tsp|slice|bowl|plate|pack,FALSE,Cottage pie Food Prepared dishes European and American dishes,1234,TRUE,
food_prepared_dishes_quiche,Quiche,Food,Prepared dishes,European and American dishes,specific,food_prepared_dishes_prepared_dish,TRUE,,serving,serving|piece|g|kg|oz|cup|tbsp|tsp|slice|bowl|plate|pack,FALSE,Quiche Food Prepared dishes European and American dishes,1235,TRUE,
food_prepared_dishes_omelet_meal,Omelet meal,Food,Prepared dishes,European and American dishes,specific,food_prepared_dishes_prepared_dish,TRUE,,serving,serving|piece|g|kg|oz|cup|tbsp|tsp|slice|bowl|plate|pack,FALSE,Omelet meal Food Prepared dishes European and American dishes,1236,TRUE,
food_prepared_dishes_steak_meal,Steak meal,Food,Prepared dishes,European and American dishes,specific,food_prepared_dishes_prepared_dish,TRUE,,serving,serving|piece|g|kg|oz|cup|tbsp|tsp|slice|bowl|plate|pack,FALSE,Steak meal Food Prepared dishes European and American dishes,1237,TRUE,
food_prepared_dishes_barbecue_meal,Barbecue meal,Food,Prepared dishes,European and American dishes,specific,food_prepared_dishes_prepared_dish,TRUE,,serving,serving|piece|g|kg|oz|cup|tbsp|tsp|slice|bowl|plate|pack,FALSE,Barbecue meal Food Prepared dishes European and American dishes,1238,TRUE,
food_prepared_dishes_chicken_wings,Chicken wings,Food,Prepared dishes,European and American dishes,specific,food_prepared_dishes_prepared_dish,TRUE,,serving,serving|piece|g|kg|oz|cup|tbsp|tsp|slice|bowl|plate|pack,FALSE,Chicken wings Food Prepared dishes European and American dishes,1239,TRUE,
food_prepared_dishes_chili_con_carne,Chili con carne,Food,Prepared dishes,European and American dishes,specific,food_prepared_dishes_prepared_dish,TRUE,,serving,serving|piece|g|kg|oz|cup|tbsp|tsp|slice|bowl|plate|pack,FALSE,Chili con carne Food Prepared dishes European and American dishes,1240,TRUE,
food_prepared_dishes_baked_potato,Baked potato,Food,Prepared dishes,European and American dishes,specific,food_prepared_dishes_prepared_dish,TRUE,,serving,serving|piece|g|kg|oz|cup|tbsp|tsp|slice|bowl|plate|pack,FALSE,Baked potato Food Prepared dishes European and American dishes,1241,TRUE,
food_prepared_dishes_casserole,Casserole,Food,Prepared dishes,European and American dishes,specific,food_prepared_dishes_prepared_dish,TRUE,,serving,serving|piece|g|kg|oz|cup|tbsp|tsp|slice|bowl|plate|pack,FALSE,Casserole Food Prepared dishes European and American dishes,1242,TRUE,
food_prepared_dishes_gratin,Gratin,Food,Prepared dishes,European and American dishes,specific,food_prepared_dishes_prepared_dish,TRUE,,serving,serving|piece|g|kg|oz|cup|tbsp|tsp|slice|bowl|plate|pack,FALSE,Gratin Food Prepared dishes European and American dishes,1243,TRUE,
food_prepared_dishes_enchiladas,Enchiladas,Food,Prepared dishes,Latin American and Caribbean dishes,specific,food_prepared_dishes_prepared_dish,TRUE,,serving,serving|piece|g|kg|oz|cup|tbsp|tsp|slice|bowl|plate|pack,FALSE,Enchiladas Food Prepared dishes Latin American and Caribbean dishes,1244,TRUE,
food_prepared_dishes_tamale,Tamale,Food,Prepared dishes,Latin American and Caribbean dishes,specific,food_prepared_dishes_prepared_dish,TRUE,,serving,serving|piece|g|kg|oz|cup|tbsp|tsp|slice|bowl|plate|pack,FALSE,Tamale Food Prepared dishes Latin American and Caribbean dishes,1245,TRUE,
food_prepared_dishes_fajitas,Fajitas,Food,Prepared dishes,Latin American and Caribbean dishes,specific,food_prepared_dishes_prepared_dish,TRUE,,serving,serving|piece|g|kg|oz|cup|tbsp|tsp|slice|bowl|plate|pack,FALSE,Fajitas Food Prepared dishes Latin American and Caribbean dishes,1246,TRUE,
food_prepared_dishes_chilaquiles,Chilaquiles,Food,Prepared dishes,Latin American and Caribbean dishes,specific,food_prepared_dishes_prepared_dish,TRUE,,serving,serving|piece|g|kg|oz|cup|tbsp|tsp|slice|bowl|plate|pack,FALSE,Chilaquiles Food Prepared dishes Latin American and Caribbean dishes,1247,TRUE,
food_prepared_dishes_nachos_dish,Nachos dish,Food,Prepared dishes,Latin American and Caribbean dishes,specific,food_prepared_dishes_prepared_dish,TRUE,,serving,serving|piece|g|kg|oz|cup|tbsp|tsp|slice|bowl|plate|pack,FALSE,Nachos dish Food Prepared dishes Latin American and Caribbean dishes,1248,TRUE,
food_prepared_dishes_ceviche,Ceviche,Food,Prepared dishes,Latin American and Caribbean dishes,specific,food_prepared_dishes_prepared_dish,TRUE,,serving,serving|piece|g|kg|oz|cup|tbsp|tsp|slice|bowl|plate|pack,FALSE,Ceviche Food Prepared dishes Latin American and Caribbean dishes,1249,TRUE,
food_prepared_dishes_arepa,Arepa,Food,Prepared dishes,Latin American and Caribbean dishes,specific,food_prepared_dishes_prepared_dish,TRUE,,serving,serving|piece|g|kg|oz|cup|tbsp|tsp|slice|bowl|plate|pack,FALSE,Arepa Food Prepared dishes Latin American and Caribbean dishes,1250,TRUE,
food_prepared_dishes_pupusa,Pupusa,Food,Prepared dishes,Latin American and Caribbean dishes,specific,food_prepared_dishes_prepared_dish,TRUE,,serving,serving|piece|g|kg|oz|cup|tbsp|tsp|slice|bowl|plate|pack,FALSE,Pupusa Food Prepared dishes Latin American and Caribbean dishes,1251,TRUE,
food_prepared_dishes_feijoada,Feijoada,Food,Prepared dishes,Latin American and Caribbean dishes,specific,food_prepared_dishes_prepared_dish,TRUE,,serving,serving|piece|g|kg|oz|cup|tbsp|tsp|slice|bowl|plate|pack,FALSE,Feijoada Food Prepared dishes Latin American and Caribbean dishes,1252,TRUE,
food_prepared_dishes_moqueca,Moqueca,Food,Prepared dishes,Latin American and Caribbean dishes,specific,food_prepared_dishes_prepared_dish,TRUE,,serving,serving|piece|g|kg|oz|cup|tbsp|tsp|slice|bowl|plate|pack,FALSE,Moqueca Food Prepared dishes Latin American and Caribbean dishes,1253,TRUE,
food_prepared_dishes_ropa_vieja,Ropa vieja,Food,Prepared dishes,Latin American and Caribbean dishes,specific,food_prepared_dishes_prepared_dish,TRUE,,serving,serving|piece|g|kg|oz|cup|tbsp|tsp|slice|bowl|plate|pack,FALSE,Ropa vieja Food Prepared dishes Latin American and Caribbean dishes,1254,TRUE,
food_prepared_dishes_jerk_chicken,Jerk chicken,Food,Prepared dishes,Latin American and Caribbean dishes,specific,food_prepared_dishes_prepared_dish,TRUE,,serving,serving|piece|g|kg|oz|cup|tbsp|tsp|slice|bowl|plate|pack,FALSE,Jerk chicken Food Prepared dishes Latin American and Caribbean dishes,1255,TRUE,
food_prepared_dishes_plantain_dish,Plantain dish,Food,Prepared dishes,Latin American and Caribbean dishes,specific,food_prepared_dishes_prepared_dish,TRUE,,serving,serving|piece|g|kg|oz|cup|tbsp|tsp|slice|bowl|plate|pack,FALSE,Plantain dish Food Prepared dishes Latin American and Caribbean dishes,1256,TRUE,
food_prepared_dishes_rice_and_peas,Rice and peas,Food,Prepared dishes,Latin American and Caribbean dishes,specific,food_prepared_dishes_prepared_dish,TRUE,,serving,serving|piece|g|kg|oz|cup|tbsp|tsp|slice|bowl|plate|pack,FALSE,Rice and peas Food Prepared dishes Latin American and Caribbean dishes,1257,TRUE,
food_prepared_dishes_caribbean_curry,Caribbean curry,Food,Prepared dishes,Latin American and Caribbean dishes,specific,food_prepared_dishes_prepared_dish,TRUE,,serving,serving|piece|g|kg|oz|cup|tbsp|tsp|slice|bowl|plate|pack,FALSE,Caribbean curry Food Prepared dishes Latin American and Caribbean dishes,1258,TRUE,
food_prepared_dishes_injera_meal,Injera meal,Food,Prepared dishes,African dishes,specific,food_prepared_dishes_prepared_dish,TRUE,,serving,serving|piece|g|kg|oz|cup|tbsp|tsp|slice|bowl|plate|pack,FALSE,Injera meal Food Prepared dishes African dishes,1259,TRUE,
food_prepared_dishes_doro_wat,Doro wat,Food,Prepared dishes,African dishes,specific,food_prepared_dishes_prepared_dish,TRUE,,serving,serving|piece|g|kg|oz|cup|tbsp|tsp|slice|bowl|plate|pack,FALSE,Doro wat Food Prepared dishes African dishes,1260,TRUE,
food_prepared_dishes_tibs,Tibs,Food,Prepared dishes,African dishes,specific,food_prepared_dishes_prepared_dish,TRUE,,serving,serving|piece|g|kg|oz|cup|tbsp|tsp|slice|bowl|plate|pack,FALSE,Tibs Food Prepared dishes African dishes,1261,TRUE,
food_prepared_dishes_shiro,Shiro,Food,Prepared dishes,African dishes,specific,food_prepared_dishes_prepared_dish,TRUE,,serving,serving|piece|g|kg|oz|cup|tbsp|tsp|slice|bowl|plate|pack,FALSE,Shiro Food Prepared dishes African dishes,1262,TRUE,
food_prepared_dishes_fufu,Fufu,Food,Prepared dishes,African dishes,specific,food_prepared_dishes_prepared_dish,TRUE,,serving,serving|piece|g|kg|oz|cup|tbsp|tsp|slice|bowl|plate|pack,FALSE,Fufu Food Prepared dishes African dishes,1263,TRUE,
food_prepared_dishes_egusi_soup,Egusi soup,Food,Prepared dishes,African dishes,specific,food_prepared_dishes_prepared_dish,TRUE,,serving,serving|piece|g|kg|oz|cup|tbsp|tsp|slice|bowl|plate|pack,FALSE,Egusi soup Food Prepared dishes African dishes,1264,TRUE,
food_prepared_dishes_suya,Suya,Food,Prepared dishes,African dishes,specific,food_prepared_dishes_prepared_dish,TRUE,,serving,serving|piece|g|kg|oz|cup|tbsp|tsp|slice|bowl|plate|pack,FALSE,Suya Food Prepared dishes African dishes,1265,TRUE,
food_prepared_dishes_bobotie,Bobotie,Food,Prepared dishes,African dishes,specific,food_prepared_dishes_prepared_dish,TRUE,,serving,serving|piece|g|kg|oz|cup|tbsp|tsp|slice|bowl|plate|pack,FALSE,Bobotie Food Prepared dishes African dishes,1266,TRUE,
food_prepared_dishes_bunny_chow,Bunny chow,Food,Prepared dishes,African dishes,specific,food_prepared_dishes_prepared_dish,TRUE,,serving,serving|piece|g|kg|oz|cup|tbsp|tsp|slice|bowl|plate|pack,FALSE,Bunny chow Food Prepared dishes African dishes,1267,TRUE,
food_prepared_dishes_couscous_north_african,Couscous North African,Food,Prepared dishes,African dishes,specific,food_prepared_dishes_prepared_dish,TRUE,,serving,serving|piece|g|kg|oz|cup|tbsp|tsp|slice|bowl|plate|pack,FALSE,Couscous North African Food Prepared dishes African dishes,1268,TRUE,
food_prepared_dishes_harira,Harira,Food,Prepared dishes,African dishes,specific,food_prepared_dishes_prepared_dish,TRUE,,serving,serving|piece|g|kg|oz|cup|tbsp|tsp|slice|bowl|plate|pack,FALSE,Harira Food Prepared dishes African dishes,1269,TRUE,
food_prepared_dishes_ful_sudanese,Ful Sudanese,Food,Prepared dishes,African dishes,specific,food_prepared_dishes_prepared_dish,TRUE,,serving,serving|piece|g|kg|oz|cup|tbsp|tsp|slice|bowl|plate|pack,FALSE,Ful Sudanese Food Prepared dishes African dishes,1270,TRUE,
food_prepared_dishes_groundnut_stew,Groundnut stew,Food,Prepared dishes,African dishes,specific,food_prepared_dishes_prepared_dish,TRUE,,serving,serving|piece|g|kg|oz|cup|tbsp|tsp|slice|bowl|plate|pack,FALSE,Groundnut stew Food Prepared dishes African dishes,1271,TRUE,
food_food_components_and_additives_food_component_or_additive,Food component or additive,Food,Food components and additives,General,general,,TRUE,,serving,serving|piece|g|kg|oz|cup|tbsp|tsp|slice|bowl|plate|pack,FALSE,Food component or additive Food Food components and additives General,1272,TRUE,General option remains selectable when the user does not want to choose a specific item.
food_food_components_and_additives_gluten,Gluten,Food,Food components and additives,Common components,specific,food_food_components_and_additives_food_component_or_additive,TRUE,,serving,serving|piece|g|kg|oz|cup|tbsp|tsp|slice|bowl|plate|pack,FALSE,Gluten Food Food components and additives Common components,1273,TRUE,
food_food_components_and_additives_wheat_protein,Wheat protein,Food,Food components and additives,Common components,specific,food_food_components_and_additives_food_component_or_additive,TRUE,,serving,serving|piece|g|kg|oz|cup|tbsp|tsp|slice|bowl|plate|pack,FALSE,Wheat protein Food Food components and additives Common components,1274,TRUE,
food_food_components_and_additives_lactose,Lactose,Food,Food components and additives,Common components,specific,food_food_components_and_additives_food_component_or_additive,TRUE,,serving,serving|piece|g|kg|oz|cup|tbsp|tsp|slice|bowl|plate|pack,FALSE,Lactose Food Food components and additives Common components,1275,TRUE,
food_food_components_and_additives_milk_protein,Milk protein,Food,Food components and additives,Common components,specific,food_food_components_and_additives_food_component_or_additive,TRUE,,serving,serving|piece|g|kg|oz|cup|tbsp|tsp|slice|bowl|plate|pack,FALSE,Milk protein Food Food components and additives Common components,1276,TRUE,
food_food_components_and_additives_casein,Casein,Food,Food components and additives,Common components,specific,food_food_components_and_additives_food_component_or_additive,TRUE,,serving,serving|piece|g|kg|oz|cup|tbsp|tsp|slice|bowl|plate|pack,FALSE,Casein Food Food components and additives Common components,1277,TRUE,
food_food_components_and_additives_whey,Whey,Food,Food components and additives,Common components,specific,food_food_components_and_additives_food_component_or_additive,TRUE,,serving,serving|piece|g|kg|oz|cup|tbsp|tsp|slice|bowl|plate|pack,FALSE,Whey Food Food components and additives Common components,1278,TRUE,
food_food_components_and_additives_egg_protein,Egg protein,Food,Food components and additives,Common components,specific,food_food_components_and_additives_food_component_or_additive,TRUE,,serving,serving|piece|g|kg|oz|cup|tbsp|tsp|slice|bowl|plate|pack,FALSE,Egg protein Food Food components and additives Common components,1279,TRUE,
food_food_components_and_additives_soy_protein,Soy protein,Food,Food components and additives,Common components,specific,food_food_components_and_additives_food_component_or_additive,TRUE,,serving,serving|piece|g|kg|oz|cup|tbsp|tsp|slice|bowl|plate|pack,FALSE,Soy protein Food Food components and additives Common components,1280,TRUE,
food_food_components_and_additives_peanut_ingredient,Peanut ingredient,Food,Food components and additives,Common components,specific,food_food_components_and_additives_food_component_or_additive,TRUE,,serving,serving|piece|g|kg|oz|cup|tbsp|tsp|slice|bowl|plate|pack,FALSE,Peanut ingredient Food Food components and additives Common components,1281,TRUE,
food_food_components_and_additives_tree_nut_ingredient,Tree nut ingredient,Food,Food components and additives,Common components,specific,food_food_components_and_additives_food_component_or_additive,TRUE,,serving,serving|piece|g|kg|oz|cup|tbsp|tsp|slice|bowl|plate|pack,FALSE,Tree nut ingredient Food Food components and additives Common components,1282,TRUE,
food_food_components_and_additives_sesame_ingredient,Sesame ingredient,Food,Food components and additives,Common components,specific,food_food_components_and_additives_food_component_or_additive,TRUE,,serving,serving|piece|g|kg|oz|cup|tbsp|tsp|slice|bowl|plate|pack,FALSE,Sesame ingredient Food Food components and additives Common components,1283,TRUE,
food_food_components_and_additives_shellfish_ingredient,Shellfish ingredient,Food,Food components and additives,Common components,specific,food_food_components_and_additives_food_component_or_additive,TRUE,,serving,serving|piece|g|kg|oz|cup|tbsp|tsp|slice|bowl|plate|pack,FALSE,Shellfish ingredient Food Food components and additives Common components,1284,TRUE,
food_food_components_and_additives_fish_ingredient,Fish ingredient,Food,Food components and additives,Common components,specific,food_food_components_and_additives_food_component_or_additive,TRUE,,serving,serving|piece|g|kg|oz|cup|tbsp|tsp|slice|bowl|plate|pack,FALSE,Fish ingredient Food Food components and additives Common components,1285,TRUE,
food_food_components_and_additives_yeast,Yeast,Food,Food components and additives,Common components,specific,food_food_components_and_additives_food_component_or_additive,TRUE,,serving,serving|piece|g|kg|oz|cup|tbsp|tsp|slice|bowl|plate|pack,FALSE,Yeast Food Food components and additives Common components,1286,TRUE,
food_food_components_and_additives_gelatin,Gelatin,Food,Food components and additives,Common components,specific,food_food_components_and_additives_food_component_or_additive,TRUE,,serving,serving|piece|g|kg|oz|cup|tbsp|tsp|slice|bowl|plate|pack,FALSE,Gelatin Food Food components and additives Common components,1287,TRUE,
food_food_components_and_additives_corn_ingredient,Corn ingredient,Food,Food components and additives,Common components,specific,food_food_components_and_additives_food_component_or_additive,TRUE,,serving,serving|piece|g|kg|oz|cup|tbsp|tsp|slice|bowl|plate|pack,FALSE,Corn ingredient Food Food components and additives Common components,1288,TRUE,
food_food_components_and_additives_starch,Starch,Food,Food components and additives,Common components,specific,food_food_components_and_additives_food_component_or_additive,TRUE,,serving,serving|piece|g|kg|oz|cup|tbsp|tsp|slice|bowl|plate|pack,FALSE,Starch Food Food components and additives Common components,1289,TRUE,
food_food_components_and_additives_fiber_supplement_in_food,Fiber supplement in food,Food,Food components and additives,Common components,specific,food_food_components_and_additives_food_component_or_additive,TRUE,,serving,serving|piece|g|kg|oz|cup|tbsp|tsp|slice|bowl|plate|pack,FALSE,Fiber supplement in food Food Food components and additives Common components,1290,TRUE,
food_food_components_and_additives_high_fat_food,High-fat food,Food,Food components and additives,Common components,specific,food_food_components_and_additives_food_component_or_additive,TRUE,,serving,serving|piece|g|kg|oz|cup|tbsp|tsp|slice|bowl|plate|pack,FALSE,High-fat food Food Food components and additives Common components,1291,TRUE,
food_food_components_and_additives_high_sugar_food,High-sugar food,Food,Food components and additives,Common components,specific,food_food_components_and_additives_food_component_or_additive,TRUE,,serving,serving|piece|g|kg|oz|cup|tbsp|tsp|slice|bowl|plate|pack,FALSE,High-sugar food Food Food components and additives Common components,1292,TRUE,
food_food_components_and_additives_high_salt_food,High-salt food,Food,Food components and additives,Common components,specific,food_food_components_and_additives_food_component_or_additive,TRUE,,serving,serving|piece|g|kg|oz|cup|tbsp|tsp|slice|bowl|plate|pack,FALSE,High-salt food Food Food components and additives Common components,1293,TRUE,
food_food_components_and_additives_spicy_food,Spicy food,Food,Food components and additives,Common components,specific,food_food_components_and_additives_food_component_or_additive,TRUE,,serving,serving|piece|g|kg|oz|cup|tbsp|tsp|slice|bowl|plate|pack,FALSE,Spicy food Food Food components and additives Common components,1294,TRUE,
food_food_components_and_additives_fried_food,Fried food,Food,Food components and additives,Common components,specific,food_food_components_and_additives_food_component_or_additive,TRUE,,serving,serving|piece|g|kg|oz|cup|tbsp|tsp|slice|bowl|plate|pack,FALSE,Fried food Food Food components and additives Common components,1295,TRUE,
food_food_components_and_additives_smoked_food,Smoked food,Food,Food components and additives,Common components,specific,food_food_components_and_additives_food_component_or_additive,TRUE,,serving,serving|piece|g|kg|oz|cup|tbsp|tsp|slice|bowl|plate|pack,FALSE,Smoked food Food Food components and additives Common components,1296,TRUE,
food_food_components_and_additives_fermented_food,Fermented food,Food,Food components and additives,Common components,specific,food_food_components_and_additives_food_component_or_additive,TRUE,,serving,serving|piece|g|kg|oz|cup|tbsp|tsp|slice|bowl|plate|pack,FALSE,Fermented food Food Food components and additives Common components,1297,TRUE,
food_food_components_and_additives_raw_food,Raw food,Food,Food components and additives,Common components,specific,food_food_components_and_additives_food_component_or_additive,TRUE,,serving,serving|piece|g|kg|oz|cup|tbsp|tsp|slice|bowl|plate|pack,FALSE,Raw food Food Food components and additives Common components,1298,TRUE,
food_food_components_and_additives_processed_food,Processed food,Food,Food components and additives,Common components,specific,food_food_components_and_additives_food_component_or_additive,TRUE,,serving,serving|piece|g|kg|oz|cup|tbsp|tsp|slice|bowl|plate|pack,FALSE,Processed food Food Food components and additives Common components,1299,TRUE,
food_food_components_and_additives_monosodium_glutamate_msg,Monosodium glutamate (MSG),Food,Food components and additives,Additives and preservatives,specific,food_food_components_and_additives_food_component_or_additive,TRUE,,serving,serving|piece|g|kg|oz|cup|tbsp|tsp|slice|bowl|plate|pack,FALSE,Monosodium glutamate (MSG) Food Food components and additives Additives and preservatives,1300,TRUE,
food_food_components_and_additives_sodium_benzoate,Sodium benzoate,Food,Food components and additives,Additives and preservatives,specific,food_food_components_and_additives_food_component_or_additive,TRUE,,serving,serving|piece|g|kg|oz|cup|tbsp|tsp|slice|bowl|plate|pack,FALSE,Sodium benzoate Food Food components and additives Additives and preservatives,1301,TRUE,
food_food_components_and_additives_potassium_sorbate,Potassium sorbate,Food,Food components and additives,Additives and preservatives,specific,food_food_components_and_additives_food_component_or_additive,TRUE,,serving,serving|piece|g|kg|oz|cup|tbsp|tsp|slice|bowl|plate|pack,FALSE,Potassium sorbate Food Food components and additives Additives and preservatives,1302,TRUE,
food_food_components_and_additives_sulfites,Sulfites,Food,Food components and additives,Additives and preservatives,specific,food_food_components_and_additives_food_component_or_additive,TRUE,,serving,serving|piece|g|kg|oz|cup|tbsp|tsp|slice|bowl|plate|pack,FALSE,Sulfites Food Food components and additives Additives and preservatives,1303,TRUE,
food_food_components_and_additives_nitrates,Nitrates,Food,Food components and additives,Additives and preservatives,specific,food_food_components_and_additives_food_component_or_additive,TRUE,,serving,serving|piece|g|kg|oz|cup|tbsp|tsp|slice|bowl|plate|pack,FALSE,Nitrates Food Food components and additives Additives and preservatives,1304,TRUE,
food_food_components_and_additives_nitrites,Nitrites,Food,Food components and additives,Additives and preservatives,specific,food_food_components_and_additives_food_component_or_additive,TRUE,,serving,serving|piece|g|kg|oz|cup|tbsp|tsp|slice|bowl|plate|pack,FALSE,Nitrites Food Food components and additives Additives and preservatives,1305,TRUE,
food_food_components_and_additives_artificial_food_coloring,Artificial food coloring,Food,Food components and additives,Additives and preservatives,specific,food_food_components_and_additives_food_component_or_additive,TRUE,,serving,serving|piece|g|kg|oz|cup|tbsp|tsp|slice|bowl|plate|pack,FALSE,Artificial food coloring Food Food components and additives Additives and preservatives,1306,TRUE,
food_food_components_and_additives_tartrazine,Tartrazine,Food,Food components and additives,Additives and preservatives,specific,food_food_components_and_additives_food_component_or_additive,TRUE,,serving,serving|piece|g|kg|oz|cup|tbsp|tsp|slice|bowl|plate|pack,FALSE,Tartrazine Food Food components and additives Additives and preservatives,1307,TRUE,
food_food_components_and_additives_caramel_coloring,Caramel coloring,Food,Food components and additives,Additives and preservatives,specific,food_food_components_and_additives_food_component_or_additive,TRUE,,serving,serving|piece|g|kg|oz|cup|tbsp|tsp|slice|bowl|plate|pack,FALSE,Caramel coloring Food Food components and additives Additives and preservatives,1308,TRUE,
food_food_components_and_additives_artificial_flavoring,Artificial flavoring,Food,Food components and additives,Additives and preservatives,specific,food_food_components_and_additives_food_component_or_additive,TRUE,,serving,serving|piece|g|kg|oz|cup|tbsp|tsp|slice|bowl|plate|pack,FALSE,Artificial flavoring Food Food components and additives Additives and preservatives,1309,TRUE,
food_food_components_and_additives_natural_flavoring,Natural flavoring,Food,Food components and additives,Additives and preservatives,specific,food_food_components_and_additives_food_component_or_additive,TRUE,,serving,serving|piece|g|kg|oz|cup|tbsp|tsp|slice|bowl|plate|pack,FALSE,Natural flavoring Food Food components and additives Additives and preservatives,1310,TRUE,
food_food_components_and_additives_citric_acid,Citric acid,Food,Food components and additives,Additives and preservatives,specific,food_food_components_and_additives_food_component_or_additive,TRUE,,serving,serving|piece|g|kg|oz|cup|tbsp|tsp|slice|bowl|plate|pack,FALSE,Citric acid Food Food components and additives Additives and preservatives,1311,TRUE,
food_food_components_and_additives_phosphoric_acid,Phosphoric acid,Food,Food components and additives,Additives and preservatives,specific,food_food_components_and_additives_food_component_or_additive,TRUE,,serving,serving|piece|g|kg|oz|cup|tbsp|tsp|slice|bowl|plate|pack,FALSE,Phosphoric acid Food Food components and additives Additives and preservatives,1312,TRUE,
food_food_components_and_additives_guar_gum,Guar gum,Food,Food components and additives,Additives and preservatives,specific,food_food_components_and_additives_food_component_or_additive,TRUE,,serving,serving|piece|g|kg|oz|cup|tbsp|tsp|slice|bowl|plate|pack,FALSE,Guar gum Food Food components and additives Additives and preservatives,1313,TRUE,
food_food_components_and_additives_xanthan_gum,Xanthan gum,Food,Food components and additives,Additives and preservatives,specific,food_food_components_and_additives_food_component_or_additive,TRUE,,serving,serving|piece|g|kg|oz|cup|tbsp|tsp|slice|bowl|plate|pack,FALSE,Xanthan gum Food Food components and additives Additives and preservatives,1314,TRUE,
food_food_components_and_additives_carrageenan,Carrageenan,Food,Food components and additives,Additives and preservatives,specific,food_food_components_and_additives_food_component_or_additive,TRUE,,serving,serving|piece|g|kg|oz|cup|tbsp|tsp|slice|bowl|plate|pack,FALSE,Carrageenan Food Food components and additives Additives and preservatives,1315,TRUE,
food_food_components_and_additives_maltodextrin,Maltodextrin,Food,Food components and additives,Additives and preservatives,specific,food_food_components_and_additives_food_component_or_additive,TRUE,,serving,serving|piece|g|kg|oz|cup|tbsp|tsp|slice|bowl|plate|pack,FALSE,Maltodextrin Food Food components and additives Additives and preservatives,1316,TRUE,
food_food_components_and_additives_dextrose,Dextrose,Food,Food components and additives,Additives and preservatives,specific,food_food_components_and_additives_food_component_or_additive,TRUE,,serving,serving|piece|g|kg|oz|cup|tbsp|tsp|slice|bowl|plate|pack,FALSE,Dextrose Food Food components and additives Additives and preservatives,1317,TRUE,
food_food_components_and_additives_fructose_syrup,Fructose syrup,Food,Food components and additives,Additives and preservatives,specific,food_food_components_and_additives_food_component_or_additive,TRUE,,serving,serving|piece|g|kg|oz|cup|tbsp|tsp|slice|bowl|plate|pack,FALSE,Fructose syrup Food Food components and additives Additives and preservatives,1318,TRUE,
food_food_components_and_additives_high_fructose_corn_syrup,High-fructose corn syrup,Food,Food components and additives,Additives and preservatives,specific,food_food_components_and_additives_food_component_or_additive,TRUE,,serving,serving|piece|g|kg|oz|cup|tbsp|tsp|slice|bowl|plate|pack,FALSE,High-fructose corn syrup Food Food components and additives Additives and preservatives,1319,TRUE,
food_food_components_and_additives_emulsifier,Emulsifier,Food,Food components and additives,Additives and preservatives,specific,food_food_components_and_additives_food_component_or_additive,TRUE,,serving,serving|piece|g|kg|oz|cup|tbsp|tsp|slice|bowl|plate|pack,FALSE,Emulsifier Food Food components and additives Additives and preservatives,1320,TRUE,
food_food_components_and_additives_preservative,Preservative,Food,Food components and additives,Additives and preservatives,specific,food_food_components_and_additives_food_component_or_additive,TRUE,,serving,serving|piece|g|kg|oz|cup|tbsp|tsp|slice|bowl|plate|pack,FALSE,Preservative Food Food components and additives Additives and preservatives,1321,TRUE,
food_food_components_and_additives_flavor_enhancer,Flavor enhancer,Food,Food components and additives,Additives and preservatives,specific,food_food_components_and_additives_food_component_or_additive,TRUE,,serving,serving|piece|g|kg|oz|cup|tbsp|tsp|slice|bowl|plate|pack,FALSE,Flavor enhancer Food Food components and additives Additives and preservatives,1322,TRUE,
drinks_water_water,Water,Drinks,Water,General,general,,TRUE,,glass,ml|L|cup|glass|bottle|can|shot|mug|serving,FALSE,Water Drinks Water General,1323,TRUE,General option remains selectable when the user does not want to choose a specific item.
drinks_water_tap_water,Tap water,Drinks,Water,Water types,specific,drinks_water_water,TRUE,,glass,ml|L|cup|glass|bottle|can|shot|mug|serving,FALSE,Tap water Drinks Water Water types,1324,TRUE,
drinks_water_filtered_water,Filtered water,Drinks,Water,Water types,specific,drinks_water_water,TRUE,,glass,ml|L|cup|glass|bottle|can|shot|mug|serving,FALSE,Filtered water Drinks Water Water types,1325,TRUE,
drinks_water_bottled_water,Bottled water,Drinks,Water,Water types,specific,drinks_water_water,TRUE,,glass,ml|L|cup|glass|bottle|can|shot|mug|serving,FALSE,Bottled water Drinks Water Water types,1326,TRUE,
drinks_water_still_mineral_water,Still mineral water,Drinks,Water,Water types,specific,drinks_water_water,TRUE,,glass,ml|L|cup|glass|bottle|can|shot|mug|serving,FALSE,Still mineral water Drinks Water Water types,1327,TRUE,
drinks_water_sparkling_water,Sparkling water,Drinks,Water,Water types,specific,drinks_water_water,TRUE,,glass,ml|L|cup|glass|bottle|can|shot|mug|serving,FALSE,Sparkling water Drinks Water Water types,1328,TRUE,
drinks_water_carbonated_water,Carbonated water,Drinks,Water,Water types,specific,drinks_water_water,TRUE,,glass,ml|L|cup|glass|bottle|can|shot|mug|serving,FALSE,Carbonated water Drinks Water Water types,1329,TRUE,
drinks_water_flavored_water,Flavored water,Drinks,Water,Water types,specific,drinks_water_water,TRUE,,glass,ml|L|cup|glass|bottle|can|shot|mug|serving,FALSE,Flavored water Drinks Water Water types,1330,TRUE,
drinks_water_electrolyte_water,Electrolyte water,Drinks,Water,Water types,specific,drinks_water_water,TRUE,,glass,ml|L|cup|glass|bottle|can|shot|mug|serving,FALSE,Electrolyte water Drinks Water Water types,1331,TRUE,
drinks_water_alkaline_water,Alkaline water,Drinks,Water,Water types,specific,drinks_water_water,TRUE,,glass,ml|L|cup|glass|bottle|can|shot|mug|serving,FALSE,Alkaline water Drinks Water Water types,1332,TRUE,
drinks_water_distilled_water,Distilled water,Drinks,Water,Water types,specific,drinks_water_water,TRUE,,glass,ml|L|cup|glass|bottle|can|shot|mug|serving,FALSE,Distilled water Drinks Water Water types,1333,TRUE,
drinks_water_coconut_water,Coconut water,Drinks,Water,Water types,specific,drinks_water_water,TRUE,,glass,ml|L|cup|glass|bottle|can|shot|mug|serving,FALSE,Coconut water Drinks Water Water types,1334,TRUE,
drinks_water_infused_water,Infused water,Drinks,Water,Water types,specific,drinks_water_water,TRUE,,glass,ml|L|cup|glass|bottle|can|shot|mug|serving,FALSE,Infused water Drinks Water Water types,1335,TRUE,
drinks_water_ice_water,Ice water,Drinks,Water,Water types,specific,drinks_water_water,TRUE,,glass,ml|L|cup|glass|bottle|can|shot|mug|serving,FALSE,Ice water Drinks Water Water types,1336,TRUE,
drinks_water_warm_water,Warm water,Drinks,Water,Water types,specific,drinks_water_water,TRUE,,glass,ml|L|cup|glass|bottle|can|shot|mug|serving,FALSE,Warm water Drinks Water Water types,1337,TRUE,
drinks_coffee_coffee,Coffee,Drinks,Coffee,General,general,,TRUE,,cup,ml|L|cup|glass|bottle|can|shot|mug|serving,FALSE,Coffee Drinks Coffee General,1338,TRUE,General option remains selectable when the user does not want to choose a specific item.
drinks_coffee_black_coffee,Black coffee,Drinks,Coffee,Black and brewed coffee,specific,drinks_coffee_coffee,TRUE,,cup,ml|L|cup|glass|bottle|can|shot|mug|serving,FALSE,Black coffee Drinks Coffee Black and brewed coffee,1339,TRUE,
drinks_coffee_drip_coffee,Drip coffee,Drinks,Coffee,Black and brewed coffee,specific,drinks_coffee_coffee,TRUE,,cup,ml|L|cup|glass|bottle|can|shot|mug|serving,FALSE,Drip coffee Drinks Coffee Black and brewed coffee,1340,TRUE,
drinks_coffee_filter_coffee,Filter coffee,Drinks,Coffee,Black and brewed coffee,specific,drinks_coffee_coffee,TRUE,,cup,ml|L|cup|glass|bottle|can|shot|mug|serving,FALSE,Filter coffee Drinks Coffee Black and brewed coffee,1341,TRUE,
drinks_coffee_pour_over_coffee,Pour-over coffee,Drinks,Coffee,Black and brewed coffee,specific,drinks_coffee_coffee,TRUE,,cup,ml|L|cup|glass|bottle|can|shot|mug|serving,FALSE,Pour-over coffee Drinks Coffee Black and brewed coffee,1342,TRUE,
drinks_coffee_french_press_coffee,French press coffee,Drinks,Coffee,Black and brewed coffee,specific,drinks_coffee_coffee,TRUE,,cup,ml|L|cup|glass|bottle|can|shot|mug|serving,FALSE,French press coffee Drinks Coffee Black and brewed coffee,1343,TRUE,
drinks_coffee_instant_coffee,Instant coffee,Drinks,Coffee,Black and brewed coffee,specific,drinks_coffee_coffee,TRUE,,cup,ml|L|cup|glass|bottle|can|shot|mug|serving,FALSE,Instant coffee Drinks Coffee Black and brewed coffee,1344,TRUE,
drinks_coffee_turkish_coffee,Turkish coffee,Drinks,Coffee,Black and brewed coffee,specific,drinks_coffee_coffee,TRUE,,cup,ml|L|cup|glass|bottle|can|shot|mug|serving,FALSE,Turkish coffee Drinks Coffee Black and brewed coffee,1345,TRUE,
drinks_coffee_arabic_coffee,Arabic coffee,Drinks,Coffee,Black and brewed coffee,specific,drinks_coffee_coffee,TRUE,,cup,ml|L|cup|glass|bottle|can|shot|mug|serving,FALSE,Arabic coffee Drinks Coffee Black and brewed coffee,1346,TRUE,
drinks_coffee_greek_coffee,Greek coffee,Drinks,Coffee,Black and brewed coffee,specific,drinks_coffee_coffee,TRUE,,cup,ml|L|cup|glass|bottle|can|shot|mug|serving,FALSE,Greek coffee Drinks Coffee Black and brewed coffee,1347,TRUE,
drinks_coffee_cold_brew,Cold brew,Drinks,Coffee,Black and brewed coffee,specific,drinks_coffee_coffee,TRUE,,cup,ml|L|cup|glass|bottle|can|shot|mug|serving,FALSE,Cold brew Drinks Coffee Black and brewed coffee,1348,TRUE,
drinks_coffee_nitro_cold_brew,Nitro cold brew,Drinks,Coffee,Black and brewed coffee,specific,drinks_coffee_coffee,TRUE,,cup,ml|L|cup|glass|bottle|can|shot|mug|serving,FALSE,Nitro cold brew Drinks Coffee Black and brewed coffee,1349,TRUE,
drinks_coffee_iced_coffee,Iced coffee,Drinks,Coffee,Black and brewed coffee,specific,drinks_coffee_coffee,TRUE,,cup,ml|L|cup|glass|bottle|can|shot|mug|serving,FALSE,Iced coffee Drinks Coffee Black and brewed coffee,1350,TRUE,
drinks_coffee_decaffeinated_coffee,Decaffeinated coffee,Drinks,Coffee,Black and brewed coffee,specific,drinks_coffee_coffee,TRUE,,cup,ml|L|cup|glass|bottle|can|shot|mug|serving,FALSE,Decaffeinated coffee Drinks Coffee Black and brewed coffee,1351,TRUE,
drinks_coffee_half_caf_coffee,Half-caf coffee,Drinks,Coffee,Black and brewed coffee,specific,drinks_coffee_coffee,TRUE,,cup,ml|L|cup|glass|bottle|can|shot|mug|serving,FALSE,Half-caf coffee Drinks Coffee Black and brewed coffee,1352,TRUE,
drinks_coffee_espresso,Espresso,Drinks,Coffee,Espresso drinks,specific,drinks_coffee_coffee,TRUE,,cup,ml|L|cup|glass|bottle|can|shot|mug|serving,FALSE,Espresso Drinks Coffee Espresso drinks,1353,TRUE,
drinks_coffee_double_espresso,Double espresso,Drinks,Coffee,Espresso drinks,specific,drinks_coffee_coffee,TRUE,,cup,ml|L|cup|glass|bottle|can|shot|mug|serving,FALSE,Double espresso Drinks Coffee Espresso drinks,1354,TRUE,
drinks_coffee_ristretto,Ristretto,Drinks,Coffee,Espresso drinks,specific,drinks_coffee_coffee,TRUE,,cup,ml|L|cup|glass|bottle|can|shot|mug|serving,FALSE,Ristretto Drinks Coffee Espresso drinks,1355,TRUE,
drinks_coffee_lungo,Lungo,Drinks,Coffee,Espresso drinks,specific,drinks_coffee_coffee,TRUE,,cup,ml|L|cup|glass|bottle|can|shot|mug|serving,FALSE,Lungo Drinks Coffee Espresso drinks,1356,TRUE,
drinks_coffee_americano,Americano,Drinks,Coffee,Espresso drinks,specific,drinks_coffee_coffee,TRUE,,cup,ml|L|cup|glass|bottle|can|shot|mug|serving,FALSE,Americano Drinks Coffee Espresso drinks,1357,TRUE,
drinks_coffee_long_black,Long black,Drinks,Coffee,Espresso drinks,specific,drinks_coffee_coffee,TRUE,,cup,ml|L|cup|glass|bottle|can|shot|mug|serving,FALSE,Long black Drinks Coffee Espresso drinks,1358,TRUE,
drinks_coffee_macchiato,Macchiato,Drinks,Coffee,Espresso drinks,specific,drinks_coffee_coffee,TRUE,,cup,ml|L|cup|glass|bottle|can|shot|mug|serving,FALSE,Macchiato Drinks Coffee Espresso drinks,1359,TRUE,
drinks_coffee_cortado,Cortado,Drinks,Coffee,Espresso drinks,specific,drinks_coffee_coffee,TRUE,,cup,ml|L|cup|glass|bottle|can|shot|mug|serving,FALSE,Cortado Drinks Coffee Espresso drinks,1360,TRUE,
drinks_coffee_flat_white,Flat white,Drinks,Coffee,Espresso drinks,specific,drinks_coffee_coffee,TRUE,,cup,ml|L|cup|glass|bottle|can|shot|mug|serving,FALSE,Flat white Drinks Coffee Espresso drinks,1361,TRUE,
drinks_coffee_cappuccino,Cappuccino,Drinks,Coffee,Espresso drinks,specific,drinks_coffee_coffee,TRUE,,cup,ml|L|cup|glass|bottle|can|shot|mug|serving,FALSE,Cappuccino Drinks Coffee Espresso drinks,1362,TRUE,
drinks_coffee_latte,Latte,Drinks,Coffee,Espresso drinks,specific,drinks_coffee_coffee,TRUE,,cup,ml|L|cup|glass|bottle|can|shot|mug|serving,FALSE,Latte Drinks Coffee Espresso drinks,1363,TRUE,
drinks_coffee_cafe_au_lait,Cafe au lait,Drinks,Coffee,Espresso drinks,specific,drinks_coffee_coffee,TRUE,,cup,ml|L|cup|glass|bottle|can|shot|mug|serving,FALSE,Cafe au lait Drinks Coffee Espresso drinks,1364,TRUE,
drinks_coffee_mocha,Mocha,Drinks,Coffee,Espresso drinks,specific,drinks_coffee_coffee,TRUE,,cup,ml|L|cup|glass|bottle|can|shot|mug|serving,FALSE,Mocha Drinks Coffee Espresso drinks,1365,TRUE,
drinks_coffee_white_mocha,White mocha,Drinks,Coffee,Espresso drinks,specific,drinks_coffee_coffee,TRUE,,cup,ml|L|cup|glass|bottle|can|shot|mug|serving,FALSE,White mocha Drinks Coffee Espresso drinks,1366,TRUE,
drinks_coffee_affogato,Affogato,Drinks,Coffee,Espresso drinks,specific,drinks_coffee_coffee,TRUE,,cup,ml|L|cup|glass|bottle|can|shot|mug|serving,FALSE,Affogato Drinks Coffee Espresso drinks,1367,TRUE,
drinks_coffee_iced_latte,Iced latte,Drinks,Coffee,Espresso drinks,specific,drinks_coffee_coffee,TRUE,,cup,ml|L|cup|glass|bottle|can|shot|mug|serving,FALSE,Iced latte Drinks Coffee Espresso drinks,1368,TRUE,
drinks_coffee_iced_americano,Iced Americano,Drinks,Coffee,Espresso drinks,specific,drinks_coffee_coffee,TRUE,,cup,ml|L|cup|glass|bottle|can|shot|mug|serving,FALSE,Iced Americano Drinks Coffee Espresso drinks,1369,TRUE,
drinks_coffee_iced_mocha,Iced mocha,Drinks,Coffee,Espresso drinks,specific,drinks_coffee_coffee,TRUE,,cup,ml|L|cup|glass|bottle|can|shot|mug|serving,FALSE,Iced mocha Drinks Coffee Espresso drinks,1370,TRUE,
drinks_coffee_frappuccino_style_coffee,Frappuccino-style coffee,Drinks,Coffee,Espresso drinks,specific,drinks_coffee_coffee,TRUE,,cup,ml|L|cup|glass|bottle|can|shot|mug|serving,FALSE,Frappuccino-style coffee Drinks Coffee Espresso drinks,1371,TRUE,
drinks_coffee_coffee_with_milk,Coffee with milk,Drinks,Coffee,Espresso drinks,specific,drinks_coffee_coffee,TRUE,,cup,ml|L|cup|glass|bottle|can|shot|mug|serving,FALSE,Coffee with milk Drinks Coffee Espresso drinks,1372,TRUE,
drinks_coffee_coffee_with_cream,Coffee with cream,Drinks,Coffee,Espresso drinks,specific,drinks_coffee_coffee,TRUE,,cup,ml|L|cup|glass|bottle|can|shot|mug|serving,FALSE,Coffee with cream Drinks Coffee Espresso drinks,1373,TRUE,
drinks_coffee_coffee_with_sugar,Coffee with sugar,Drinks,Coffee,Espresso drinks,specific,drinks_coffee_coffee,TRUE,,cup,ml|L|cup|glass|bottle|can|shot|mug|serving,FALSE,Coffee with sugar Drinks Coffee Espresso drinks,1374,TRUE,
drinks_tea_tea,Tea,Drinks,Tea,General,general,,TRUE,,cup,ml|L|cup|glass|bottle|can|shot|mug|serving,FALSE,Tea Drinks Tea General,1375,TRUE,General option remains selectable when the user does not want to choose a specific item.
drinks_tea_black_tea,Black tea,Drinks,Tea,Traditional teas,specific,drinks_tea_tea,TRUE,,cup,ml|L|cup|glass|bottle|can|shot|mug|serving,FALSE,Black tea Drinks Tea Traditional teas,1376,TRUE,
drinks_tea_green_tea,Green tea,Drinks,Tea,Traditional teas,specific,drinks_tea_tea,TRUE,,cup,ml|L|cup|glass|bottle|can|shot|mug|serving,FALSE,Green tea Drinks Tea Traditional teas,1377,TRUE,
drinks_tea_white_tea,White tea,Drinks,Tea,Traditional teas,specific,drinks_tea_tea,TRUE,,cup,ml|L|cup|glass|bottle|can|shot|mug|serving,FALSE,White tea Drinks Tea Traditional teas,1378,TRUE,
drinks_tea_oolong_tea,Oolong tea,Drinks,Tea,Traditional teas,specific,drinks_tea_tea,TRUE,,cup,ml|L|cup|glass|bottle|can|shot|mug|serving,FALSE,Oolong tea Drinks Tea Traditional teas,1379,TRUE,
drinks_tea_pu_erh_tea,Pu-erh tea,Drinks,Tea,Traditional teas,specific,drinks_tea_tea,TRUE,,cup,ml|L|cup|glass|bottle|can|shot|mug|serving,FALSE,Pu-erh tea Drinks Tea Traditional teas,1380,TRUE,
drinks_tea_matcha,Matcha,Drinks,Tea,Traditional teas,specific,drinks_tea_tea,TRUE,,cup,ml|L|cup|glass|bottle|can|shot|mug|serving,FALSE,Matcha Drinks Tea Traditional teas,1381,TRUE,
drinks_tea_earl_grey_tea,Earl Grey tea,Drinks,Tea,Traditional teas,specific,drinks_tea_tea,TRUE,,cup,ml|L|cup|glass|bottle|can|shot|mug|serving,FALSE,Earl Grey tea Drinks Tea Traditional teas,1382,TRUE,
drinks_tea_english_breakfast_tea,English breakfast tea,Drinks,Tea,Traditional teas,specific,drinks_tea_tea,TRUE,,cup,ml|L|cup|glass|bottle|can|shot|mug|serving,FALSE,English breakfast tea Drinks Tea Traditional teas,1383,TRUE,
drinks_tea_assam_tea,Assam tea,Drinks,Tea,Traditional teas,specific,drinks_tea_tea,TRUE,,cup,ml|L|cup|glass|bottle|can|shot|mug|serving,FALSE,Assam tea Drinks Tea Traditional teas,1384,TRUE,
drinks_tea_darjeeling_tea,Darjeeling tea,Drinks,Tea,Traditional teas,specific,drinks_tea_tea,TRUE,,cup,ml|L|cup|glass|bottle|can|shot|mug|serving,FALSE,Darjeeling tea Drinks Tea Traditional teas,1385,TRUE,
drinks_tea_ceylon_tea,Ceylon tea,Drinks,Tea,Traditional teas,specific,drinks_tea_tea,TRUE,,cup,ml|L|cup|glass|bottle|can|shot|mug|serving,FALSE,Ceylon tea Drinks Tea Traditional teas,1386,TRUE,
drinks_tea_jasmine_tea,Jasmine tea,Drinks,Tea,Traditional teas,specific,drinks_tea_tea,TRUE,,cup,ml|L|cup|glass|bottle|can|shot|mug|serving,FALSE,Jasmine tea Drinks Tea Traditional teas,1387,TRUE,
drinks_tea_chai_tea,Chai tea,Drinks,Tea,Traditional teas,specific,drinks_tea_tea,TRUE,,cup,ml|L|cup|glass|bottle|can|shot|mug|serving,FALSE,Chai tea Drinks Tea Traditional teas,1388,TRUE,
drinks_tea_masala_chai,Masala chai,Drinks,Tea,Traditional teas,specific,drinks_tea_tea,TRUE,,cup,ml|L|cup|glass|bottle|can|shot|mug|serving,FALSE,Masala chai Drinks Tea Traditional teas,1389,TRUE,
drinks_tea_karak_tea,Karak tea,Drinks,Tea,Traditional teas,specific,drinks_tea_tea,TRUE,,cup,ml|L|cup|glass|bottle|can|shot|mug|serving,FALSE,Karak tea Drinks Tea Traditional teas,1390,TRUE,
drinks_tea_thai_iced_tea,Thai iced tea,Drinks,Tea,Traditional teas,specific,drinks_tea_tea,TRUE,,cup,ml|L|cup|glass|bottle|can|shot|mug|serving,FALSE,Thai iced tea Drinks Tea Traditional teas,1391,TRUE,
drinks_tea_iced_tea,Iced tea,Drinks,Tea,Traditional teas,specific,drinks_tea_tea,TRUE,,cup,ml|L|cup|glass|bottle|can|shot|mug|serving,FALSE,Iced tea Drinks Tea Traditional teas,1392,TRUE,
drinks_tea_sweet_tea,Sweet tea,Drinks,Tea,Traditional teas,specific,drinks_tea_tea,TRUE,,cup,ml|L|cup|glass|bottle|can|shot|mug|serving,FALSE,Sweet tea Drinks Tea Traditional teas,1393,TRUE,
drinks_tea_decaffeinated_tea,Decaffeinated tea,Drinks,Tea,Traditional teas,specific,drinks_tea_tea,TRUE,,cup,ml|L|cup|glass|bottle|can|shot|mug|serving,FALSE,Decaffeinated tea Drinks Tea Traditional teas,1394,TRUE,
drinks_tea_herbal_tea,Herbal tea,Drinks,Tea,Herbal teas and infusions,specific,drinks_tea_tea,TRUE,,cup,ml|L|cup|glass|bottle|can|shot|mug|serving,FALSE,Herbal tea Drinks Tea Herbal teas and infusions,1395,TRUE,
drinks_tea_peppermint_tea,Peppermint tea,Drinks,Tea,Herbal teas and infusions,specific,drinks_tea_tea,TRUE,,cup,ml|L|cup|glass|bottle|can|shot|mug|serving,FALSE,Peppermint tea Drinks Tea Herbal teas and infusions,1396,TRUE,
drinks_tea_spearmint_tea,Spearmint tea,Drinks,Tea,Herbal teas and infusions,specific,drinks_tea_tea,TRUE,,cup,ml|L|cup|glass|bottle|can|shot|mug|serving,FALSE,Spearmint tea Drinks Tea Herbal teas and infusions,1397,TRUE,
drinks_tea_chamomile_tea,Chamomile tea,Drinks,Tea,Herbal teas and infusions,specific,drinks_tea_tea,TRUE,,cup,ml|L|cup|glass|bottle|can|shot|mug|serving,FALSE,Chamomile tea Drinks Tea Herbal teas and infusions,1398,TRUE,
drinks_tea_ginger_tea,Ginger tea,Drinks,Tea,Herbal teas and infusions,specific,drinks_tea_tea,TRUE,,cup,ml|L|cup|glass|bottle|can|shot|mug|serving,FALSE,Ginger tea Drinks Tea Herbal teas and infusions,1399,TRUE,
drinks_tea_turmeric_tea,Turmeric tea,Drinks,Tea,Herbal teas and infusions,specific,drinks_tea_tea,TRUE,,cup,ml|L|cup|glass|bottle|can|shot|mug|serving,FALSE,Turmeric tea Drinks Tea Herbal teas and infusions,1400,TRUE,
drinks_tea_hibiscus_tea,Hibiscus tea,Drinks,Tea,Herbal teas and infusions,specific,drinks_tea_tea,TRUE,,cup,ml|L|cup|glass|bottle|can|shot|mug|serving,FALSE,Hibiscus tea Drinks Tea Herbal teas and infusions,1401,TRUE,
drinks_tea_rose_tea,Rose tea,Drinks,Tea,Herbal teas and infusions,specific,drinks_tea_tea,TRUE,,cup,ml|L|cup|glass|bottle|can|shot|mug|serving,FALSE,Rose tea Drinks Tea Herbal teas and infusions,1402,TRUE,
drinks_tea_lemon_tea,Lemon tea,Drinks,Tea,Herbal teas and infusions,specific,drinks_tea_tea,TRUE,,cup,ml|L|cup|glass|bottle|can|shot|mug|serving,FALSE,Lemon tea Drinks Tea Herbal teas and infusions,1403,TRUE,
drinks_tea_lemongrass_tea,Lemongrass tea,Drinks,Tea,Herbal teas and infusions,specific,drinks_tea_tea,TRUE,,cup,ml|L|cup|glass|bottle|can|shot|mug|serving,FALSE,Lemongrass tea Drinks Tea Herbal teas and infusions,1404,TRUE,
drinks_tea_cinnamon_tea,Cinnamon tea,Drinks,Tea,Herbal teas and infusions,specific,drinks_tea_tea,TRUE,,cup,ml|L|cup|glass|bottle|can|shot|mug|serving,FALSE,Cinnamon tea Drinks Tea Herbal teas and infusions,1405,TRUE,
drinks_tea_anise_tea,Anise tea,Drinks,Tea,Herbal teas and infusions,specific,drinks_tea_tea,TRUE,,cup,ml|L|cup|glass|bottle|can|shot|mug|serving,FALSE,Anise tea Drinks Tea Herbal teas and infusions,1406,TRUE,
drinks_tea_fennel_tea,Fennel tea,Drinks,Tea,Herbal teas and infusions,specific,drinks_tea_tea,TRUE,,cup,ml|L|cup|glass|bottle|can|shot|mug|serving,FALSE,Fennel tea Drinks Tea Herbal teas and infusions,1407,TRUE,
drinks_tea_sage_tea,Sage tea,Drinks,Tea,Herbal teas and infusions,specific,drinks_tea_tea,TRUE,,cup,ml|L|cup|glass|bottle|can|shot|mug|serving,FALSE,Sage tea Drinks Tea Herbal teas and infusions,1408,TRUE,
drinks_tea_thyme_tea,Thyme tea,Drinks,Tea,Herbal teas and infusions,specific,drinks_tea_tea,TRUE,,cup,ml|L|cup|glass|bottle|can|shot|mug|serving,FALSE,Thyme tea Drinks Tea Herbal teas and infusions,1409,TRUE,
drinks_tea_rooibos_tea,Rooibos tea,Drinks,Tea,Herbal teas and infusions,specific,drinks_tea_tea,TRUE,,cup,ml|L|cup|glass|bottle|can|shot|mug|serving,FALSE,Rooibos tea Drinks Tea Herbal teas and infusions,1410,TRUE,
drinks_tea_yerba_mate,Yerba mate,Drinks,Tea,Herbal teas and infusions,specific,drinks_tea_tea,TRUE,,cup,ml|L|cup|glass|bottle|can|shot|mug|serving,FALSE,Yerba mate Drinks Tea Herbal teas and infusions,1411,TRUE,
drinks_tea_nettle_tea,Nettle tea,Drinks,Tea,Herbal teas and infusions,specific,drinks_tea_tea,TRUE,,cup,ml|L|cup|glass|bottle|can|shot|mug|serving,FALSE,Nettle tea Drinks Tea Herbal teas and infusions,1412,TRUE,
drinks_tea_dandelion_tea,Dandelion tea,Drinks,Tea,Herbal teas and infusions,specific,drinks_tea_tea,TRUE,,cup,ml|L|cup|glass|bottle|can|shot|mug|serving,FALSE,Dandelion tea Drinks Tea Herbal teas and infusions,1413,TRUE,
drinks_tea_licorice_root_tea,Licorice root tea,Drinks,Tea,Herbal teas and infusions,specific,drinks_tea_tea,TRUE,,cup,ml|L|cup|glass|bottle|can|shot|mug|serving,FALSE,Licorice root tea Drinks Tea Herbal teas and infusions,1414,TRUE,
drinks_tea_valerian_tea,Valerian tea,Drinks,Tea,Herbal teas and infusions,specific,drinks_tea_tea,TRUE,,cup,ml|L|cup|glass|bottle|can|shot|mug|serving,FALSE,Valerian tea Drinks Tea Herbal teas and infusions,1415,TRUE,
drinks_tea_lavender_tea,Lavender tea,Drinks,Tea,Herbal teas and infusions,specific,drinks_tea_tea,TRUE,,cup,ml|L|cup|glass|bottle|can|shot|mug|serving,FALSE,Lavender tea Drinks Tea Herbal teas and infusions,1416,TRUE,
drinks_tea_green_tea_with_mint,Green tea with mint,Drinks,Tea,Herbal teas and infusions,specific,drinks_tea_tea,TRUE,,cup,ml|L|cup|glass|bottle|can|shot|mug|serving,FALSE,Green tea with mint Drinks Tea Herbal teas and infusions,1417,TRUE,
drinks_juice_juice,Juice,Drinks,Juice,General,general,,TRUE,,glass,ml|L|cup|glass|bottle|can|shot|mug|serving,FALSE,Juice Drinks Juice General,1418,TRUE,General option remains selectable when the user does not want to choose a specific item.
drinks_juice_orange_juice,Orange juice,Drinks,Juice,Fruit juices,specific,drinks_juice_juice,TRUE,,glass,ml|L|cup|glass|bottle|can|shot|mug|serving,FALSE,Orange juice Drinks Juice Fruit juices,1419,TRUE,
drinks_juice_apple_juice,Apple juice,Drinks,Juice,Fruit juices,specific,drinks_juice_juice,TRUE,,glass,ml|L|cup|glass|bottle|can|shot|mug|serving,FALSE,Apple juice Drinks Juice Fruit juices,1420,TRUE,
drinks_juice_grape_juice,Grape juice,Drinks,Juice,Fruit juices,specific,drinks_juice_juice,TRUE,,glass,ml|L|cup|glass|bottle|can|shot|mug|serving,FALSE,Grape juice Drinks Juice Fruit juices,1421,TRUE,
drinks_juice_pineapple_juice,Pineapple juice,Drinks,Juice,Fruit juices,specific,drinks_juice_juice,TRUE,,glass,ml|L|cup|glass|bottle|can|shot|mug|serving,FALSE,Pineapple juice Drinks Juice Fruit juices,1422,TRUE,
drinks_juice_mango_juice,Mango juice,Drinks,Juice,Fruit juices,specific,drinks_juice_juice,TRUE,,glass,ml|L|cup|glass|bottle|can|shot|mug|serving,FALSE,Mango juice Drinks Juice Fruit juices,1423,TRUE,
drinks_juice_guava_juice,Guava juice,Drinks,Juice,Fruit juices,specific,drinks_juice_juice,TRUE,,glass,ml|L|cup|glass|bottle|can|shot|mug|serving,FALSE,Guava juice Drinks Juice Fruit juices,1424,TRUE,
drinks_juice_pomegranate_juice,Pomegranate juice,Drinks,Juice,Fruit juices,specific,drinks_juice_juice,TRUE,,glass,ml|L|cup|glass|bottle|can|shot|mug|serving,FALSE,Pomegranate juice Drinks Juice Fruit juices,1425,TRUE,
drinks_juice_cranberry_juice,Cranberry juice,Drinks,Juice,Fruit juices,specific,drinks_juice_juice,TRUE,,glass,ml|L|cup|glass|bottle|can|shot|mug|serving,FALSE,Cranberry juice Drinks Juice Fruit juices,1426,TRUE,
drinks_juice_grapefruit_juice,Grapefruit juice,Drinks,Juice,Fruit juices,specific,drinks_juice_juice,TRUE,,glass,ml|L|cup|glass|bottle|can|shot|mug|serving,FALSE,Grapefruit juice Drinks Juice Fruit juices,1427,TRUE,
drinks_juice_lemon_juice_drink,Lemon juice drink,Drinks,Juice,Fruit juices,specific,drinks_juice_juice,TRUE,,glass,ml|L|cup|glass|bottle|can|shot|mug|serving,FALSE,Lemon juice drink Drinks Juice Fruit juices,1428,TRUE,
drinks_juice_lime_juice_drink,Lime juice drink,Drinks,Juice,Fruit juices,specific,drinks_juice_juice,TRUE,,glass,ml|L|cup|glass|bottle|can|shot|mug|serving,FALSE,Lime juice drink Drinks Juice Fruit juices,1429,TRUE,
drinks_juice_watermelon_juice,Watermelon juice,Drinks,Juice,Fruit juices,specific,drinks_juice_juice,TRUE,,glass,ml|L|cup|glass|bottle|can|shot|mug|serving,FALSE,Watermelon juice Drinks Juice Fruit juices,1430,TRUE,
drinks_juice_melon_juice,Melon juice,Drinks,Juice,Fruit juices,specific,drinks_juice_juice,TRUE,,glass,ml|L|cup|glass|bottle|can|shot|mug|serving,FALSE,Melon juice Drinks Juice Fruit juices,1431,TRUE,
drinks_juice_strawberry_juice,Strawberry juice,Drinks,Juice,Fruit juices,specific,drinks_juice_juice,TRUE,,glass,ml|L|cup|glass|bottle|can|shot|mug|serving,FALSE,Strawberry juice Drinks Juice Fruit juices,1432,TRUE,
drinks_juice_berry_juice,Berry juice,Drinks,Juice,Fruit juices,specific,drinks_juice_juice,TRUE,,glass,ml|L|cup|glass|bottle|can|shot|mug|serving,FALSE,Berry juice Drinks Juice Fruit juices,1433,TRUE,
drinks_juice_peach_juice,Peach juice,Drinks,Juice,Fruit juices,specific,drinks_juice_juice,TRUE,,glass,ml|L|cup|glass|bottle|can|shot|mug|serving,FALSE,Peach juice Drinks Juice Fruit juices,1434,TRUE,
drinks_juice_apricot_juice,Apricot juice,Drinks,Juice,Fruit juices,specific,drinks_juice_juice,TRUE,,glass,ml|L|cup|glass|bottle|can|shot|mug|serving,FALSE,Apricot juice Drinks Juice Fruit juices,1435,TRUE,
drinks_juice_pear_juice,Pear juice,Drinks,Juice,Fruit juices,specific,drinks_juice_juice,TRUE,,glass,ml|L|cup|glass|bottle|can|shot|mug|serving,FALSE,Pear juice Drinks Juice Fruit juices,1436,TRUE,
drinks_juice_cherry_juice,Cherry juice,Drinks,Juice,Fruit juices,specific,drinks_juice_juice,TRUE,,glass,ml|L|cup|glass|bottle|can|shot|mug|serving,FALSE,Cherry juice Drinks Juice Fruit juices,1437,TRUE,
drinks_juice_prune_juice,Prune juice,Drinks,Juice,Fruit juices,specific,drinks_juice_juice,TRUE,,glass,ml|L|cup|glass|bottle|can|shot|mug|serving,FALSE,Prune juice Drinks Juice Fruit juices,1438,TRUE,
drinks_juice_passion_fruit_juice,Passion fruit juice,Drinks,Juice,Fruit juices,specific,drinks_juice_juice,TRUE,,glass,ml|L|cup|glass|bottle|can|shot|mug|serving,FALSE,Passion fruit juice Drinks Juice Fruit juices,1439,TRUE,
drinks_juice_lychee_juice,Lychee juice,Drinks,Juice,Fruit juices,specific,drinks_juice_juice,TRUE,,glass,ml|L|cup|glass|bottle|can|shot|mug|serving,FALSE,Lychee juice Drinks Juice Fruit juices,1440,TRUE,
drinks_juice_mixed_fruit_juice,Mixed fruit juice,Drinks,Juice,Fruit juices,specific,drinks_juice_juice,TRUE,,glass,ml|L|cup|glass|bottle|can|shot|mug|serving,FALSE,Mixed fruit juice Drinks Juice Fruit juices,1441,TRUE,
drinks_juice_fresh_squeezed_juice,Fresh-squeezed juice,Drinks,Juice,Fruit juices,specific,drinks_juice_juice,TRUE,,glass,ml|L|cup|glass|bottle|can|shot|mug|serving,FALSE,Fresh-squeezed juice Drinks Juice Fruit juices,1442,TRUE,
drinks_juice_juice_from_concentrate,Juice from concentrate,Drinks,Juice,Fruit juices,specific,drinks_juice_juice,TRUE,,glass,ml|L|cup|glass|bottle|can|shot|mug|serving,FALSE,Juice from concentrate Drinks Juice Fruit juices,1443,TRUE,
drinks_juice_nectar_drink,Nectar drink,Drinks,Juice,Fruit juices,specific,drinks_juice_juice,TRUE,,glass,ml|L|cup|glass|bottle|can|shot|mug|serving,FALSE,Nectar drink Drinks Juice Fruit juices,1444,TRUE,
drinks_juice_tomato_juice,Tomato juice,Drinks,Juice,Vegetable juices,specific,drinks_juice_juice,TRUE,,glass,ml|L|cup|glass|bottle|can|shot|mug|serving,FALSE,Tomato juice Drinks Juice Vegetable juices,1445,TRUE,
drinks_juice_carrot_juice,Carrot juice,Drinks,Juice,Vegetable juices,specific,drinks_juice_juice,TRUE,,glass,ml|L|cup|glass|bottle|can|shot|mug|serving,FALSE,Carrot juice Drinks Juice Vegetable juices,1446,TRUE,
drinks_juice_beetroot_juice,Beetroot juice,Drinks,Juice,Vegetable juices,specific,drinks_juice_juice,TRUE,,glass,ml|L|cup|glass|bottle|can|shot|mug|serving,FALSE,Beetroot juice Drinks Juice Vegetable juices,1447,TRUE,
drinks_juice_celery_juice,Celery juice,Drinks,Juice,Vegetable juices,specific,drinks_juice_juice,TRUE,,glass,ml|L|cup|glass|bottle|can|shot|mug|serving,FALSE,Celery juice Drinks Juice Vegetable juices,1448,TRUE,
drinks_juice_cucumber_juice,Cucumber juice,Drinks,Juice,Vegetable juices,specific,drinks_juice_juice,TRUE,,glass,ml|L|cup|glass|bottle|can|shot|mug|serving,FALSE,Cucumber juice Drinks Juice Vegetable juices,1449,TRUE,
drinks_juice_green_juice,Green juice,Drinks,Juice,Vegetable juices,specific,drinks_juice_juice,TRUE,,glass,ml|L|cup|glass|bottle|can|shot|mug|serving,FALSE,Green juice Drinks Juice Vegetable juices,1450,TRUE,
drinks_juice_vegetable_juice_blend,Vegetable juice blend,Drinks,Juice,Vegetable juices,specific,drinks_juice_juice,TRUE,,glass,ml|L|cup|glass|bottle|can|shot|mug|serving,FALSE,Vegetable juice blend Drinks Juice Vegetable juices,1451,TRUE,
drinks_smoothies_and_blended_drinks_smoothie_or_blended_drink,Smoothie or blended drink,Drinks,Smoothies and blended drinks,General,general,,TRUE,,glass,ml|L|cup|glass|bottle|can|shot|mug|serving,FALSE,Smoothie or blended drink Drinks Smoothies and blended drinks General,1452,TRUE,General option remains selectable when the user does not want to choose a specific item.
drinks_smoothies_and_blended_drinks_fruit_smoothie,Fruit smoothie,Drinks,Smoothies and blended drinks,Smoothies,specific,drinks_smoothies_and_blended_drinks_smoothie_or_blended_drink,TRUE,,glass,ml|L|cup|glass|bottle|can|shot|mug|serving,FALSE,Fruit smoothie Drinks Smoothies and blended drinks Smoothies,1453,TRUE,
drinks_smoothies_and_blended_drinks_green_smoothie,Green smoothie,Drinks,Smoothies and blended drinks,Smoothies,specific,drinks_smoothies_and_blended_drinks_smoothie_or_blended_drink,TRUE,,glass,ml|L|cup|glass|bottle|can|shot|mug|serving,FALSE,Green smoothie Drinks Smoothies and blended drinks Smoothies,1454,TRUE,
drinks_smoothies_and_blended_drinks_berry_smoothie,Berry smoothie,Drinks,Smoothies and blended drinks,Smoothies,specific,drinks_smoothies_and_blended_drinks_smoothie_or_blended_drink,TRUE,,glass,ml|L|cup|glass|bottle|can|shot|mug|serving,FALSE,Berry smoothie Drinks Smoothies and blended drinks Smoothies,1455,TRUE,
drinks_smoothies_and_blended_drinks_banana_smoothie,Banana smoothie,Drinks,Smoothies and blended drinks,Smoothies,specific,drinks_smoothies_and_blended_drinks_smoothie_or_blended_drink,TRUE,,glass,ml|L|cup|glass|bottle|can|shot|mug|serving,FALSE,Banana smoothie Drinks Smoothies and blended drinks Smoothies,1456,TRUE,
drinks_smoothies_and_blended_drinks_mango_smoothie,Mango smoothie,Drinks,Smoothies and blended drinks,Smoothies,specific,drinks_smoothies_and_blended_drinks_smoothie_or_blended_drink,TRUE,,glass,ml|L|cup|glass|bottle|can|shot|mug|serving,FALSE,Mango smoothie Drinks Smoothies and blended drinks Smoothies,1457,TRUE,
drinks_smoothies_and_blended_drinks_protein_smoothie,Protein smoothie,Drinks,Smoothies and blended drinks,Smoothies,specific,drinks_smoothies_and_blended_drinks_smoothie_or_blended_drink,TRUE,,glass,ml|L|cup|glass|bottle|can|shot|mug|serving,FALSE,Protein smoothie Drinks Smoothies and blended drinks Smoothies,1458,TRUE,
drinks_smoothies_and_blended_drinks_yogurt_smoothie,Yogurt smoothie,Drinks,Smoothies and blended drinks,Smoothies,specific,drinks_smoothies_and_blended_drinks_smoothie_or_blended_drink,TRUE,,glass,ml|L|cup|glass|bottle|can|shot|mug|serving,FALSE,Yogurt smoothie Drinks Smoothies and blended drinks Smoothies,1459,TRUE,
drinks_smoothies_and_blended_drinks_milkshake,Milkshake,Drinks,Smoothies and blended drinks,Smoothies,specific,drinks_smoothies_and_blended_drinks_smoothie_or_blended_drink,TRUE,,glass,ml|L|cup|glass|bottle|can|shot|mug|serving,FALSE,Milkshake Drinks Smoothies and blended drinks Smoothies,1460,TRUE,
drinks_smoothies_and_blended_drinks_chocolate_milkshake,Chocolate milkshake,Drinks,Smoothies and blended drinks,Smoothies,specific,drinks_smoothies_and_blended_drinks_smoothie_or_blended_drink,TRUE,,glass,ml|L|cup|glass|bottle|can|shot|mug|serving,FALSE,Chocolate milkshake Drinks Smoothies and blended drinks Smoothies,1461,TRUE,
drinks_smoothies_and_blended_drinks_vanilla_milkshake,Vanilla milkshake,Drinks,Smoothies and blended drinks,Smoothies,specific,drinks_smoothies_and_blended_drinks_smoothie_or_blended_drink,TRUE,,glass,ml|L|cup|glass|bottle|can|shot|mug|serving,FALSE,Vanilla milkshake Drinks Smoothies and blended drinks Smoothies,1462,TRUE,
drinks_smoothies_and_blended_drinks_strawberry_milkshake,Strawberry milkshake,Drinks,Smoothies and blended drinks,Smoothies,specific,drinks_smoothies_and_blended_drinks_smoothie_or_blended_drink,TRUE,,glass,ml|L|cup|glass|bottle|can|shot|mug|serving,FALSE,Strawberry milkshake Drinks Smoothies and blended drinks Smoothies,1463,TRUE,
drinks_smoothies_and_blended_drinks_date_shake,Date shake,Drinks,Smoothies and blended drinks,Smoothies,specific,drinks_smoothies_and_blended_drinks_smoothie_or_blended_drink,TRUE,,glass,ml|L|cup|glass|bottle|can|shot|mug|serving,FALSE,Date shake Drinks Smoothies and blended drinks Smoothies,1464,TRUE,
drinks_smoothies_and_blended_drinks_avocado_shake,Avocado shake,Drinks,Smoothies and blended drinks,Smoothies,specific,drinks_smoothies_and_blended_drinks_smoothie_or_blended_drink,TRUE,,glass,ml|L|cup|glass|bottle|can|shot|mug|serving,FALSE,Avocado shake Drinks Smoothies and blended drinks Smoothies,1465,TRUE,
drinks_smoothies_and_blended_drinks_frappe,Frappé,Drinks,Smoothies and blended drinks,Smoothies,specific,drinks_smoothies_and_blended_drinks_smoothie_or_blended_drink,TRUE,,glass,ml|L|cup|glass|bottle|can|shot|mug|serving,FALSE,Frappé Drinks Smoothies and blended drinks Smoothies,1466,TRUE,
drinks_smoothies_and_blended_drinks_slush_drink,Slush drink,Drinks,Smoothies and blended drinks,Smoothies,specific,drinks_smoothies_and_blended_drinks_smoothie_or_blended_drink,TRUE,,glass,ml|L|cup|glass|bottle|can|shot|mug|serving,FALSE,Slush drink Drinks Smoothies and blended drinks Smoothies,1467,TRUE,
drinks_smoothies_and_blended_drinks_frozen_fruit_drink,Frozen fruit drink,Drinks,Smoothies and blended drinks,Smoothies,specific,drinks_smoothies_and_blended_drinks_smoothie_or_blended_drink,TRUE,,glass,ml|L|cup|glass|bottle|can|shot|mug|serving,FALSE,Frozen fruit drink Drinks Smoothies and blended drinks Smoothies,1468,TRUE,
drinks_soft_drinks_soft_drink,Soft drink,Drinks,Soft drinks,General,general,,TRUE,,can,ml|L|cup|glass|bottle|can|shot|mug|serving,FALSE,Soft drink Drinks Soft drinks General,1469,TRUE,General option remains selectable when the user does not want to choose a specific item.
drinks_soft_drinks_cola,Cola,Drinks,Soft drinks,Carbonated soft drinks,specific,drinks_soft_drinks_soft_drink,TRUE,,can,ml|L|cup|glass|bottle|can|shot|mug|serving,FALSE,Cola Drinks Soft drinks Carbonated soft drinks,1470,TRUE,
drinks_soft_drinks_diet_cola,Diet cola,Drinks,Soft drinks,Carbonated soft drinks,specific,drinks_soft_drinks_soft_drink,TRUE,,can,ml|L|cup|glass|bottle|can|shot|mug|serving,FALSE,Diet cola Drinks Soft drinks Carbonated soft drinks,1471,TRUE,
drinks_soft_drinks_zero_sugar_cola,Zero-sugar cola,Drinks,Soft drinks,Carbonated soft drinks,specific,drinks_soft_drinks_soft_drink,TRUE,,can,ml|L|cup|glass|bottle|can|shot|mug|serving,FALSE,Zero-sugar cola Drinks Soft drinks Carbonated soft drinks,1472,TRUE,
drinks_soft_drinks_lemon_lime_soda,Lemon-lime soda,Drinks,Soft drinks,Carbonated soft drinks,specific,drinks_soft_drinks_soft_drink,TRUE,,can,ml|L|cup|glass|bottle|can|shot|mug|serving,FALSE,Lemon-lime soda Drinks Soft drinks Carbonated soft drinks,1473,TRUE,
drinks_soft_drinks_orange_soda,Orange soda,Drinks,Soft drinks,Carbonated soft drinks,specific,drinks_soft_drinks_soft_drink,TRUE,,can,ml|L|cup|glass|bottle|can|shot|mug|serving,FALSE,Orange soda Drinks Soft drinks Carbonated soft drinks,1474,TRUE,
drinks_soft_drinks_grape_soda,Grape soda,Drinks,Soft drinks,Carbonated soft drinks,specific,drinks_soft_drinks_soft_drink,TRUE,,can,ml|L|cup|glass|bottle|can|shot|mug|serving,FALSE,Grape soda Drinks Soft drinks Carbonated soft drinks,1475,TRUE,
drinks_soft_drinks_ginger_ale,Ginger ale,Drinks,Soft drinks,Carbonated soft drinks,specific,drinks_soft_drinks_soft_drink,TRUE,,can,ml|L|cup|glass|bottle|can|shot|mug|serving,FALSE,Ginger ale Drinks Soft drinks Carbonated soft drinks,1476,TRUE,
drinks_soft_drinks_root_beer,Root beer,Drinks,Soft drinks,Carbonated soft drinks,specific,drinks_soft_drinks_soft_drink,TRUE,,can,ml|L|cup|glass|bottle|can|shot|mug|serving,FALSE,Root beer Drinks Soft drinks Carbonated soft drinks,1477,TRUE,
drinks_soft_drinks_cream_soda,Cream soda,Drinks,Soft drinks,Carbonated soft drinks,specific,drinks_soft_drinks_soft_drink,TRUE,,can,ml|L|cup|glass|bottle|can|shot|mug|serving,FALSE,Cream soda Drinks Soft drinks Carbonated soft drinks,1478,TRUE,
drinks_soft_drinks_tonic_water,Tonic water,Drinks,Soft drinks,Carbonated soft drinks,specific,drinks_soft_drinks_soft_drink,TRUE,,can,ml|L|cup|glass|bottle|can|shot|mug|serving,FALSE,Tonic water Drinks Soft drinks Carbonated soft drinks,1479,TRUE,
drinks_soft_drinks_soda_water,Soda water,Drinks,Soft drinks,Carbonated soft drinks,specific,drinks_soft_drinks_soft_drink,TRUE,,can,ml|L|cup|glass|bottle|can|shot|mug|serving,FALSE,Soda water Drinks Soft drinks Carbonated soft drinks,1480,TRUE,
drinks_soft_drinks_flavored_soda,Flavored soda,Drinks,Soft drinks,Carbonated soft drinks,specific,drinks_soft_drinks_soft_drink,TRUE,,can,ml|L|cup|glass|bottle|can|shot|mug|serving,FALSE,Flavored soda Drinks Soft drinks Carbonated soft drinks,1481,TRUE,
drinks_soft_drinks_caffeinated_soft_drink,Caffeinated soft drink,Drinks,Soft drinks,Carbonated soft drinks,specific,drinks_soft_drinks_soft_drink,TRUE,,can,ml|L|cup|glass|bottle|can|shot|mug|serving,FALSE,Caffeinated soft drink Drinks Soft drinks Carbonated soft drinks,1482,TRUE,
drinks_soft_drinks_caffeine_free_soft_drink,Caffeine-free soft drink,Drinks,Soft drinks,Carbonated soft drinks,specific,drinks_soft_drinks_soft_drink,TRUE,,can,ml|L|cup|glass|bottle|can|shot|mug|serving,FALSE,Caffeine-free soft drink Drinks Soft drinks Carbonated soft drinks,1483,TRUE,
drinks_soft_drinks_fruit_drink,Fruit drink,Drinks,Soft drinks,Non-carbonated sweet drinks,specific,drinks_soft_drinks_soft_drink,TRUE,,glass,ml|L|cup|glass|bottle|can|shot|mug|serving,FALSE,Fruit drink Drinks Soft drinks Non-carbonated sweet drinks,1484,TRUE,
drinks_soft_drinks_fruit_punch,Fruit punch,Drinks,Soft drinks,Non-carbonated sweet drinks,specific,drinks_soft_drinks_soft_drink,TRUE,,glass,ml|L|cup|glass|bottle|can|shot|mug|serving,FALSE,Fruit punch Drinks Soft drinks Non-carbonated sweet drinks,1485,TRUE,
drinks_soft_drinks_lemonade,Lemonade,Drinks,Soft drinks,Non-carbonated sweet drinks,specific,drinks_soft_drinks_soft_drink,TRUE,,glass,ml|L|cup|glass|bottle|can|shot|mug|serving,FALSE,Lemonade Drinks Soft drinks Non-carbonated sweet drinks,1486,TRUE,
drinks_soft_drinks_sweetened_iced_drink,Sweetened iced drink,Drinks,Soft drinks,Non-carbonated sweet drinks,specific,drinks_soft_drinks_soft_drink,TRUE,,glass,ml|L|cup|glass|bottle|can|shot|mug|serving,FALSE,Sweetened iced drink Drinks Soft drinks Non-carbonated sweet drinks,1487,TRUE,
drinks_soft_drinks_powdered_drink_mix,Powdered drink mix,Drinks,Soft drinks,Non-carbonated sweet drinks,specific,drinks_soft_drinks_soft_drink,TRUE,,glass,ml|L|cup|glass|bottle|can|shot|mug|serving,FALSE,Powdered drink mix Drinks Soft drinks Non-carbonated sweet drinks,1488,TRUE,
drinks_soft_drinks_flavored_syrup_drink,Flavored syrup drink,Drinks,Soft drinks,Non-carbonated sweet drinks,specific,drinks_soft_drinks_soft_drink,TRUE,,glass,ml|L|cup|glass|bottle|can|shot|mug|serving,FALSE,Flavored syrup drink Drinks Soft drinks Non-carbonated sweet drinks,1489,TRUE,
drinks_soft_drinks_children_s_juice_drink,Children's juice drink,Drinks,Soft drinks,Non-carbonated sweet drinks,specific,drinks_soft_drinks_soft_drink,TRUE,,glass,ml|L|cup|glass|bottle|can|shot|mug|serving,FALSE,Children's juice drink Drinks Soft drinks Non-carbonated sweet drinks,1490,TRUE,
drinks_energy_and_sports_drinks_energy_or_sports_drink,Energy or sports drink,Drinks,Energy and sports drinks,General,general,,TRUE,,can,ml|L|cup|glass|bottle|can|shot|mug|serving,FALSE,Energy or sports drink Drinks Energy and sports drinks General,1491,TRUE,General option remains selectable when the user does not want to choose a specific item.
drinks_energy_and_sports_drinks_energy_drink,Energy drink,Drinks,Energy and sports drinks,Energy drinks,specific,drinks_energy_and_sports_drinks_energy_or_sports_drink,TRUE,,can,ml|L|cup|glass|bottle|can|shot|mug|serving,FALSE,Energy drink Drinks Energy and sports drinks Energy drinks,1492,TRUE,
drinks_energy_and_sports_drinks_sugar_free_energy_drink,Sugar-free energy drink,Drinks,Energy and sports drinks,Energy drinks,specific,drinks_energy_and_sports_drinks_energy_or_sports_drink,TRUE,,can,ml|L|cup|glass|bottle|can|shot|mug|serving,FALSE,Sugar-free energy drink Drinks Energy and sports drinks Energy drinks,1493,TRUE,
drinks_energy_and_sports_drinks_energy_shot,Energy shot,Drinks,Energy and sports drinks,Energy drinks,specific,drinks_energy_and_sports_drinks_energy_or_sports_drink,TRUE,,can,ml|L|cup|glass|bottle|can|shot|mug|serving,FALSE,Energy shot Drinks Energy and sports drinks Energy drinks,1494,TRUE,
drinks_energy_and_sports_drinks_caffeinated_energy_water,Caffeinated energy water,Drinks,Energy and sports drinks,Energy drinks,specific,drinks_energy_and_sports_drinks_energy_or_sports_drink,TRUE,,can,ml|L|cup|glass|bottle|can|shot|mug|serving,FALSE,Caffeinated energy water Drinks Energy and sports drinks Energy drinks,1495,TRUE,
drinks_energy_and_sports_drinks_pre_workout_drink,Pre-workout drink,Drinks,Energy and sports drinks,Energy drinks,specific,drinks_energy_and_sports_drinks_energy_or_sports_drink,TRUE,,can,ml|L|cup|glass|bottle|can|shot|mug|serving,FALSE,Pre-workout drink Drinks Energy and sports drinks Energy drinks,1496,TRUE,
drinks_energy_and_sports_drinks_guarana_drink,Guarana drink,Drinks,Energy and sports drinks,Energy drinks,specific,drinks_energy_and_sports_drinks_energy_or_sports_drink,TRUE,,can,ml|L|cup|glass|bottle|can|shot|mug|serving,FALSE,Guarana drink Drinks Energy and sports drinks Energy drinks,1497,TRUE,
drinks_energy_and_sports_drinks_sports_drink,Sports drink,Drinks,Energy and sports drinks,Sports and hydration drinks,specific,drinks_energy_and_sports_drinks_energy_or_sports_drink,TRUE,,bottle,ml|L|cup|glass|bottle|can|shot|mug|serving,FALSE,Sports drink Drinks Energy and sports drinks Sports and hydration drinks,1498,TRUE,
drinks_energy_and_sports_drinks_electrolyte_drink,Electrolyte drink,Drinks,Energy and sports drinks,Sports and hydration drinks,specific,drinks_energy_and_sports_drinks_energy_or_sports_drink,TRUE,,bottle,ml|L|cup|glass|bottle|can|shot|mug|serving,FALSE,Electrolyte drink Drinks Energy and sports drinks Sports and hydration drinks,1499,TRUE,
drinks_energy_and_sports_drinks_oral_rehydration_solution,Oral rehydration solution,Drinks,Energy and sports drinks,Sports and hydration drinks,specific,drinks_energy_and_sports_drinks_energy_or_sports_drink,TRUE,,bottle,ml|L|cup|glass|bottle|can|shot|mug|serving,FALSE,Oral rehydration solution Drinks Energy and sports drinks Sports and hydration drinks,1500,TRUE,
drinks_energy_and_sports_drinks_isotonic_drink,Isotonic drink,Drinks,Energy and sports drinks,Sports and hydration drinks,specific,drinks_energy_and_sports_drinks_energy_or_sports_drink,TRUE,,bottle,ml|L|cup|glass|bottle|can|shot|mug|serving,FALSE,Isotonic drink Drinks Energy and sports drinks Sports and hydration drinks,1501,TRUE,
drinks_energy_and_sports_drinks_recovery_drink,Recovery drink,Drinks,Energy and sports drinks,Sports and hydration drinks,specific,drinks_energy_and_sports_drinks_energy_or_sports_drink,TRUE,,bottle,ml|L|cup|glass|bottle|can|shot|mug|serving,FALSE,Recovery drink Drinks Energy and sports drinks Sports and hydration drinks,1502,TRUE,
drinks_energy_and_sports_drinks_carbohydrate_drink,Carbohydrate drink,Drinks,Energy and sports drinks,Sports and hydration drinks,specific,drinks_energy_and_sports_drinks_energy_or_sports_drink,TRUE,,bottle,ml|L|cup|glass|bottle|can|shot|mug|serving,FALSE,Carbohydrate drink Drinks Energy and sports drinks Sports and hydration drinks,1503,TRUE,
drinks_milk_and_dairy_drinks_milk_or_dairy_drink,Milk or dairy drink,Drinks,Milk and dairy drinks,General,general,,TRUE,,glass,ml|L|cup|glass|bottle|can|shot|mug|serving,FALSE,Milk or dairy drink Drinks Milk and dairy drinks General,1504,TRUE,General option remains selectable when the user does not want to choose a specific item.
drinks_milk_and_dairy_drinks_whole_milk_drink,Whole milk drink,Drinks,Milk and dairy drinks,Dairy drinks,specific,drinks_milk_and_dairy_drinks_milk_or_dairy_drink,TRUE,,glass,ml|L|cup|glass|bottle|can|shot|mug|serving,FALSE,Whole milk drink Drinks Milk and dairy drinks Dairy drinks,1505,TRUE,
drinks_milk_and_dairy_drinks_low_fat_milk_drink,Low-fat milk drink,Drinks,Milk and dairy drinks,Dairy drinks,specific,drinks_milk_and_dairy_drinks_milk_or_dairy_drink,TRUE,,glass,ml|L|cup|glass|bottle|can|shot|mug|serving,FALSE,Low-fat milk drink Drinks Milk and dairy drinks Dairy drinks,1506,TRUE,
drinks_milk_and_dairy_drinks_skim_milk_drink,Skim milk drink,Drinks,Milk and dairy drinks,Dairy drinks,specific,drinks_milk_and_dairy_drinks_milk_or_dairy_drink,TRUE,,glass,ml|L|cup|glass|bottle|can|shot|mug|serving,FALSE,Skim milk drink Drinks Milk and dairy drinks Dairy drinks,1507,TRUE,
drinks_milk_and_dairy_drinks_lactose_free_milk_drink,Lactose-free milk drink,Drinks,Milk and dairy drinks,Dairy drinks,specific,drinks_milk_and_dairy_drinks_milk_or_dairy_drink,TRUE,,glass,ml|L|cup|glass|bottle|can|shot|mug|serving,FALSE,Lactose-free milk drink Drinks Milk and dairy drinks Dairy drinks,1508,TRUE,
drinks_milk_and_dairy_drinks_chocolate_milk,Chocolate milk,Drinks,Milk and dairy drinks,Dairy drinks,specific,drinks_milk_and_dairy_drinks_milk_or_dairy_drink,TRUE,,glass,ml|L|cup|glass|bottle|can|shot|mug|serving,FALSE,Chocolate milk Drinks Milk and dairy drinks Dairy drinks,1509,TRUE,
drinks_milk_and_dairy_drinks_strawberry_milk,Strawberry milk,Drinks,Milk and dairy drinks,Dairy drinks,specific,drinks_milk_and_dairy_drinks_milk_or_dairy_drink,TRUE,,glass,ml|L|cup|glass|bottle|can|shot|mug|serving,FALSE,Strawberry milk Drinks Milk and dairy drinks Dairy drinks,1510,TRUE,
drinks_milk_and_dairy_drinks_flavored_milk,Flavored milk,Drinks,Milk and dairy drinks,Dairy drinks,specific,drinks_milk_and_dairy_drinks_milk_or_dairy_drink,TRUE,,glass,ml|L|cup|glass|bottle|can|shot|mug|serving,FALSE,Flavored milk Drinks Milk and dairy drinks Dairy drinks,1511,TRUE,
drinks_milk_and_dairy_drinks_buttermilk_drink,Buttermilk drink,Drinks,Milk and dairy drinks,Dairy drinks,specific,drinks_milk_and_dairy_drinks_milk_or_dairy_drink,TRUE,,glass,ml|L|cup|glass|bottle|can|shot|mug|serving,FALSE,Buttermilk drink Drinks Milk and dairy drinks Dairy drinks,1512,TRUE,
drinks_milk_and_dairy_drinks_kefir_drink,Kefir drink,Drinks,Milk and dairy drinks,Dairy drinks,specific,drinks_milk_and_dairy_drinks_milk_or_dairy_drink,TRUE,,glass,ml|L|cup|glass|bottle|can|shot|mug|serving,FALSE,Kefir drink Drinks Milk and dairy drinks Dairy drinks,1513,TRUE,
drinks_milk_and_dairy_drinks_laban,Laban,Drinks,Milk and dairy drinks,Dairy drinks,specific,drinks_milk_and_dairy_drinks_milk_or_dairy_drink,TRUE,,glass,ml|L|cup|glass|bottle|can|shot|mug|serving,FALSE,Laban Drinks Milk and dairy drinks Dairy drinks,1514,TRUE,
drinks_milk_and_dairy_drinks_ayran,Ayran,Drinks,Milk and dairy drinks,Dairy drinks,specific,drinks_milk_and_dairy_drinks_milk_or_dairy_drink,TRUE,,glass,ml|L|cup|glass|bottle|can|shot|mug|serving,FALSE,Ayran Drinks Milk and dairy drinks Dairy drinks,1515,TRUE,
drinks_milk_and_dairy_drinks_yogurt_drink,Yogurt drink,Drinks,Milk and dairy drinks,Dairy drinks,specific,drinks_milk_and_dairy_drinks_milk_or_dairy_drink,TRUE,,glass,ml|L|cup|glass|bottle|can|shot|mug|serving,FALSE,Yogurt drink Drinks Milk and dairy drinks Dairy drinks,1516,TRUE,
drinks_milk_and_dairy_drinks_drinking_yogurt,Drinking yogurt,Drinks,Milk and dairy drinks,Dairy drinks,specific,drinks_milk_and_dairy_drinks_milk_or_dairy_drink,TRUE,,glass,ml|L|cup|glass|bottle|can|shot|mug|serving,FALSE,Drinking yogurt Drinks Milk and dairy drinks Dairy drinks,1517,TRUE,
drinks_milk_and_dairy_drinks_condensed_milk_drink,Condensed milk drink,Drinks,Milk and dairy drinks,Dairy drinks,specific,drinks_milk_and_dairy_drinks_milk_or_dairy_drink,TRUE,,glass,ml|L|cup|glass|bottle|can|shot|mug|serving,FALSE,Condensed milk drink Drinks Milk and dairy drinks Dairy drinks,1518,TRUE,
drinks_plant_based_drinks_plant_based_drink,Plant-based drink,Drinks,Plant-based drinks,General,general,,TRUE,,glass,ml|L|cup|glass|bottle|can|shot|mug|serving,FALSE,Plant-based drink Drinks Plant-based drinks General,1519,TRUE,General option remains selectable when the user does not want to choose a specific item.
drinks_plant_based_drinks_soy_milk,Soy milk,Drinks,Plant-based drinks,Plant milks,specific,drinks_plant_based_drinks_plant_based_drink,TRUE,,glass,ml|L|cup|glass|bottle|can|shot|mug|serving,FALSE,Soy milk Drinks Plant-based drinks Plant milks,1520,TRUE,
drinks_plant_based_drinks_almond_milk,Almond milk,Drinks,Plant-based drinks,Plant milks,specific,drinks_plant_based_drinks_plant_based_drink,TRUE,,glass,ml|L|cup|glass|bottle|can|shot|mug|serving,FALSE,Almond milk Drinks Plant-based drinks Plant milks,1521,TRUE,
drinks_plant_based_drinks_oat_milk,Oat milk,Drinks,Plant-based drinks,Plant milks,specific,drinks_plant_based_drinks_plant_based_drink,TRUE,,glass,ml|L|cup|glass|bottle|can|shot|mug|serving,FALSE,Oat milk Drinks Plant-based drinks Plant milks,1522,TRUE,
drinks_plant_based_drinks_coconut_milk_drink,Coconut milk drink,Drinks,Plant-based drinks,Plant milks,specific,drinks_plant_based_drinks_plant_based_drink,TRUE,,glass,ml|L|cup|glass|bottle|can|shot|mug|serving,FALSE,Coconut milk drink Drinks Plant-based drinks Plant milks,1523,TRUE,
drinks_plant_based_drinks_rice_milk,Rice milk,Drinks,Plant-based drinks,Plant milks,specific,drinks_plant_based_drinks_plant_based_drink,TRUE,,glass,ml|L|cup|glass|bottle|can|shot|mug|serving,FALSE,Rice milk Drinks Plant-based drinks Plant milks,1524,TRUE,
drinks_plant_based_drinks_cashew_milk,Cashew milk,Drinks,Plant-based drinks,Plant milks,specific,drinks_plant_based_drinks_plant_based_drink,TRUE,,glass,ml|L|cup|glass|bottle|can|shot|mug|serving,FALSE,Cashew milk Drinks Plant-based drinks Plant milks,1525,TRUE,
drinks_plant_based_drinks_hemp_milk,Hemp milk,Drinks,Plant-based drinks,Plant milks,specific,drinks_plant_based_drinks_plant_based_drink,TRUE,,glass,ml|L|cup|glass|bottle|can|shot|mug|serving,FALSE,Hemp milk Drinks Plant-based drinks Plant milks,1526,TRUE,
drinks_plant_based_drinks_pea_milk,Pea milk,Drinks,Plant-based drinks,Plant milks,specific,drinks_plant_based_drinks_plant_based_drink,TRUE,,glass,ml|L|cup|glass|bottle|can|shot|mug|serving,FALSE,Pea milk Drinks Plant-based drinks Plant milks,1527,TRUE,
drinks_plant_based_drinks_hazelnut_milk,Hazelnut milk,Drinks,Plant-based drinks,Plant milks,specific,drinks_plant_based_drinks_plant_based_drink,TRUE,,glass,ml|L|cup|glass|bottle|can|shot|mug|serving,FALSE,Hazelnut milk Drinks Plant-based drinks Plant milks,1528,TRUE,
drinks_plant_based_drinks_macadamia_milk,Macadamia milk,Drinks,Plant-based drinks,Plant milks,specific,drinks_plant_based_drinks_plant_based_drink,TRUE,,glass,ml|L|cup|glass|bottle|can|shot|mug|serving,FALSE,Macadamia milk Drinks Plant-based drinks Plant milks,1529,TRUE,
drinks_plant_based_drinks_flax_milk,Flax milk,Drinks,Plant-based drinks,Plant milks,specific,drinks_plant_based_drinks_plant_based_drink,TRUE,,glass,ml|L|cup|glass|bottle|can|shot|mug|serving,FALSE,Flax milk Drinks Plant-based drinks Plant milks,1530,TRUE,
drinks_plant_based_drinks_plant_based_chocolate_milk,Plant-based chocolate milk,Drinks,Plant-based drinks,Plant milks,specific,drinks_plant_based_drinks_plant_based_drink,TRUE,,glass,ml|L|cup|glass|bottle|can|shot|mug|serving,FALSE,Plant-based chocolate milk Drinks Plant-based drinks Plant milks,1531,TRUE,
drinks_chocolate_and_malt_drinks_chocolate_or_malt_drink,Chocolate or malt drink,Drinks,Chocolate and malt drinks,General,general,,TRUE,,cup,ml|L|cup|glass|bottle|can|shot|mug|serving,FALSE,Chocolate or malt drink Drinks Chocolate and malt drinks General,1532,TRUE,General option remains selectable when the user does not want to choose a specific item.
drinks_chocolate_and_malt_drinks_hot_chocolate,Hot chocolate,Drinks,Chocolate and malt drinks,Hot and cold drinks,specific,drinks_chocolate_and_malt_drinks_chocolate_or_malt_drink,TRUE,,cup,ml|L|cup|glass|bottle|can|shot|mug|serving,FALSE,Hot chocolate Drinks Chocolate and malt drinks Hot and cold drinks,1533,TRUE,
drinks_chocolate_and_malt_drinks_cocoa_drink,Cocoa drink,Drinks,Chocolate and malt drinks,Hot and cold drinks,specific,drinks_chocolate_and_malt_drinks_chocolate_or_malt_drink,TRUE,,cup,ml|L|cup|glass|bottle|can|shot|mug|serving,FALSE,Cocoa drink Drinks Chocolate and malt drinks Hot and cold drinks,1534,TRUE,
drinks_chocolate_and_malt_drinks_chocolate_drink,Chocolate drink,Drinks,Chocolate and malt drinks,Hot and cold drinks,specific,drinks_chocolate_and_malt_drinks_chocolate_or_malt_drink,TRUE,,cup,ml|L|cup|glass|bottle|can|shot|mug|serving,FALSE,Chocolate drink Drinks Chocolate and malt drinks Hot and cold drinks,1535,TRUE,
drinks_chocolate_and_malt_drinks_malted_milk_drink,Malted milk drink,Drinks,Chocolate and malt drinks,Hot and cold drinks,specific,drinks_chocolate_and_malt_drinks_chocolate_or_malt_drink,TRUE,,cup,ml|L|cup|glass|bottle|can|shot|mug|serving,FALSE,Malted milk drink Drinks Chocolate and malt drinks Hot and cold drinks,1536,TRUE,
drinks_chocolate_and_malt_drinks_carob_drink,Carob drink,Drinks,Chocolate and malt drinks,Hot and cold drinks,specific,drinks_chocolate_and_malt_drinks_chocolate_or_malt_drink,TRUE,,cup,ml|L|cup|glass|bottle|can|shot|mug|serving,FALSE,Carob drink Drinks Chocolate and malt drinks Hot and cold drinks,1537,TRUE,
drinks_chocolate_and_malt_drinks_white_hot_chocolate,White hot chocolate,Drinks,Chocolate and malt drinks,Hot and cold drinks,specific,drinks_chocolate_and_malt_drinks_chocolate_or_malt_drink,TRUE,,cup,ml|L|cup|glass|bottle|can|shot|mug|serving,FALSE,White hot chocolate Drinks Chocolate and malt drinks Hot and cold drinks,1538,TRUE,
drinks_fermented_and_functional_drinks_fermented_or_functional_drink,Fermented or functional drink,Drinks,Fermented and functional drinks,General,general,,TRUE,,bottle,ml|L|cup|glass|bottle|can|shot|mug|serving,FALSE,Fermented or functional drink Drinks Fermented and functional drinks General,1539,TRUE,General option remains selectable when the user does not want to choose a specific item.
drinks_fermented_and_functional_drinks_kombucha,Kombucha,Drinks,Fermented and functional drinks,Fermented drinks,specific,drinks_fermented_and_functional_drinks_fermented_or_functional_drink,TRUE,,bottle,ml|L|cup|glass|bottle|can|shot|mug|serving,FALSE,Kombucha Drinks Fermented and functional drinks Fermented drinks,1540,TRUE,
drinks_fermented_and_functional_drinks_water_kefir,Water kefir,Drinks,Fermented and functional drinks,Fermented drinks,specific,drinks_fermented_and_functional_drinks_fermented_or_functional_drink,TRUE,,bottle,ml|L|cup|glass|bottle|can|shot|mug|serving,FALSE,Water kefir Drinks Fermented and functional drinks Fermented drinks,1541,TRUE,
drinks_fermented_and_functional_drinks_kvass,Kvass,Drinks,Fermented and functional drinks,Fermented drinks,specific,drinks_fermented_and_functional_drinks_fermented_or_functional_drink,TRUE,,bottle,ml|L|cup|glass|bottle|can|shot|mug|serving,FALSE,Kvass Drinks Fermented and functional drinks Fermented drinks,1542,TRUE,
drinks_fermented_and_functional_drinks_fermented_tea,Fermented tea,Drinks,Fermented and functional drinks,Fermented drinks,specific,drinks_fermented_and_functional_drinks_fermented_or_functional_drink,TRUE,,bottle,ml|L|cup|glass|bottle|can|shot|mug|serving,FALSE,Fermented tea Drinks Fermented and functional drinks Fermented drinks,1543,TRUE,
drinks_fermented_and_functional_drinks_probiotic_drink,Probiotic drink,Drinks,Fermented and functional drinks,Fermented drinks,specific,drinks_fermented_and_functional_drinks_fermented_or_functional_drink,TRUE,,bottle,ml|L|cup|glass|bottle|can|shot|mug|serving,FALSE,Probiotic drink Drinks Fermented and functional drinks Fermented drinks,1544,TRUE,
drinks_fermented_and_functional_drinks_yakult_style_drink,Yakult-style drink,Drinks,Fermented and functional drinks,Fermented drinks,specific,drinks_fermented_and_functional_drinks_fermented_or_functional_drink,TRUE,,bottle,ml|L|cup|glass|bottle|can|shot|mug|serving,FALSE,Yakult-style drink Drinks Fermented and functional drinks Fermented drinks,1545,TRUE,
drinks_fermented_and_functional_drinks_collagen_drink,Collagen drink,Drinks,Fermented and functional drinks,Functional drinks,specific,drinks_fermented_and_functional_drinks_fermented_or_functional_drink,TRUE,,bottle,ml|L|cup|glass|bottle|can|shot|mug|serving,FALSE,Collagen drink Drinks Fermented and functional drinks Functional drinks,1546,TRUE,
drinks_fermented_and_functional_drinks_vitamin_water,Vitamin water,Drinks,Fermented and functional drinks,Functional drinks,specific,drinks_fermented_and_functional_drinks_fermented_or_functional_drink,TRUE,,bottle,ml|L|cup|glass|bottle|can|shot|mug|serving,FALSE,Vitamin water Drinks Fermented and functional drinks Functional drinks,1547,TRUE,
drinks_fermented_and_functional_drinks_herbal_tonic,Herbal tonic,Drinks,Fermented and functional drinks,Functional drinks,specific,drinks_fermented_and_functional_drinks_fermented_or_functional_drink,TRUE,,bottle,ml|L|cup|glass|bottle|can|shot|mug|serving,FALSE,Herbal tonic Drinks Fermented and functional drinks Functional drinks,1548,TRUE,
drinks_fermented_and_functional_drinks_aloe_vera_drink,Aloe vera drink,Drinks,Fermented and functional drinks,Functional drinks,specific,drinks_fermented_and_functional_drinks_fermented_or_functional_drink,TRUE,,bottle,ml|L|cup|glass|bottle|can|shot|mug|serving,FALSE,Aloe vera drink Drinks Fermented and functional drinks Functional drinks,1549,TRUE,
drinks_fermented_and_functional_drinks_chlorophyll_water,Chlorophyll water,Drinks,Fermented and functional drinks,Functional drinks,specific,drinks_fermented_and_functional_drinks_fermented_or_functional_drink,TRUE,,bottle,ml|L|cup|glass|bottle|can|shot|mug|serving,FALSE,Chlorophyll water Drinks Fermented and functional drinks Functional drinks,1550,TRUE,
drinks_fermented_and_functional_drinks_protein_drink,Protein drink,Drinks,Fermented and functional drinks,Functional drinks,specific,drinks_fermented_and_functional_drinks_fermented_or_functional_drink,TRUE,,bottle,ml|L|cup|glass|bottle|can|shot|mug|serving,FALSE,Protein drink Drinks Fermented and functional drinks Functional drinks,1551,TRUE,
drinks_fermented_and_functional_drinks_meal_replacement_shake,Meal replacement shake,Drinks,Fermented and functional drinks,Functional drinks,specific,drinks_fermented_and_functional_drinks_fermented_or_functional_drink,TRUE,,bottle,ml|L|cup|glass|bottle|can|shot|mug|serving,FALSE,Meal replacement shake Drinks Fermented and functional drinks Functional drinks,1552,TRUE,
drinks_fermented_and_functional_drinks_fiber_drink,Fiber drink,Drinks,Fermented and functional drinks,Functional drinks,specific,drinks_fermented_and_functional_drinks_fermented_or_functional_drink,TRUE,,bottle,ml|L|cup|glass|bottle|can|shot|mug|serving,FALSE,Fiber drink Drinks Fermented and functional drinks Functional drinks,1553,TRUE,
drinks_alcoholic_drinks_alcoholic_drink,Alcoholic drink,Drinks,Alcoholic drinks,General,general,,TRUE,,glass,ml|L|cup|glass|bottle|can|shot|mug|serving,FALSE,Alcoholic drink Drinks Alcoholic drinks General,1554,TRUE,General option remains selectable when the user does not want to choose a specific item.
drinks_alcoholic_drinks_beer,Beer,Drinks,Alcoholic drinks,Beer and cider,specific,drinks_alcoholic_drinks_alcoholic_drink,TRUE,,glass,ml|L|cup|glass|bottle|can|shot|mug|serving,FALSE,Beer Drinks Alcoholic drinks Beer and cider,1555,TRUE,
drinks_alcoholic_drinks_lager,Lager,Drinks,Alcoholic drinks,Beer and cider,specific,drinks_alcoholic_drinks_alcoholic_drink,TRUE,,glass,ml|L|cup|glass|bottle|can|shot|mug|serving,FALSE,Lager Drinks Alcoholic drinks Beer and cider,1556,TRUE,
drinks_alcoholic_drinks_ale,Ale,Drinks,Alcoholic drinks,Beer and cider,specific,drinks_alcoholic_drinks_alcoholic_drink,TRUE,,glass,ml|L|cup|glass|bottle|can|shot|mug|serving,FALSE,Ale Drinks Alcoholic drinks Beer and cider,1557,TRUE,
drinks_alcoholic_drinks_stout,Stout,Drinks,Alcoholic drinks,Beer and cider,specific,drinks_alcoholic_drinks_alcoholic_drink,TRUE,,glass,ml|L|cup|glass|bottle|can|shot|mug|serving,FALSE,Stout Drinks Alcoholic drinks Beer and cider,1558,TRUE,
drinks_alcoholic_drinks_porter,Porter,Drinks,Alcoholic drinks,Beer and cider,specific,drinks_alcoholic_drinks_alcoholic_drink,TRUE,,glass,ml|L|cup|glass|bottle|can|shot|mug|serving,FALSE,Porter Drinks Alcoholic drinks Beer and cider,1559,TRUE,
drinks_alcoholic_drinks_wheat_beer,Wheat beer,Drinks,Alcoholic drinks,Beer and cider,specific,drinks_alcoholic_drinks_alcoholic_drink,TRUE,,glass,ml|L|cup|glass|bottle|can|shot|mug|serving,FALSE,Wheat beer Drinks Alcoholic drinks Beer and cider,1560,TRUE,
drinks_alcoholic_drinks_craft_beer,Craft beer,Drinks,Alcoholic drinks,Beer and cider,specific,drinks_alcoholic_drinks_alcoholic_drink,TRUE,,glass,ml|L|cup|glass|bottle|can|shot|mug|serving,FALSE,Craft beer Drinks Alcoholic drinks Beer and cider,1561,TRUE,
drinks_alcoholic_drinks_non_alcoholic_beer,Non-alcoholic beer,Drinks,Alcoholic drinks,Beer and cider,specific,drinks_alcoholic_drinks_alcoholic_drink,TRUE,,glass,ml|L|cup|glass|bottle|can|shot|mug|serving,FALSE,Non-alcoholic beer Drinks Alcoholic drinks Beer and cider,1562,TRUE,
drinks_alcoholic_drinks_cider,Cider,Drinks,Alcoholic drinks,Beer and cider,specific,drinks_alcoholic_drinks_alcoholic_drink,TRUE,,glass,ml|L|cup|glass|bottle|can|shot|mug|serving,FALSE,Cider Drinks Alcoholic drinks Beer and cider,1563,TRUE,
drinks_alcoholic_drinks_hard_cider,Hard cider,Drinks,Alcoholic drinks,Beer and cider,specific,drinks_alcoholic_drinks_alcoholic_drink,TRUE,,glass,ml|L|cup|glass|bottle|can|shot|mug|serving,FALSE,Hard cider Drinks Alcoholic drinks Beer and cider,1564,TRUE,
drinks_alcoholic_drinks_red_wine,Red wine,Drinks,Alcoholic drinks,Wine,specific,drinks_alcoholic_drinks_alcoholic_drink,TRUE,,glass,ml|L|cup|glass|bottle|can|shot|mug|serving,FALSE,Red wine Drinks Alcoholic drinks Wine,1565,TRUE,
drinks_alcoholic_drinks_white_wine,White wine,Drinks,Alcoholic drinks,Wine,specific,drinks_alcoholic_drinks_alcoholic_drink,TRUE,,glass,ml|L|cup|glass|bottle|can|shot|mug|serving,FALSE,White wine Drinks Alcoholic drinks Wine,1566,TRUE,
drinks_alcoholic_drinks_rose_wine,Rosé wine,Drinks,Alcoholic drinks,Wine,specific,drinks_alcoholic_drinks_alcoholic_drink,TRUE,,glass,ml|L|cup|glass|bottle|can|shot|mug|serving,FALSE,Rosé wine Drinks Alcoholic drinks Wine,1567,TRUE,
drinks_alcoholic_drinks_sparkling_wine,Sparkling wine,Drinks,Alcoholic drinks,Wine,specific,drinks_alcoholic_drinks_alcoholic_drink,TRUE,,glass,ml|L|cup|glass|bottle|can|shot|mug|serving,FALSE,Sparkling wine Drinks Alcoholic drinks Wine,1568,TRUE,
drinks_alcoholic_drinks_champagne,Champagne,Drinks,Alcoholic drinks,Wine,specific,drinks_alcoholic_drinks_alcoholic_drink,TRUE,,glass,ml|L|cup|glass|bottle|can|shot|mug|serving,FALSE,Champagne Drinks Alcoholic drinks Wine,1569,TRUE,
drinks_alcoholic_drinks_dessert_wine,Dessert wine,Drinks,Alcoholic drinks,Wine,specific,drinks_alcoholic_drinks_alcoholic_drink,TRUE,,glass,ml|L|cup|glass|bottle|can|shot|mug|serving,FALSE,Dessert wine Drinks Alcoholic drinks Wine,1570,TRUE,
drinks_alcoholic_drinks_fortified_wine,Fortified wine,Drinks,Alcoholic drinks,Wine,specific,drinks_alcoholic_drinks_alcoholic_drink,TRUE,,glass,ml|L|cup|glass|bottle|can|shot|mug|serving,FALSE,Fortified wine Drinks Alcoholic drinks Wine,1571,TRUE,
drinks_alcoholic_drinks_non_alcoholic_wine,Non-alcoholic wine,Drinks,Alcoholic drinks,Wine,specific,drinks_alcoholic_drinks_alcoholic_drink,TRUE,,glass,ml|L|cup|glass|bottle|can|shot|mug|serving,FALSE,Non-alcoholic wine Drinks Alcoholic drinks Wine,1572,TRUE,
drinks_alcoholic_drinks_vodka,Vodka,Drinks,Alcoholic drinks,Spirits and cocktails,specific,drinks_alcoholic_drinks_alcoholic_drink,TRUE,,shot,ml|L|cup|glass|bottle|can|shot|mug|serving,FALSE,Vodka Drinks Alcoholic drinks Spirits and cocktails,1573,TRUE,
drinks_alcoholic_drinks_gin,Gin,Drinks,Alcoholic drinks,Spirits and cocktails,specific,drinks_alcoholic_drinks_alcoholic_drink,TRUE,,shot,ml|L|cup|glass|bottle|can|shot|mug|serving,FALSE,Gin Drinks Alcoholic drinks Spirits and cocktails,1574,TRUE,
drinks_alcoholic_drinks_rum,Rum,Drinks,Alcoholic drinks,Spirits and cocktails,specific,drinks_alcoholic_drinks_alcoholic_drink,TRUE,,shot,ml|L|cup|glass|bottle|can|shot|mug|serving,FALSE,Rum Drinks Alcoholic drinks Spirits and cocktails,1575,TRUE,
drinks_alcoholic_drinks_whisky,Whisky,Drinks,Alcoholic drinks,Spirits and cocktails,specific,drinks_alcoholic_drinks_alcoholic_drink,TRUE,,shot,ml|L|cup|glass|bottle|can|shot|mug|serving,FALSE,Whisky Drinks Alcoholic drinks Spirits and cocktails,1576,TRUE,
drinks_alcoholic_drinks_bourbon,Bourbon,Drinks,Alcoholic drinks,Spirits and cocktails,specific,drinks_alcoholic_drinks_alcoholic_drink,TRUE,,shot,ml|L|cup|glass|bottle|can|shot|mug|serving,FALSE,Bourbon Drinks Alcoholic drinks Spirits and cocktails,1577,TRUE,
drinks_alcoholic_drinks_scotch_whisky,Scotch whisky,Drinks,Alcoholic drinks,Spirits and cocktails,specific,drinks_alcoholic_drinks_alcoholic_drink,TRUE,,shot,ml|L|cup|glass|bottle|can|shot|mug|serving,FALSE,Scotch whisky Drinks Alcoholic drinks Spirits and cocktails,1578,TRUE,
drinks_alcoholic_drinks_tequila,Tequila,Drinks,Alcoholic drinks,Spirits and cocktails,specific,drinks_alcoholic_drinks_alcoholic_drink,TRUE,,shot,ml|L|cup|glass|bottle|can|shot|mug|serving,FALSE,Tequila Drinks Alcoholic drinks Spirits and cocktails,1579,TRUE,
drinks_alcoholic_drinks_brandy,Brandy,Drinks,Alcoholic drinks,Spirits and cocktails,specific,drinks_alcoholic_drinks_alcoholic_drink,TRUE,,shot,ml|L|cup|glass|bottle|can|shot|mug|serving,FALSE,Brandy Drinks Alcoholic drinks Spirits and cocktails,1580,TRUE,
drinks_alcoholic_drinks_cognac,Cognac,Drinks,Alcoholic drinks,Spirits and cocktails,specific,drinks_alcoholic_drinks_alcoholic_drink,TRUE,,shot,ml|L|cup|glass|bottle|can|shot|mug|serving,FALSE,Cognac Drinks Alcoholic drinks Spirits and cocktails,1581,TRUE,
drinks_alcoholic_drinks_liqueur,Liqueur,Drinks,Alcoholic drinks,Spirits and cocktails,specific,drinks_alcoholic_drinks_alcoholic_drink,TRUE,,shot,ml|L|cup|glass|bottle|can|shot|mug|serving,FALSE,Liqueur Drinks Alcoholic drinks Spirits and cocktails,1582,TRUE,
drinks_alcoholic_drinks_arak,Arak,Drinks,Alcoholic drinks,Spirits and cocktails,specific,drinks_alcoholic_drinks_alcoholic_drink,TRUE,,shot,ml|L|cup|glass|bottle|can|shot|mug|serving,FALSE,Arak Drinks Alcoholic drinks Spirits and cocktails,1583,TRUE,
drinks_alcoholic_drinks_ouzo,Ouzo,Drinks,Alcoholic drinks,Spirits and cocktails,specific,drinks_alcoholic_drinks_alcoholic_drink,TRUE,,shot,ml|L|cup|glass|bottle|can|shot|mug|serving,FALSE,Ouzo Drinks Alcoholic drinks Spirits and cocktails,1584,TRUE,
drinks_alcoholic_drinks_sake,Sake,Drinks,Alcoholic drinks,Spirits and cocktails,specific,drinks_alcoholic_drinks_alcoholic_drink,TRUE,,shot,ml|L|cup|glass|bottle|can|shot|mug|serving,FALSE,Sake Drinks Alcoholic drinks Spirits and cocktails,1585,TRUE,
drinks_alcoholic_drinks_soju,Soju,Drinks,Alcoholic drinks,Spirits and cocktails,specific,drinks_alcoholic_drinks_alcoholic_drink,TRUE,,shot,ml|L|cup|glass|bottle|can|shot|mug|serving,FALSE,Soju Drinks Alcoholic drinks Spirits and cocktails,1586,TRUE,
drinks_alcoholic_drinks_cocktail,Cocktail,Drinks,Alcoholic drinks,Spirits and cocktails,specific,drinks_alcoholic_drinks_alcoholic_drink,TRUE,,shot,ml|L|cup|glass|bottle|can|shot|mug|serving,FALSE,Cocktail Drinks Alcoholic drinks Spirits and cocktails,1587,TRUE,
drinks_alcoholic_drinks_mixed_alcoholic_drink,Mixed alcoholic drink,Drinks,Alcoholic drinks,Spirits and cocktails,specific,drinks_alcoholic_drinks_alcoholic_drink,TRUE,,shot,ml|L|cup|glass|bottle|can|shot|mug|serving,FALSE,Mixed alcoholic drink Drinks Alcoholic drinks Spirits and cocktails,1588,TRUE,
drinks_alcoholic_drinks_alcoholic_shot,Alcoholic shot,Drinks,Alcoholic drinks,Spirits and cocktails,specific,drinks_alcoholic_drinks_alcoholic_drink,TRUE,,shot,ml|L|cup|glass|bottle|can|shot|mug|serving,FALSE,Alcoholic shot Drinks Alcoholic drinks Spirits and cocktails,1589,TRUE,
drinks_other_drinks_other_drink,Other drink,Drinks,Other drinks,General,general,,TRUE,,serving,ml|L|cup|glass|bottle|can|shot|mug|serving,FALSE,Other drink Drinks Other drinks General,1590,TRUE,General option remains selectable when the user does not want to choose a specific item.
drinks_other_drinks_broth_drink,Broth drink,Drinks,Other drinks,Other beverages,specific,drinks_other_drinks_other_drink,TRUE,,serving,ml|L|cup|glass|bottle|can|shot|mug|serving,FALSE,Broth drink Drinks Other drinks Other beverages,1591,TRUE,
drinks_other_drinks_soup_drink,Soup drink,Drinks,Other drinks,Other beverages,specific,drinks_other_drinks_other_drink,TRUE,,serving,ml|L|cup|glass|bottle|can|shot|mug|serving,FALSE,Soup drink Drinks Other drinks Other beverages,1592,TRUE,
drinks_other_drinks_liquid_meal,Liquid meal,Drinks,Other drinks,Other beverages,specific,drinks_other_drinks_other_drink,TRUE,,serving,ml|L|cup|glass|bottle|can|shot|mug|serving,FALSE,Liquid meal Drinks Other drinks Other beverages,1593,TRUE,
drinks_other_drinks_herbal_syrup_drink,Herbal syrup drink,Drinks,Other drinks,Other beverages,specific,drinks_other_drinks_other_drink,TRUE,,serving,ml|L|cup|glass|bottle|can|shot|mug|serving,FALSE,Herbal syrup drink Drinks Other drinks Other beverages,1594,TRUE,
drinks_other_drinks_cough_syrup_as_drink,Cough syrup as drink,Drinks,Other drinks,Other beverages,specific,drinks_other_drinks_other_drink,TRUE,,serving,ml|L|cup|glass|bottle|can|shot|mug|serving,FALSE,Cough syrup as drink Drinks Other drinks Other beverages,1595,TRUE,
drinks_other_drinks_unknown_drink,Unknown drink,Drinks,Other drinks,Other beverages,specific,drinks_other_drinks_other_drink,TRUE,,serving,ml|L|cup|glass|bottle|can|shot|mug|serving,FALSE,Unknown drink Drinks Other drinks Other beverages,1596,TRUE,
drinks_other_drinks_custom_drink,Custom drink,Drinks,Other drinks,Other beverages,specific,drinks_other_drinks_other_drink,TRUE,,serving,ml|L|cup|glass|bottle|can|shot|mug|serving,FALSE,Custom drink Drinks Other drinks Other beverages,1597,TRUE,
medications_pain_and_fever_medicines_pain_or_fever_medicine,Pain or fever medicine,Medications,Pain and fever medicines,General,general,,TRUE,,dose,dose|tablet|capsule|mg|g|ml|drop|puff|spray|patch|sachet|suppository|injection|unit,TRUE,Pain or fever medicine Medications Pain and fever medicines General,1598,TRUE,General option remains selectable when the user does not want to choose a specific item.
medications_pain_and_fever_medicines_paracetamol,Paracetamol,Medications,Pain and fever medicines,Non-opioid pain relievers,specific,medications_pain_and_fever_medicines_pain_or_fever_medicine,TRUE,Acetaminophen|Panadol|Tylenol,dose,dose|tablet|capsule|mg|g|ml|drop|puff|spray|patch|sachet|suppository|injection|unit,TRUE,Paracetamol Medications Pain and fever medicines Non-opioid pain relievers Acetaminophen Panadol Tylenol,1599,TRUE,
medications_pain_and_fever_medicines_ibuprofen,Ibuprofen,Medications,Pain and fever medicines,Non-opioid pain relievers,specific,medications_pain_and_fever_medicines_pain_or_fever_medicine,TRUE,,dose,dose|tablet|capsule|mg|g|ml|drop|puff|spray|patch|sachet|suppository|injection|unit,TRUE,Ibuprofen Medications Pain and fever medicines Non-opioid pain relievers,1600,TRUE,
medications_pain_and_fever_medicines_naproxen,Naproxen,Medications,Pain and fever medicines,Non-opioid pain relievers,specific,medications_pain_and_fever_medicines_pain_or_fever_medicine,TRUE,,dose,dose|tablet|capsule|mg|g|ml|drop|puff|spray|patch|sachet|suppository|injection|unit,TRUE,Naproxen Medications Pain and fever medicines Non-opioid pain relievers,1601,TRUE,
medications_pain_and_fever_medicines_aspirin,Aspirin,Medications,Pain and fever medicines,Non-opioid pain relievers,specific,medications_pain_and_fever_medicines_pain_or_fever_medicine,TRUE,,dose,dose|tablet|capsule|mg|g|ml|drop|puff|spray|patch|sachet|suppository|injection|unit,TRUE,Aspirin Medications Pain and fever medicines Non-opioid pain relievers,1602,TRUE,
medications_pain_and_fever_medicines_diclofenac,Diclofenac,Medications,Pain and fever medicines,Non-opioid pain relievers,specific,medications_pain_and_fever_medicines_pain_or_fever_medicine,TRUE,,dose,dose|tablet|capsule|mg|g|ml|drop|puff|spray|patch|sachet|suppository|injection|unit,TRUE,Diclofenac Medications Pain and fever medicines Non-opioid pain relievers,1603,TRUE,
medications_pain_and_fever_medicines_ketorolac,Ketorolac,Medications,Pain and fever medicines,Non-opioid pain relievers,specific,medications_pain_and_fever_medicines_pain_or_fever_medicine,TRUE,,dose,dose|tablet|capsule|mg|g|ml|drop|puff|spray|patch|sachet|suppository|injection|unit,TRUE,Ketorolac Medications Pain and fever medicines Non-opioid pain relievers,1604,TRUE,
medications_pain_and_fever_medicines_meloxicam,Meloxicam,Medications,Pain and fever medicines,Non-opioid pain relievers,specific,medications_pain_and_fever_medicines_pain_or_fever_medicine,TRUE,,dose,dose|tablet|capsule|mg|g|ml|drop|puff|spray|patch|sachet|suppository|injection|unit,TRUE,Meloxicam Medications Pain and fever medicines Non-opioid pain relievers,1605,TRUE,
medications_pain_and_fever_medicines_celecoxib,Celecoxib,Medications,Pain and fever medicines,Non-opioid pain relievers,specific,medications_pain_and_fever_medicines_pain_or_fever_medicine,TRUE,,dose,dose|tablet|capsule|mg|g|ml|drop|puff|spray|patch|sachet|suppository|injection|unit,TRUE,Celecoxib Medications Pain and fever medicines Non-opioid pain relievers,1606,TRUE,
medications_pain_and_fever_medicines_etoricoxib,Etoricoxib,Medications,Pain and fever medicines,Non-opioid pain relievers,specific,medications_pain_and_fever_medicines_pain_or_fever_medicine,TRUE,,dose,dose|tablet|capsule|mg|g|ml|drop|puff|spray|patch|sachet|suppository|injection|unit,TRUE,Etoricoxib Medications Pain and fever medicines Non-opioid pain relievers,1607,TRUE,
medications_pain_and_fever_medicines_indomethacin,Indomethacin,Medications,Pain and fever medicines,Non-opioid pain relievers,specific,medications_pain_and_fever_medicines_pain_or_fever_medicine,TRUE,,dose,dose|tablet|capsule|mg|g|ml|drop|puff|spray|patch|sachet|suppository|injection|unit,TRUE,Indomethacin Medications Pain and fever medicines Non-opioid pain relievers,1608,TRUE,
medications_pain_and_fever_medicines_mefenamic_acid,Mefenamic acid,Medications,Pain and fever medicines,Non-opioid pain relievers,specific,medications_pain_and_fever_medicines_pain_or_fever_medicine,TRUE,,dose,dose|tablet|capsule|mg|g|ml|drop|puff|spray|patch|sachet|suppository|injection|unit,TRUE,Mefenamic acid Medications Pain and fever medicines Non-opioid pain relievers,1609,TRUE,
medications_pain_and_fever_medicines_piroxicam,Piroxicam,Medications,Pain and fever medicines,Non-opioid pain relievers,specific,medications_pain_and_fever_medicines_pain_or_fever_medicine,TRUE,,dose,dose|tablet|capsule|mg|g|ml|drop|puff|spray|patch|sachet|suppository|injection|unit,TRUE,Piroxicam Medications Pain and fever medicines Non-opioid pain relievers,1610,TRUE,
medications_pain_and_fever_medicines_ketoprofen,Ketoprofen,Medications,Pain and fever medicines,Non-opioid pain relievers,specific,medications_pain_and_fever_medicines_pain_or_fever_medicine,TRUE,,dose,dose|tablet|capsule|mg|g|ml|drop|puff|spray|patch|sachet|suppository|injection|unit,TRUE,Ketoprofen Medications Pain and fever medicines Non-opioid pain relievers,1611,TRUE,
medications_pain_and_fever_medicines_nabumetone,Nabumetone,Medications,Pain and fever medicines,Non-opioid pain relievers,specific,medications_pain_and_fever_medicines_pain_or_fever_medicine,TRUE,,dose,dose|tablet|capsule|mg|g|ml|drop|puff|spray|patch|sachet|suppository|injection|unit,TRUE,Nabumetone Medications Pain and fever medicines Non-opioid pain relievers,1612,TRUE,
medications_pain_and_fever_medicines_metamizole,Metamizole,Medications,Pain and fever medicines,Non-opioid pain relievers,specific,medications_pain_and_fever_medicines_pain_or_fever_medicine,TRUE,,dose,dose|tablet|capsule|mg|g|ml|drop|puff|spray|patch|sachet|suppository|injection|unit,TRUE,Metamizole Medications Pain and fever medicines Non-opioid pain relievers,1613,TRUE,
medications_pain_and_fever_medicines_codeine,Codeine,Medications,Pain and fever medicines,Opioid and stronger pain medicines,specific,medications_pain_and_fever_medicines_pain_or_fever_medicine,TRUE,,dose,dose|tablet|capsule|mg|g|ml|drop|puff|spray|patch|sachet|suppository|injection|unit,TRUE,Codeine Medications Pain and fever medicines Opioid and stronger pain medicines,1614,TRUE,
medications_pain_and_fever_medicines_tramadol,Tramadol,Medications,Pain and fever medicines,Opioid and stronger pain medicines,specific,medications_pain_and_fever_medicines_pain_or_fever_medicine,TRUE,,dose,dose|tablet|capsule|mg|g|ml|drop|puff|spray|patch|sachet|suppository|injection|unit,TRUE,Tramadol Medications Pain and fever medicines Opioid and stronger pain medicines,1615,TRUE,
medications_pain_and_fever_medicines_morphine,Morphine,Medications,Pain and fever medicines,Opioid and stronger pain medicines,specific,medications_pain_and_fever_medicines_pain_or_fever_medicine,TRUE,,dose,dose|tablet|capsule|mg|g|ml|drop|puff|spray|patch|sachet|suppository|injection|unit,TRUE,Morphine Medications Pain and fever medicines Opioid and stronger pain medicines,1616,TRUE,
medications_pain_and_fever_medicines_oxycodone,Oxycodone,Medications,Pain and fever medicines,Opioid and stronger pain medicines,specific,medications_pain_and_fever_medicines_pain_or_fever_medicine,TRUE,,dose,dose|tablet|capsule|mg|g|ml|drop|puff|spray|patch|sachet|suppository|injection|unit,TRUE,Oxycodone Medications Pain and fever medicines Opioid and stronger pain medicines,1617,TRUE,
medications_pain_and_fever_medicines_hydrocodone,Hydrocodone,Medications,Pain and fever medicines,Opioid and stronger pain medicines,specific,medications_pain_and_fever_medicines_pain_or_fever_medicine,TRUE,,dose,dose|tablet|capsule|mg|g|ml|drop|puff|spray|patch|sachet|suppository|injection|unit,TRUE,Hydrocodone Medications Pain and fever medicines Opioid and stronger pain medicines,1618,TRUE,
medications_pain_and_fever_medicines_hydromorphone,Hydromorphone,Medications,Pain and fever medicines,Opioid and stronger pain medicines,specific,medications_pain_and_fever_medicines_pain_or_fever_medicine,TRUE,,dose,dose|tablet|capsule|mg|g|ml|drop|puff|spray|patch|sachet|suppository|injection|unit,TRUE,Hydromorphone Medications Pain and fever medicines Opioid and stronger pain medicines,1619,TRUE,
medications_pain_and_fever_medicines_fentanyl,Fentanyl,Medications,Pain and fever medicines,Opioid and stronger pain medicines,specific,medications_pain_and_fever_medicines_pain_or_fever_medicine,TRUE,,dose,dose|tablet|capsule|mg|g|ml|drop|puff|spray|patch|sachet|suppository|injection|unit,TRUE,Fentanyl Medications Pain and fever medicines Opioid and stronger pain medicines,1620,TRUE,
medications_pain_and_fever_medicines_buprenorphine,Buprenorphine,Medications,Pain and fever medicines,Opioid and stronger pain medicines,specific,medications_pain_and_fever_medicines_pain_or_fever_medicine,TRUE,,dose,dose|tablet|capsule|mg|g|ml|drop|puff|spray|patch|sachet|suppository|injection|unit,TRUE,Buprenorphine Medications Pain and fever medicines Opioid and stronger pain medicines,1621,TRUE,
medications_pain_and_fever_medicines_tapentadol,Tapentadol,Medications,Pain and fever medicines,Opioid and stronger pain medicines,specific,medications_pain_and_fever_medicines_pain_or_fever_medicine,TRUE,,dose,dose|tablet|capsule|mg|g|ml|drop|puff|spray|patch|sachet|suppository|injection|unit,TRUE,Tapentadol Medications Pain and fever medicines Opioid and stronger pain medicines,1622,TRUE,
medications_pain_and_fever_medicines_topical_diclofenac,Topical diclofenac,Medications,Pain and fever medicines,Topical and local pain relief,specific,medications_pain_and_fever_medicines_pain_or_fever_medicine,TRUE,,dose,dose|tablet|capsule|mg|g|ml|drop|puff|spray|patch|sachet|suppository|injection|unit,TRUE,Topical diclofenac Medications Pain and fever medicines Topical and local pain relief,1623,TRUE,
medications_pain_and_fever_medicines_lidocaine_topical,Lidocaine topical,Medications,Pain and fever medicines,Topical and local pain relief,specific,medications_pain_and_fever_medicines_pain_or_fever_medicine,TRUE,,dose,dose|tablet|capsule|mg|g|ml|drop|puff|spray|patch|sachet|suppository|injection|unit,TRUE,Lidocaine topical Medications Pain and fever medicines Topical and local pain relief,1624,TRUE,
medications_pain_and_fever_medicines_lidocaine_patch,Lidocaine patch,Medications,Pain and fever medicines,Topical and local pain relief,specific,medications_pain_and_fever_medicines_pain_or_fever_medicine,TRUE,,dose,dose|tablet|capsule|mg|g|ml|drop|puff|spray|patch|sachet|suppository|injection|unit,TRUE,Lidocaine patch Medications Pain and fever medicines Topical and local pain relief,1625,TRUE,
medications_pain_and_fever_medicines_capsaicin_cream,Capsaicin cream,Medications,Pain and fever medicines,Topical and local pain relief,specific,medications_pain_and_fever_medicines_pain_or_fever_medicine,TRUE,,dose,dose|tablet|capsule|mg|g|ml|drop|puff|spray|patch|sachet|suppository|injection|unit,TRUE,Capsaicin cream Medications Pain and fever medicines Topical and local pain relief,1626,TRUE,
medications_pain_and_fever_medicines_menthol_pain_rub,Menthol pain rub,Medications,Pain and fever medicines,Topical and local pain relief,specific,medications_pain_and_fever_medicines_pain_or_fever_medicine,TRUE,,dose,dose|tablet|capsule|mg|g|ml|drop|puff|spray|patch|sachet|suppository|injection|unit,TRUE,Menthol pain rub Medications Pain and fever medicines Topical and local pain relief,1627,TRUE,
medications_pain_and_fever_medicines_methyl_salicylate_cream,Methyl salicylate cream,Medications,Pain and fever medicines,Topical and local pain relief,specific,medications_pain_and_fever_medicines_pain_or_fever_medicine,TRUE,,dose,dose|tablet|capsule|mg|g|ml|drop|puff|spray|patch|sachet|suppository|injection|unit,TRUE,Methyl salicylate cream Medications Pain and fever medicines Topical and local pain relief,1628,TRUE,
medications_allergy_medicines_allergy_medicine,Allergy medicine,Medications,Allergy medicines,General,general,,TRUE,,dose,dose|tablet|capsule|mg|g|ml|drop|puff|spray|patch|sachet|suppository|injection|unit,TRUE,Allergy medicine Medications Allergy medicines General,1629,TRUE,General option remains selectable when the user does not want to choose a specific item.
medications_allergy_medicines_cetirizine,Cetirizine,Medications,Allergy medicines,Antihistamines,specific,medications_allergy_medicines_allergy_medicine,TRUE,,dose,dose|tablet|capsule|mg|g|ml|drop|puff|spray|patch|sachet|suppository|injection|unit,TRUE,Cetirizine Medications Allergy medicines Antihistamines,1630,TRUE,
medications_allergy_medicines_loratadine,Loratadine,Medications,Allergy medicines,Antihistamines,specific,medications_allergy_medicines_allergy_medicine,TRUE,,dose,dose|tablet|capsule|mg|g|ml|drop|puff|spray|patch|sachet|suppository|injection|unit,TRUE,Loratadine Medications Allergy medicines Antihistamines,1631,TRUE,
medications_allergy_medicines_fexofenadine,Fexofenadine,Medications,Allergy medicines,Antihistamines,specific,medications_allergy_medicines_allergy_medicine,TRUE,,dose,dose|tablet|capsule|mg|g|ml|drop|puff|spray|patch|sachet|suppository|injection|unit,TRUE,Fexofenadine Medications Allergy medicines Antihistamines,1632,TRUE,
medications_allergy_medicines_desloratadine,Desloratadine,Medications,Allergy medicines,Antihistamines,specific,medications_allergy_medicines_allergy_medicine,TRUE,,dose,dose|tablet|capsule|mg|g|ml|drop|puff|spray|patch|sachet|suppository|injection|unit,TRUE,Desloratadine Medications Allergy medicines Antihistamines,1633,TRUE,
medications_allergy_medicines_levocetirizine,Levocetirizine,Medications,Allergy medicines,Antihistamines,specific,medications_allergy_medicines_allergy_medicine,TRUE,,dose,dose|tablet|capsule|mg|g|ml|drop|puff|spray|patch|sachet|suppository|injection|unit,TRUE,Levocetirizine Medications Allergy medicines Antihistamines,1634,TRUE,
medications_allergy_medicines_diphenhydramine,Diphenhydramine,Medications,Allergy medicines,Antihistamines,specific,medications_allergy_medicines_allergy_medicine,TRUE,,dose,dose|tablet|capsule|mg|g|ml|drop|puff|spray|patch|sachet|suppository|injection|unit,TRUE,Diphenhydramine Medications Allergy medicines Antihistamines,1635,TRUE,
medications_allergy_medicines_chlorpheniramine,Chlorpheniramine,Medications,Allergy medicines,Antihistamines,specific,medications_allergy_medicines_allergy_medicine,TRUE,,dose,dose|tablet|capsule|mg|g|ml|drop|puff|spray|patch|sachet|suppository|injection|unit,TRUE,Chlorpheniramine Medications Allergy medicines Antihistamines,1636,TRUE,
medications_allergy_medicines_promethazine,Promethazine,Medications,Allergy medicines,Antihistamines,specific,medications_allergy_medicines_allergy_medicine,TRUE,,dose,dose|tablet|capsule|mg|g|ml|drop|puff|spray|patch|sachet|suppository|injection|unit,TRUE,Promethazine Medications Allergy medicines Antihistamines,1637,TRUE,
medications_allergy_medicines_hydroxyzine,Hydroxyzine,Medications,Allergy medicines,Antihistamines,specific,medications_allergy_medicines_allergy_medicine,TRUE,,dose,dose|tablet|capsule|mg|g|ml|drop|puff|spray|patch|sachet|suppository|injection|unit,TRUE,Hydroxyzine Medications Allergy medicines Antihistamines,1638,TRUE,
medications_allergy_medicines_acrivastine,Acrivastine,Medications,Allergy medicines,Antihistamines,specific,medications_allergy_medicines_allergy_medicine,TRUE,,dose,dose|tablet|capsule|mg|g|ml|drop|puff|spray|patch|sachet|suppository|injection|unit,TRUE,Acrivastine Medications Allergy medicines Antihistamines,1639,TRUE,
medications_allergy_medicines_bilastine,Bilastine,Medications,Allergy medicines,Antihistamines,specific,medications_allergy_medicines_allergy_medicine,TRUE,,dose,dose|tablet|capsule|mg|g|ml|drop|puff|spray|patch|sachet|suppository|injection|unit,TRUE,Bilastine Medications Allergy medicines Antihistamines,1640,TRUE,
medications_allergy_medicines_rupatadine,Rupatadine,Medications,Allergy medicines,Antihistamines,specific,medications_allergy_medicines_allergy_medicine,TRUE,,dose,dose|tablet|capsule|mg|g|ml|drop|puff|spray|patch|sachet|suppository|injection|unit,TRUE,Rupatadine Medications Allergy medicines Antihistamines,1641,TRUE,
medications_allergy_medicines_ebastine,Ebastine,Medications,Allergy medicines,Antihistamines,specific,medications_allergy_medicines_allergy_medicine,TRUE,,dose,dose|tablet|capsule|mg|g|ml|drop|puff|spray|patch|sachet|suppository|injection|unit,TRUE,Ebastine Medications Allergy medicines Antihistamines,1642,TRUE,
medications_allergy_medicines_ketotifen,Ketotifen,Medications,Allergy medicines,Antihistamines,specific,medications_allergy_medicines_allergy_medicine,TRUE,,dose,dose|tablet|capsule|mg|g|ml|drop|puff|spray|patch|sachet|suppository|injection|unit,TRUE,Ketotifen Medications Allergy medicines Antihistamines,1643,TRUE,
medications_allergy_medicines_montelukast,Montelukast,Medications,Allergy medicines,Other allergy treatments,specific,medications_allergy_medicines_allergy_medicine,TRUE,,dose,dose|tablet|capsule|mg|g|ml|drop|puff|spray|patch|sachet|suppository|injection|unit,TRUE,Montelukast Medications Allergy medicines Other allergy treatments,1644,TRUE,
medications_allergy_medicines_cromolyn_sodium,Cromolyn sodium,Medications,Allergy medicines,Other allergy treatments,specific,medications_allergy_medicines_allergy_medicine,TRUE,,dose,dose|tablet|capsule|mg|g|ml|drop|puff|spray|patch|sachet|suppository|injection|unit,TRUE,Cromolyn sodium Medications Allergy medicines Other allergy treatments,1645,TRUE,
medications_allergy_medicines_epinephrine_auto_injector,Epinephrine auto-injector,Medications,Allergy medicines,Other allergy treatments,specific,medications_allergy_medicines_allergy_medicine,TRUE,,dose,dose|tablet|capsule|mg|g|ml|drop|puff|spray|patch|sachet|suppository|injection|unit,TRUE,Epinephrine auto-injector Medications Allergy medicines Other allergy treatments,1646,TRUE,
medications_allergy_medicines_allergy_immunotherapy_dose,Allergy immunotherapy dose,Medications,Allergy medicines,Other allergy treatments,specific,medications_allergy_medicines_allergy_medicine,TRUE,,dose,dose|tablet|capsule|mg|g|ml|drop|puff|spray|patch|sachet|suppository|injection|unit,TRUE,Allergy immunotherapy dose Medications Allergy medicines Other allergy treatments,1647,TRUE,
medications_allergy_medicines_nasal_saline_spray,Nasal saline spray,Medications,Allergy medicines,Other allergy treatments,specific,medications_allergy_medicines_allergy_medicine,TRUE,,dose,dose|tablet|capsule|mg|g|ml|drop|puff|spray|patch|sachet|suppository|injection|unit,TRUE,Nasal saline spray Medications Allergy medicines Other allergy treatments,1648,TRUE,
medications_allergy_medicines_azelastine_nasal_spray,Azelastine nasal spray,Medications,Allergy medicines,Other allergy treatments,specific,medications_allergy_medicines_allergy_medicine,TRUE,,dose,dose|tablet|capsule|mg|g|ml|drop|puff|spray|patch|sachet|suppository|injection|unit,TRUE,Azelastine nasal spray Medications Allergy medicines Other allergy treatments,1649,TRUE,
medications_allergy_medicines_olopatadine_eye_drops,Olopatadine eye drops,Medications,Allergy medicines,Other allergy treatments,specific,medications_allergy_medicines_allergy_medicine,TRUE,,dose,dose|tablet|capsule|mg|g|ml|drop|puff|spray|patch|sachet|suppository|injection|unit,TRUE,Olopatadine eye drops Medications Allergy medicines Other allergy treatments,1650,TRUE,
medications_corticosteroids_corticosteroid,Corticosteroid,Medications,Corticosteroids,General,general,,TRUE,,dose,dose|tablet|capsule|mg|g|ml|drop|puff|spray|patch|sachet|suppository|injection|unit,TRUE,Corticosteroid Medications Corticosteroids General,1651,TRUE,General option remains selectable when the user does not want to choose a specific item.
medications_corticosteroids_prednisone,Prednisone,Medications,Corticosteroids,Systemic corticosteroids,specific,medications_corticosteroids_corticosteroid,TRUE,,dose,dose|tablet|capsule|mg|g|ml|drop|puff|spray|patch|sachet|suppository|injection|unit,TRUE,Prednisone Medications Corticosteroids Systemic corticosteroids,1652,TRUE,
medications_corticosteroids_prednisolone,Prednisolone,Medications,Corticosteroids,Systemic corticosteroids,specific,medications_corticosteroids_corticosteroid,TRUE,,dose,dose|tablet|capsule|mg|g|ml|drop|puff|spray|patch|sachet|suppository|injection|unit,TRUE,Prednisolone Medications Corticosteroids Systemic corticosteroids,1653,TRUE,
medications_corticosteroids_dexamethasone,Dexamethasone,Medications,Corticosteroids,Systemic corticosteroids,specific,medications_corticosteroids_corticosteroid,TRUE,,dose,dose|tablet|capsule|mg|g|ml|drop|puff|spray|patch|sachet|suppository|injection|unit,TRUE,Dexamethasone Medications Corticosteroids Systemic corticosteroids,1654,TRUE,
medications_corticosteroids_methylprednisolone,Methylprednisolone,Medications,Corticosteroids,Systemic corticosteroids,specific,medications_corticosteroids_corticosteroid,TRUE,,dose,dose|tablet|capsule|mg|g|ml|drop|puff|spray|patch|sachet|suppository|injection|unit,TRUE,Methylprednisolone Medications Corticosteroids Systemic corticosteroids,1655,TRUE,
medications_corticosteroids_hydrocortisone,Hydrocortisone,Medications,Corticosteroids,Systemic corticosteroids,specific,medications_corticosteroids_corticosteroid,TRUE,,dose,dose|tablet|capsule|mg|g|ml|drop|puff|spray|patch|sachet|suppository|injection|unit,TRUE,Hydrocortisone Medications Corticosteroids Systemic corticosteroids,1656,TRUE,
medications_corticosteroids_betamethasone_systemic,Betamethasone systemic,Medications,Corticosteroids,Systemic corticosteroids,specific,medications_corticosteroids_corticosteroid,TRUE,,dose,dose|tablet|capsule|mg|g|ml|drop|puff|spray|patch|sachet|suppository|injection|unit,TRUE,Betamethasone systemic Medications Corticosteroids Systemic corticosteroids,1657,TRUE,
medications_corticosteroids_deflazacort,Deflazacort,Medications,Corticosteroids,Systemic corticosteroids,specific,medications_corticosteroids_corticosteroid,TRUE,,dose,dose|tablet|capsule|mg|g|ml|drop|puff|spray|patch|sachet|suppository|injection|unit,TRUE,Deflazacort Medications Corticosteroids Systemic corticosteroids,1658,TRUE,
medications_corticosteroids_budesonide,Budesonide,Medications,Corticosteroids,Inhaled and nasal corticosteroids,specific,medications_corticosteroids_corticosteroid,TRUE,,dose,dose|tablet|capsule|mg|g|ml|drop|puff|spray|patch|sachet|suppository|injection|unit,TRUE,Budesonide Medications Corticosteroids Inhaled and nasal corticosteroids,1659,TRUE,
medications_corticosteroids_fluticasone,Fluticasone,Medications,Corticosteroids,Inhaled and nasal corticosteroids,specific,medications_corticosteroids_corticosteroid,TRUE,,dose,dose|tablet|capsule|mg|g|ml|drop|puff|spray|patch|sachet|suppository|injection|unit,TRUE,Fluticasone Medications Corticosteroids Inhaled and nasal corticosteroids,1660,TRUE,
medications_corticosteroids_beclomethasone,Beclomethasone,Medications,Corticosteroids,Inhaled and nasal corticosteroids,specific,medications_corticosteroids_corticosteroid,TRUE,,dose,dose|tablet|capsule|mg|g|ml|drop|puff|spray|patch|sachet|suppository|injection|unit,TRUE,Beclomethasone Medications Corticosteroids Inhaled and nasal corticosteroids,1661,TRUE,
medications_corticosteroids_mometasone,Mometasone,Medications,Corticosteroids,Inhaled and nasal corticosteroids,specific,medications_corticosteroids_corticosteroid,TRUE,,dose,dose|tablet|capsule|mg|g|ml|drop|puff|spray|patch|sachet|suppository|injection|unit,TRUE,Mometasone Medications Corticosteroids Inhaled and nasal corticosteroids,1662,TRUE,
medications_corticosteroids_ciclesonide,Ciclesonide,Medications,Corticosteroids,Inhaled and nasal corticosteroids,specific,medications_corticosteroids_corticosteroid,TRUE,,dose,dose|tablet|capsule|mg|g|ml|drop|puff|spray|patch|sachet|suppository|injection|unit,TRUE,Ciclesonide Medications Corticosteroids Inhaled and nasal corticosteroids,1663,TRUE,
medications_corticosteroids_flunisolide,Flunisolide,Medications,Corticosteroids,Inhaled and nasal corticosteroids,specific,medications_corticosteroids_corticosteroid,TRUE,,dose,dose|tablet|capsule|mg|g|ml|drop|puff|spray|patch|sachet|suppository|injection|unit,TRUE,Flunisolide Medications Corticosteroids Inhaled and nasal corticosteroids,1664,TRUE,
medications_corticosteroids_triamcinolone_nasal_spray,Triamcinolone nasal spray,Medications,Corticosteroids,Inhaled and nasal corticosteroids,specific,medications_corticosteroids_corticosteroid,TRUE,,dose,dose|tablet|capsule|mg|g|ml|drop|puff|spray|patch|sachet|suppository|injection|unit,TRUE,Triamcinolone nasal spray Medications Corticosteroids Inhaled and nasal corticosteroids,1665,TRUE,
medications_corticosteroids_hydrocortisone_cream,Hydrocortisone cream,Medications,Corticosteroids,Topical corticosteroids,specific,medications_corticosteroids_corticosteroid,TRUE,,dose,dose|tablet|capsule|mg|g|ml|drop|puff|spray|patch|sachet|suppository|injection|unit,TRUE,Hydrocortisone cream Medications Corticosteroids Topical corticosteroids,1666,TRUE,
medications_corticosteroids_betamethasone_cream,Betamethasone cream,Medications,Corticosteroids,Topical corticosteroids,specific,medications_corticosteroids_corticosteroid,TRUE,,dose,dose|tablet|capsule|mg|g|ml|drop|puff|spray|patch|sachet|suppository|injection|unit,TRUE,Betamethasone cream Medications Corticosteroids Topical corticosteroids,1667,TRUE,
medications_corticosteroids_triamcinolone_cream,Triamcinolone cream,Medications,Corticosteroids,Topical corticosteroids,specific,medications_corticosteroids_corticosteroid,TRUE,,dose,dose|tablet|capsule|mg|g|ml|drop|puff|spray|patch|sachet|suppository|injection|unit,TRUE,Triamcinolone cream Medications Corticosteroids Topical corticosteroids,1668,TRUE,
medications_corticosteroids_mometasone_cream,Mometasone cream,Medications,Corticosteroids,Topical corticosteroids,specific,medications_corticosteroids_corticosteroid,TRUE,,dose,dose|tablet|capsule|mg|g|ml|drop|puff|spray|patch|sachet|suppository|injection|unit,TRUE,Mometasone cream Medications Corticosteroids Topical corticosteroids,1669,TRUE,
medications_corticosteroids_clobetasol,Clobetasol,Medications,Corticosteroids,Topical corticosteroids,specific,medications_corticosteroids_corticosteroid,TRUE,,dose,dose|tablet|capsule|mg|g|ml|drop|puff|spray|patch|sachet|suppository|injection|unit,TRUE,Clobetasol Medications Corticosteroids Topical corticosteroids,1670,TRUE,
medications_corticosteroids_desonide,Desonide,Medications,Corticosteroids,Topical corticosteroids,specific,medications_corticosteroids_corticosteroid,TRUE,,dose,dose|tablet|capsule|mg|g|ml|drop|puff|spray|patch|sachet|suppository|injection|unit,TRUE,Desonide Medications Corticosteroids Topical corticosteroids,1671,TRUE,
medications_corticosteroids_fluocinonide,Fluocinonide,Medications,Corticosteroids,Topical corticosteroids,specific,medications_corticosteroids_corticosteroid,TRUE,,dose,dose|tablet|capsule|mg|g|ml|drop|puff|spray|patch|sachet|suppository|injection|unit,TRUE,Fluocinonide Medications Corticosteroids Topical corticosteroids,1672,TRUE,
medications_corticosteroids_alclometasone,Alclometasone,Medications,Corticosteroids,Topical corticosteroids,specific,medications_corticosteroids_corticosteroid,TRUE,,dose,dose|tablet|capsule|mg|g|ml|drop|puff|spray|patch|sachet|suppository|injection|unit,TRUE,Alclometasone Medications Corticosteroids Topical corticosteroids,1673,TRUE,
medications_antibiotics_antibiotic,Antibiotic,Medications,Antibiotics,General,general,,TRUE,,dose,dose|tablet|capsule|mg|g|ml|drop|puff|spray|patch|sachet|suppository|injection|unit,TRUE,Antibiotic Medications Antibiotics General,1674,TRUE,General option remains selectable when the user does not want to choose a specific item.
medications_antibiotics_penicillin_v,Penicillin V,Medications,Antibiotics,Penicillins,specific,medications_antibiotics_antibiotic,TRUE,,dose,dose|tablet|capsule|mg|g|ml|drop|puff|spray|patch|sachet|suppository|injection|unit,TRUE,Penicillin V Medications Antibiotics Penicillins,1675,TRUE,
medications_antibiotics_penicillin_g,Penicillin G,Medications,Antibiotics,Penicillins,specific,medications_antibiotics_antibiotic,TRUE,,dose,dose|tablet|capsule|mg|g|ml|drop|puff|spray|patch|sachet|suppository|injection|unit,TRUE,Penicillin G Medications Antibiotics Penicillins,1676,TRUE,
medications_antibiotics_amoxicillin,Amoxicillin,Medications,Antibiotics,Penicillins,specific,medications_antibiotics_antibiotic,TRUE,,dose,dose|tablet|capsule|mg|g|ml|drop|puff|spray|patch|sachet|suppository|injection|unit,TRUE,Amoxicillin Medications Antibiotics Penicillins,1677,TRUE,
medications_antibiotics_amoxicillin_clavulanate,Amoxicillin-clavulanate,Medications,Antibiotics,Penicillins,specific,medications_antibiotics_antibiotic,TRUE,,dose,dose|tablet|capsule|mg|g|ml|drop|puff|spray|patch|sachet|suppository|injection|unit,TRUE,Amoxicillin-clavulanate Medications Antibiotics Penicillins,1678,TRUE,
medications_antibiotics_ampicillin,Ampicillin,Medications,Antibiotics,Penicillins,specific,medications_antibiotics_antibiotic,TRUE,,dose,dose|tablet|capsule|mg|g|ml|drop|puff|spray|patch|sachet|suppository|injection|unit,TRUE,Ampicillin Medications Antibiotics Penicillins,1679,TRUE,
medications_antibiotics_flucloxacillin,Flucloxacillin,Medications,Antibiotics,Penicillins,specific,medications_antibiotics_antibiotic,TRUE,,dose,dose|tablet|capsule|mg|g|ml|drop|puff|spray|patch|sachet|suppository|injection|unit,TRUE,Flucloxacillin Medications Antibiotics Penicillins,1680,TRUE,
medications_antibiotics_dicloxacillin,Dicloxacillin,Medications,Antibiotics,Penicillins,specific,medications_antibiotics_antibiotic,TRUE,,dose,dose|tablet|capsule|mg|g|ml|drop|puff|spray|patch|sachet|suppository|injection|unit,TRUE,Dicloxacillin Medications Antibiotics Penicillins,1681,TRUE,
medications_antibiotics_piperacillin_tazobactam,Piperacillin-tazobactam,Medications,Antibiotics,Penicillins,specific,medications_antibiotics_antibiotic,TRUE,,dose,dose|tablet|capsule|mg|g|ml|drop|puff|spray|patch|sachet|suppository|injection|unit,TRUE,Piperacillin-tazobactam Medications Antibiotics Penicillins,1682,TRUE,
medications_antibiotics_cephalexin,Cephalexin,Medications,Antibiotics,Cephalosporins,specific,medications_antibiotics_antibiotic,TRUE,,dose,dose|tablet|capsule|mg|g|ml|drop|puff|spray|patch|sachet|suppository|injection|unit,TRUE,Cephalexin Medications Antibiotics Cephalosporins,1683,TRUE,
medications_antibiotics_cefuroxime,Cefuroxime,Medications,Antibiotics,Cephalosporins,specific,medications_antibiotics_antibiotic,TRUE,,dose,dose|tablet|capsule|mg|g|ml|drop|puff|spray|patch|sachet|suppository|injection|unit,TRUE,Cefuroxime Medications Antibiotics Cephalosporins,1684,TRUE,
medications_antibiotics_cefixime,Cefixime,Medications,Antibiotics,Cephalosporins,specific,medications_antibiotics_antibiotic,TRUE,,dose,dose|tablet|capsule|mg|g|ml|drop|puff|spray|patch|sachet|suppository|injection|unit,TRUE,Cefixime Medications Antibiotics Cephalosporins,1685,TRUE,
medications_antibiotics_cefdinir,Cefdinir,Medications,Antibiotics,Cephalosporins,specific,medications_antibiotics_antibiotic,TRUE,,dose,dose|tablet|capsule|mg|g|ml|drop|puff|spray|patch|sachet|suppository|injection|unit,TRUE,Cefdinir Medications Antibiotics Cephalosporins,1686,TRUE,
medications_antibiotics_cefpodoxime,Cefpodoxime,Medications,Antibiotics,Cephalosporins,specific,medications_antibiotics_antibiotic,TRUE,,dose,dose|tablet|capsule|mg|g|ml|drop|puff|spray|patch|sachet|suppository|injection|unit,TRUE,Cefpodoxime Medications Antibiotics Cephalosporins,1687,TRUE,
medications_antibiotics_ceftriaxone,Ceftriaxone,Medications,Antibiotics,Cephalosporins,specific,medications_antibiotics_antibiotic,TRUE,,dose,dose|tablet|capsule|mg|g|ml|drop|puff|spray|patch|sachet|suppository|injection|unit,TRUE,Ceftriaxone Medications Antibiotics Cephalosporins,1688,TRUE,
medications_antibiotics_cefotaxime,Cefotaxime,Medications,Antibiotics,Cephalosporins,specific,medications_antibiotics_antibiotic,TRUE,,dose,dose|tablet|capsule|mg|g|ml|drop|puff|spray|patch|sachet|suppository|injection|unit,TRUE,Cefotaxime Medications Antibiotics Cephalosporins,1689,TRUE,
medications_antibiotics_ceftazidime,Ceftazidime,Medications,Antibiotics,Cephalosporins,specific,medications_antibiotics_antibiotic,TRUE,,dose,dose|tablet|capsule|mg|g|ml|drop|puff|spray|patch|sachet|suppository|injection|unit,TRUE,Ceftazidime Medications Antibiotics Cephalosporins,1690,TRUE,
medications_antibiotics_cefepime,Cefepime,Medications,Antibiotics,Cephalosporins,specific,medications_antibiotics_antibiotic,TRUE,,dose,dose|tablet|capsule|mg|g|ml|drop|puff|spray|patch|sachet|suppository|injection|unit,TRUE,Cefepime Medications Antibiotics Cephalosporins,1691,TRUE,
medications_antibiotics_ceftaroline,Ceftaroline,Medications,Antibiotics,Cephalosporins,specific,medications_antibiotics_antibiotic,TRUE,,dose,dose|tablet|capsule|mg|g|ml|drop|puff|spray|patch|sachet|suppository|injection|unit,TRUE,Ceftaroline Medications Antibiotics Cephalosporins,1692,TRUE,
medications_antibiotics_azithromycin,Azithromycin,Medications,Antibiotics,Macrolides and related antibiotics,specific,medications_antibiotics_antibiotic,TRUE,,dose,dose|tablet|capsule|mg|g|ml|drop|puff|spray|patch|sachet|suppository|injection|unit,TRUE,Azithromycin Medications Antibiotics Macrolides and related antibiotics,1693,TRUE,
medications_antibiotics_clarithromycin,Clarithromycin,Medications,Antibiotics,Macrolides and related antibiotics,specific,medications_antibiotics_antibiotic,TRUE,,dose,dose|tablet|capsule|mg|g|ml|drop|puff|spray|patch|sachet|suppository|injection|unit,TRUE,Clarithromycin Medications Antibiotics Macrolides and related antibiotics,1694,TRUE,
medications_antibiotics_erythromycin,Erythromycin,Medications,Antibiotics,Macrolides and related antibiotics,specific,medications_antibiotics_antibiotic,TRUE,,dose,dose|tablet|capsule|mg|g|ml|drop|puff|spray|patch|sachet|suppository|injection|unit,TRUE,Erythromycin Medications Antibiotics Macrolides and related antibiotics,1695,TRUE,
medications_antibiotics_roxithromycin,Roxithromycin,Medications,Antibiotics,Macrolides and related antibiotics,specific,medications_antibiotics_antibiotic,TRUE,,dose,dose|tablet|capsule|mg|g|ml|drop|puff|spray|patch|sachet|suppository|injection|unit,TRUE,Roxithromycin Medications Antibiotics Macrolides and related antibiotics,1696,TRUE,
medications_antibiotics_spiramycin,Spiramycin,Medications,Antibiotics,Macrolides and related antibiotics,specific,medications_antibiotics_antibiotic,TRUE,,dose,dose|tablet|capsule|mg|g|ml|drop|puff|spray|patch|sachet|suppository|injection|unit,TRUE,Spiramycin Medications Antibiotics Macrolides and related antibiotics,1697,TRUE,
medications_antibiotics_doxycycline,Doxycycline,Medications,Antibiotics,Tetracyclines,specific,medications_antibiotics_antibiotic,TRUE,,dose,dose|tablet|capsule|mg|g|ml|drop|puff|spray|patch|sachet|suppository|injection|unit,TRUE,Doxycycline Medications Antibiotics Tetracyclines,1698,TRUE,
medications_antibiotics_minocycline,Minocycline,Medications,Antibiotics,Tetracyclines,specific,medications_antibiotics_antibiotic,TRUE,,dose,dose|tablet|capsule|mg|g|ml|drop|puff|spray|patch|sachet|suppository|injection|unit,TRUE,Minocycline Medications Antibiotics Tetracyclines,1699,TRUE,
medications_antibiotics_tetracycline,Tetracycline,Medications,Antibiotics,Tetracyclines,specific,medications_antibiotics_antibiotic,TRUE,,dose,dose|tablet|capsule|mg|g|ml|drop|puff|spray|patch|sachet|suppository|injection|unit,TRUE,Tetracycline Medications Antibiotics Tetracyclines,1700,TRUE,
medications_antibiotics_tigecycline,Tigecycline,Medications,Antibiotics,Tetracyclines,specific,medications_antibiotics_antibiotic,TRUE,,dose,dose|tablet|capsule|mg|g|ml|drop|puff|spray|patch|sachet|suppository|injection|unit,TRUE,Tigecycline Medications Antibiotics Tetracyclines,1701,TRUE,
medications_antibiotics_ciprofloxacin,Ciprofloxacin,Medications,Antibiotics,Fluoroquinolones,specific,medications_antibiotics_antibiotic,TRUE,,dose,dose|tablet|capsule|mg|g|ml|drop|puff|spray|patch|sachet|suppository|injection|unit,TRUE,Ciprofloxacin Medications Antibiotics Fluoroquinolones,1702,TRUE,
medications_antibiotics_levofloxacin,Levofloxacin,Medications,Antibiotics,Fluoroquinolones,specific,medications_antibiotics_antibiotic,TRUE,,dose,dose|tablet|capsule|mg|g|ml|drop|puff|spray|patch|sachet|suppository|injection|unit,TRUE,Levofloxacin Medications Antibiotics Fluoroquinolones,1703,TRUE,
medications_antibiotics_moxifloxacin,Moxifloxacin,Medications,Antibiotics,Fluoroquinolones,specific,medications_antibiotics_antibiotic,TRUE,,dose,dose|tablet|capsule|mg|g|ml|drop|puff|spray|patch|sachet|suppository|injection|unit,TRUE,Moxifloxacin Medications Antibiotics Fluoroquinolones,1704,TRUE,
medications_antibiotics_ofloxacin,Ofloxacin,Medications,Antibiotics,Fluoroquinolones,specific,medications_antibiotics_antibiotic,TRUE,,dose,dose|tablet|capsule|mg|g|ml|drop|puff|spray|patch|sachet|suppository|injection|unit,TRUE,Ofloxacin Medications Antibiotics Fluoroquinolones,1705,TRUE,
medications_antibiotics_norfloxacin,Norfloxacin,Medications,Antibiotics,Fluoroquinolones,specific,medications_antibiotics_antibiotic,TRUE,,dose,dose|tablet|capsule|mg|g|ml|drop|puff|spray|patch|sachet|suppository|injection|unit,TRUE,Norfloxacin Medications Antibiotics Fluoroquinolones,1706,TRUE,
medications_antibiotics_trimethoprim_sulfamethoxazole,Trimethoprim-sulfamethoxazole,Medications,Antibiotics,Other antibiotics,specific,medications_antibiotics_antibiotic,TRUE,,dose,dose|tablet|capsule|mg|g|ml|drop|puff|spray|patch|sachet|suppository|injection|unit,TRUE,Trimethoprim-sulfamethoxazole Medications Antibiotics Other antibiotics,1707,TRUE,
medications_antibiotics_trimethoprim,Trimethoprim,Medications,Antibiotics,Other antibiotics,specific,medications_antibiotics_antibiotic,TRUE,,dose,dose|tablet|capsule|mg|g|ml|drop|puff|spray|patch|sachet|suppository|injection|unit,TRUE,Trimethoprim Medications Antibiotics Other antibiotics,1708,TRUE,
medications_antibiotics_nitrofurantoin,Nitrofurantoin,Medications,Antibiotics,Other antibiotics,specific,medications_antibiotics_antibiotic,TRUE,,dose,dose|tablet|capsule|mg|g|ml|drop|puff|spray|patch|sachet|suppository|injection|unit,TRUE,Nitrofurantoin Medications Antibiotics Other antibiotics,1709,TRUE,
medications_antibiotics_fosfomycin,Fosfomycin,Medications,Antibiotics,Other antibiotics,specific,medications_antibiotics_antibiotic,TRUE,,dose,dose|tablet|capsule|mg|g|ml|drop|puff|spray|patch|sachet|suppository|injection|unit,TRUE,Fosfomycin Medications Antibiotics Other antibiotics,1710,TRUE,
medications_antibiotics_metronidazole,Metronidazole,Medications,Antibiotics,Other antibiotics,specific,medications_antibiotics_antibiotic,TRUE,,dose,dose|tablet|capsule|mg|g|ml|drop|puff|spray|patch|sachet|suppository|injection|unit,TRUE,Metronidazole Medications Antibiotics Other antibiotics,1711,TRUE,
medications_antibiotics_tinidazole,Tinidazole,Medications,Antibiotics,Other antibiotics,specific,medications_antibiotics_antibiotic,TRUE,,dose,dose|tablet|capsule|mg|g|ml|drop|puff|spray|patch|sachet|suppository|injection|unit,TRUE,Tinidazole Medications Antibiotics Other antibiotics,1712,TRUE,
medications_antibiotics_clindamycin,Clindamycin,Medications,Antibiotics,Other antibiotics,specific,medications_antibiotics_antibiotic,TRUE,,dose,dose|tablet|capsule|mg|g|ml|drop|puff|spray|patch|sachet|suppository|injection|unit,TRUE,Clindamycin Medications Antibiotics Other antibiotics,1713,TRUE,
medications_antibiotics_vancomycin,Vancomycin,Medications,Antibiotics,Other antibiotics,specific,medications_antibiotics_antibiotic,TRUE,,dose,dose|tablet|capsule|mg|g|ml|drop|puff|spray|patch|sachet|suppository|injection|unit,TRUE,Vancomycin Medications Antibiotics Other antibiotics,1714,TRUE,
medications_antibiotics_linezolid,Linezolid,Medications,Antibiotics,Other antibiotics,specific,medications_antibiotics_antibiotic,TRUE,,dose,dose|tablet|capsule|mg|g|ml|drop|puff|spray|patch|sachet|suppository|injection|unit,TRUE,Linezolid Medications Antibiotics Other antibiotics,1715,TRUE,
medications_antibiotics_rifampicin,Rifampicin,Medications,Antibiotics,Other antibiotics,specific,medications_antibiotics_antibiotic,TRUE,,dose,dose|tablet|capsule|mg|g|ml|drop|puff|spray|patch|sachet|suppository|injection|unit,TRUE,Rifampicin Medications Antibiotics Other antibiotics,1716,TRUE,
medications_antibiotics_gentamicin,Gentamicin,Medications,Antibiotics,Other antibiotics,specific,medications_antibiotics_antibiotic,TRUE,,dose,dose|tablet|capsule|mg|g|ml|drop|puff|spray|patch|sachet|suppository|injection|unit,TRUE,Gentamicin Medications Antibiotics Other antibiotics,1717,TRUE,
medications_antibiotics_amikacin,Amikacin,Medications,Antibiotics,Other antibiotics,specific,medications_antibiotics_antibiotic,TRUE,,dose,dose|tablet|capsule|mg|g|ml|drop|puff|spray|patch|sachet|suppository|injection|unit,TRUE,Amikacin Medications Antibiotics Other antibiotics,1718,TRUE,
medications_antibiotics_tobramycin,Tobramycin,Medications,Antibiotics,Other antibiotics,specific,medications_antibiotics_antibiotic,TRUE,,dose,dose|tablet|capsule|mg|g|ml|drop|puff|spray|patch|sachet|suppository|injection|unit,TRUE,Tobramycin Medications Antibiotics Other antibiotics,1719,TRUE,
medications_antibiotics_meropenem,Meropenem,Medications,Antibiotics,Other antibiotics,specific,medications_antibiotics_antibiotic,TRUE,,dose,dose|tablet|capsule|mg|g|ml|drop|puff|spray|patch|sachet|suppository|injection|unit,TRUE,Meropenem Medications Antibiotics Other antibiotics,1720,TRUE,
medications_antibiotics_imipenem_cilastatin,Imipenem-cilastatin,Medications,Antibiotics,Other antibiotics,specific,medications_antibiotics_antibiotic,TRUE,,dose,dose|tablet|capsule|mg|g|ml|drop|puff|spray|patch|sachet|suppository|injection|unit,TRUE,Imipenem-cilastatin Medications Antibiotics Other antibiotics,1721,TRUE,
medications_antibiotics_ertapenem,Ertapenem,Medications,Antibiotics,Other antibiotics,specific,medications_antibiotics_antibiotic,TRUE,,dose,dose|tablet|capsule|mg|g|ml|drop|puff|spray|patch|sachet|suppository|injection|unit,TRUE,Ertapenem Medications Antibiotics Other antibiotics,1722,TRUE,
medications_antibiotics_colistin,Colistin,Medications,Antibiotics,Other antibiotics,specific,medications_antibiotics_antibiotic,TRUE,,dose,dose|tablet|capsule|mg|g|ml|drop|puff|spray|patch|sachet|suppository|injection|unit,TRUE,Colistin Medications Antibiotics Other antibiotics,1723,TRUE,
medications_antibiotics_chloramphenicol,Chloramphenicol,Medications,Antibiotics,Other antibiotics,specific,medications_antibiotics_antibiotic,TRUE,,dose,dose|tablet|capsule|mg|g|ml|drop|puff|spray|patch|sachet|suppository|injection|unit,TRUE,Chloramphenicol Medications Antibiotics Other antibiotics,1724,TRUE,
medications_antiviral_medicines_antiviral_medicine,Antiviral medicine,Medications,Antiviral medicines,General,general,,TRUE,,dose,dose|tablet|capsule|mg|g|ml|drop|puff|spray|patch|sachet|suppository|injection|unit,TRUE,Antiviral medicine Medications Antiviral medicines General,1725,TRUE,General option remains selectable when the user does not want to choose a specific item.
medications_antiviral_medicines_acyclovir,Acyclovir,Medications,Antiviral medicines,Herpes and influenza antivirals,specific,medications_antiviral_medicines_antiviral_medicine,TRUE,,dose,dose|tablet|capsule|mg|g|ml|drop|puff|spray|patch|sachet|suppository|injection|unit,TRUE,Acyclovir Medications Antiviral medicines Herpes and influenza antivirals,1726,TRUE,
medications_antiviral_medicines_valacyclovir,Valacyclovir,Medications,Antiviral medicines,Herpes and influenza antivirals,specific,medications_antiviral_medicines_antiviral_medicine,TRUE,,dose,dose|tablet|capsule|mg|g|ml|drop|puff|spray|patch|sachet|suppository|injection|unit,TRUE,Valacyclovir Medications Antiviral medicines Herpes and influenza antivirals,1727,TRUE,
medications_antiviral_medicines_famciclovir,Famciclovir,Medications,Antiviral medicines,Herpes and influenza antivirals,specific,medications_antiviral_medicines_antiviral_medicine,TRUE,,dose,dose|tablet|capsule|mg|g|ml|drop|puff|spray|patch|sachet|suppository|injection|unit,TRUE,Famciclovir Medications Antiviral medicines Herpes and influenza antivirals,1728,TRUE,
medications_antiviral_medicines_oseltamivir,Oseltamivir,Medications,Antiviral medicines,Herpes and influenza antivirals,specific,medications_antiviral_medicines_antiviral_medicine,TRUE,,dose,dose|tablet|capsule|mg|g|ml|drop|puff|spray|patch|sachet|suppository|injection|unit,TRUE,Oseltamivir Medications Antiviral medicines Herpes and influenza antivirals,1729,TRUE,
medications_antiviral_medicines_zanamivir,Zanamivir,Medications,Antiviral medicines,Herpes and influenza antivirals,specific,medications_antiviral_medicines_antiviral_medicine,TRUE,,dose,dose|tablet|capsule|mg|g|ml|drop|puff|spray|patch|sachet|suppository|injection|unit,TRUE,Zanamivir Medications Antiviral medicines Herpes and influenza antivirals,1730,TRUE,
medications_antiviral_medicines_baloxavir,Baloxavir,Medications,Antiviral medicines,Herpes and influenza antivirals,specific,medications_antiviral_medicines_antiviral_medicine,TRUE,,dose,dose|tablet|capsule|mg|g|ml|drop|puff|spray|patch|sachet|suppository|injection|unit,TRUE,Baloxavir Medications Antiviral medicines Herpes and influenza antivirals,1731,TRUE,
medications_antiviral_medicines_tenofovir,Tenofovir,Medications,Antiviral medicines,Hepatitis and other antivirals,specific,medications_antiviral_medicines_antiviral_medicine,TRUE,,dose,dose|tablet|capsule|mg|g|ml|drop|puff|spray|patch|sachet|suppository|injection|unit,TRUE,Tenofovir Medications Antiviral medicines Hepatitis and other antivirals,1732,TRUE,
medications_antiviral_medicines_entecavir,Entecavir,Medications,Antiviral medicines,Hepatitis and other antivirals,specific,medications_antiviral_medicines_antiviral_medicine,TRUE,,dose,dose|tablet|capsule|mg|g|ml|drop|puff|spray|patch|sachet|suppository|injection|unit,TRUE,Entecavir Medications Antiviral medicines Hepatitis and other antivirals,1733,TRUE,
medications_antiviral_medicines_sofosbuvir,Sofosbuvir,Medications,Antiviral medicines,Hepatitis and other antivirals,specific,medications_antiviral_medicines_antiviral_medicine,TRUE,,dose,dose|tablet|capsule|mg|g|ml|drop|puff|spray|patch|sachet|suppository|injection|unit,TRUE,Sofosbuvir Medications Antiviral medicines Hepatitis and other antivirals,1734,TRUE,
medications_antiviral_medicines_ledipasvir_sofosbuvir,Ledipasvir-sofosbuvir,Medications,Antiviral medicines,Hepatitis and other antivirals,specific,medications_antiviral_medicines_antiviral_medicine,TRUE,,dose,dose|tablet|capsule|mg|g|ml|drop|puff|spray|patch|sachet|suppository|injection|unit,TRUE,Ledipasvir-sofosbuvir Medications Antiviral medicines Hepatitis and other antivirals,1735,TRUE,
medications_antiviral_medicines_ribavirin,Ribavirin,Medications,Antiviral medicines,Hepatitis and other antivirals,specific,medications_antiviral_medicines_antiviral_medicine,TRUE,,dose,dose|tablet|capsule|mg|g|ml|drop|puff|spray|patch|sachet|suppository|injection|unit,TRUE,Ribavirin Medications Antiviral medicines Hepatitis and other antivirals,1736,TRUE,
medications_antiviral_medicines_remdesivir,Remdesivir,Medications,Antiviral medicines,Hepatitis and other antivirals,specific,medications_antiviral_medicines_antiviral_medicine,TRUE,,dose,dose|tablet|capsule|mg|g|ml|drop|puff|spray|patch|sachet|suppository|injection|unit,TRUE,Remdesivir Medications Antiviral medicines Hepatitis and other antivirals,1737,TRUE,
medications_antiviral_medicines_nirmatrelvir_ritonavir,Nirmatrelvir-ritonavir,Medications,Antiviral medicines,Hepatitis and other antivirals,specific,medications_antiviral_medicines_antiviral_medicine,TRUE,,dose,dose|tablet|capsule|mg|g|ml|drop|puff|spray|patch|sachet|suppository|injection|unit,TRUE,Nirmatrelvir-ritonavir Medications Antiviral medicines Hepatitis and other antivirals,1738,TRUE,
medications_antiviral_medicines_dolutegravir,Dolutegravir,Medications,Antiviral medicines,HIV antiretroviral medicines,specific,medications_antiviral_medicines_antiviral_medicine,TRUE,,dose,dose|tablet|capsule|mg|g|ml|drop|puff|spray|patch|sachet|suppository|injection|unit,TRUE,Dolutegravir Medications Antiviral medicines HIV antiretroviral medicines,1739,TRUE,
medications_antiviral_medicines_bictegravir,Bictegravir,Medications,Antiviral medicines,HIV antiretroviral medicines,specific,medications_antiviral_medicines_antiviral_medicine,TRUE,,dose,dose|tablet|capsule|mg|g|ml|drop|puff|spray|patch|sachet|suppository|injection|unit,TRUE,Bictegravir Medications Antiviral medicines HIV antiretroviral medicines,1740,TRUE,
medications_antiviral_medicines_efavirenz,Efavirenz,Medications,Antiviral medicines,HIV antiretroviral medicines,specific,medications_antiviral_medicines_antiviral_medicine,TRUE,,dose,dose|tablet|capsule|mg|g|ml|drop|puff|spray|patch|sachet|suppository|injection|unit,TRUE,Efavirenz Medications Antiviral medicines HIV antiretroviral medicines,1741,TRUE,
medications_antiviral_medicines_lamivudine,Lamivudine,Medications,Antiviral medicines,HIV antiretroviral medicines,specific,medications_antiviral_medicines_antiviral_medicine,TRUE,,dose,dose|tablet|capsule|mg|g|ml|drop|puff|spray|patch|sachet|suppository|injection|unit,TRUE,Lamivudine Medications Antiviral medicines HIV antiretroviral medicines,1742,TRUE,
medications_antiviral_medicines_emtricitabine,Emtricitabine,Medications,Antiviral medicines,HIV antiretroviral medicines,specific,medications_antiviral_medicines_antiviral_medicine,TRUE,,dose,dose|tablet|capsule|mg|g|ml|drop|puff|spray|patch|sachet|suppository|injection|unit,TRUE,Emtricitabine Medications Antiviral medicines HIV antiretroviral medicines,1743,TRUE,
medications_antiviral_medicines_abacavir,Abacavir,Medications,Antiviral medicines,HIV antiretroviral medicines,specific,medications_antiviral_medicines_antiviral_medicine,TRUE,,dose,dose|tablet|capsule|mg|g|ml|drop|puff|spray|patch|sachet|suppository|injection|unit,TRUE,Abacavir Medications Antiviral medicines HIV antiretroviral medicines,1744,TRUE,
medications_antiviral_medicines_darunavir,Darunavir,Medications,Antiviral medicines,HIV antiretroviral medicines,specific,medications_antiviral_medicines_antiviral_medicine,TRUE,,dose,dose|tablet|capsule|mg|g|ml|drop|puff|spray|patch|sachet|suppository|injection|unit,TRUE,Darunavir Medications Antiviral medicines HIV antiretroviral medicines,1745,TRUE,
medications_antiviral_medicines_ritonavir,Ritonavir,Medications,Antiviral medicines,HIV antiretroviral medicines,specific,medications_antiviral_medicines_antiviral_medicine,TRUE,,dose,dose|tablet|capsule|mg|g|ml|drop|puff|spray|patch|sachet|suppository|injection|unit,TRUE,Ritonavir Medications Antiviral medicines HIV antiretroviral medicines,1746,TRUE,
medications_antiviral_medicines_raltegravir,Raltegravir,Medications,Antiviral medicines,HIV antiretroviral medicines,specific,medications_antiviral_medicines_antiviral_medicine,TRUE,,dose,dose|tablet|capsule|mg|g|ml|drop|puff|spray|patch|sachet|suppository|injection|unit,TRUE,Raltegravir Medications Antiviral medicines HIV antiretroviral medicines,1747,TRUE,
medications_antifungal_medicines_antifungal_medicine,Antifungal medicine,Medications,Antifungal medicines,General,general,,TRUE,,dose,dose|tablet|capsule|mg|g|ml|drop|puff|spray|patch|sachet|suppository|injection|unit,TRUE,Antifungal medicine Medications Antifungal medicines General,1748,TRUE,General option remains selectable when the user does not want to choose a specific item.
medications_antifungal_medicines_fluconazole,Fluconazole,Medications,Antifungal medicines,Systemic antifungals,specific,medications_antifungal_medicines_antifungal_medicine,TRUE,,dose,dose|tablet|capsule|mg|g|ml|drop|puff|spray|patch|sachet|suppository|injection|unit,TRUE,Fluconazole Medications Antifungal medicines Systemic antifungals,1749,TRUE,
medications_antifungal_medicines_itraconazole,Itraconazole,Medications,Antifungal medicines,Systemic antifungals,specific,medications_antifungal_medicines_antifungal_medicine,TRUE,,dose,dose|tablet|capsule|mg|g|ml|drop|puff|spray|patch|sachet|suppository|injection|unit,TRUE,Itraconazole Medications Antifungal medicines Systemic antifungals,1750,TRUE,
medications_antifungal_medicines_voriconazole,Voriconazole,Medications,Antifungal medicines,Systemic antifungals,specific,medications_antifungal_medicines_antifungal_medicine,TRUE,,dose,dose|tablet|capsule|mg|g|ml|drop|puff|spray|patch|sachet|suppository|injection|unit,TRUE,Voriconazole Medications Antifungal medicines Systemic antifungals,1751,TRUE,
medications_antifungal_medicines_posaconazole,Posaconazole,Medications,Antifungal medicines,Systemic antifungals,specific,medications_antifungal_medicines_antifungal_medicine,TRUE,,dose,dose|tablet|capsule|mg|g|ml|drop|puff|spray|patch|sachet|suppository|injection|unit,TRUE,Posaconazole Medications Antifungal medicines Systemic antifungals,1752,TRUE,
medications_antifungal_medicines_terbinafine,Terbinafine,Medications,Antifungal medicines,Systemic antifungals,specific,medications_antifungal_medicines_antifungal_medicine,TRUE,,dose,dose|tablet|capsule|mg|g|ml|drop|puff|spray|patch|sachet|suppository|injection|unit,TRUE,Terbinafine Medications Antifungal medicines Systemic antifungals,1753,TRUE,
medications_antifungal_medicines_griseofulvin,Griseofulvin,Medications,Antifungal medicines,Systemic antifungals,specific,medications_antifungal_medicines_antifungal_medicine,TRUE,,dose,dose|tablet|capsule|mg|g|ml|drop|puff|spray|patch|sachet|suppository|injection|unit,TRUE,Griseofulvin Medications Antifungal medicines Systemic antifungals,1754,TRUE,
medications_antifungal_medicines_amphotericin_b,Amphotericin B,Medications,Antifungal medicines,Systemic antifungals,specific,medications_antifungal_medicines_antifungal_medicine,TRUE,,dose,dose|tablet|capsule|mg|g|ml|drop|puff|spray|patch|sachet|suppository|injection|unit,TRUE,Amphotericin B Medications Antifungal medicines Systemic antifungals,1755,TRUE,
medications_antifungal_medicines_caspofungin,Caspofungin,Medications,Antifungal medicines,Systemic antifungals,specific,medications_antifungal_medicines_antifungal_medicine,TRUE,,dose,dose|tablet|capsule|mg|g|ml|drop|puff|spray|patch|sachet|suppository|injection|unit,TRUE,Caspofungin Medications Antifungal medicines Systemic antifungals,1756,TRUE,
medications_antifungal_medicines_micafungin,Micafungin,Medications,Antifungal medicines,Systemic antifungals,specific,medications_antifungal_medicines_antifungal_medicine,TRUE,,dose,dose|tablet|capsule|mg|g|ml|drop|puff|spray|patch|sachet|suppository|injection|unit,TRUE,Micafungin Medications Antifungal medicines Systemic antifungals,1757,TRUE,
medications_antifungal_medicines_clotrimazole,Clotrimazole,Medications,Antifungal medicines,Topical and local antifungals,specific,medications_antifungal_medicines_antifungal_medicine,TRUE,,dose,dose|tablet|capsule|mg|g|ml|drop|puff|spray|patch|sachet|suppository|injection|unit,TRUE,Clotrimazole Medications Antifungal medicines Topical and local antifungals,1758,TRUE,
medications_antifungal_medicines_miconazole,Miconazole,Medications,Antifungal medicines,Topical and local antifungals,specific,medications_antifungal_medicines_antifungal_medicine,TRUE,,dose,dose|tablet|capsule|mg|g|ml|drop|puff|spray|patch|sachet|suppository|injection|unit,TRUE,Miconazole Medications Antifungal medicines Topical and local antifungals,1759,TRUE,
medications_antifungal_medicines_ketoconazole,Ketoconazole,Medications,Antifungal medicines,Topical and local antifungals,specific,medications_antifungal_medicines_antifungal_medicine,TRUE,,dose,dose|tablet|capsule|mg|g|ml|drop|puff|spray|patch|sachet|suppository|injection|unit,TRUE,Ketoconazole Medications Antifungal medicines Topical and local antifungals,1760,TRUE,
medications_antifungal_medicines_nystatin,Nystatin,Medications,Antifungal medicines,Topical and local antifungals,specific,medications_antifungal_medicines_antifungal_medicine,TRUE,,dose,dose|tablet|capsule|mg|g|ml|drop|puff|spray|patch|sachet|suppository|injection|unit,TRUE,Nystatin Medications Antifungal medicines Topical and local antifungals,1761,TRUE,
medications_antifungal_medicines_econazole,Econazole,Medications,Antifungal medicines,Topical and local antifungals,specific,medications_antifungal_medicines_antifungal_medicine,TRUE,,dose,dose|tablet|capsule|mg|g|ml|drop|puff|spray|patch|sachet|suppository|injection|unit,TRUE,Econazole Medications Antifungal medicines Topical and local antifungals,1762,TRUE,
medications_antifungal_medicines_ciclopirox,Ciclopirox,Medications,Antifungal medicines,Topical and local antifungals,specific,medications_antifungal_medicines_antifungal_medicine,TRUE,,dose,dose|tablet|capsule|mg|g|ml|drop|puff|spray|patch|sachet|suppository|injection|unit,TRUE,Ciclopirox Medications Antifungal medicines Topical and local antifungals,1763,TRUE,
medications_antifungal_medicines_butenafine,Butenafine,Medications,Antifungal medicines,Topical and local antifungals,specific,medications_antifungal_medicines_antifungal_medicine,TRUE,,dose,dose|tablet|capsule|mg|g|ml|drop|puff|spray|patch|sachet|suppository|injection|unit,TRUE,Butenafine Medications Antifungal medicines Topical and local antifungals,1764,TRUE,
medications_antifungal_medicines_tolnaftate,Tolnaftate,Medications,Antifungal medicines,Topical and local antifungals,specific,medications_antifungal_medicines_antifungal_medicine,TRUE,,dose,dose|tablet|capsule|mg|g|ml|drop|puff|spray|patch|sachet|suppository|injection|unit,TRUE,Tolnaftate Medications Antifungal medicines Topical and local antifungals,1765,TRUE,
medications_stomach_and_acid_medicines_stomach_or_acid_medicine,Stomach or acid medicine,Medications,Stomach and acid medicines,General,general,,TRUE,,dose,dose|tablet|capsule|mg|g|ml|drop|puff|spray|patch|sachet|suppository|injection|unit,TRUE,Stomach or acid medicine Medications Stomach and acid medicines General,1766,TRUE,General option remains selectable when the user does not want to choose a specific item.
medications_stomach_and_acid_medicines_omeprazole,Omeprazole,Medications,Stomach and acid medicines,Acid reducers,specific,medications_stomach_and_acid_medicines_stomach_or_acid_medicine,TRUE,,dose,dose|tablet|capsule|mg|g|ml|drop|puff|spray|patch|sachet|suppository|injection|unit,TRUE,Omeprazole Medications Stomach and acid medicines Acid reducers,1767,TRUE,
medications_stomach_and_acid_medicines_esomeprazole,Esomeprazole,Medications,Stomach and acid medicines,Acid reducers,specific,medications_stomach_and_acid_medicines_stomach_or_acid_medicine,TRUE,,dose,dose|tablet|capsule|mg|g|ml|drop|puff|spray|patch|sachet|suppository|injection|unit,TRUE,Esomeprazole Medications Stomach and acid medicines Acid reducers,1768,TRUE,
medications_stomach_and_acid_medicines_lansoprazole,Lansoprazole,Medications,Stomach and acid medicines,Acid reducers,specific,medications_stomach_and_acid_medicines_stomach_or_acid_medicine,TRUE,,dose,dose|tablet|capsule|mg|g|ml|drop|puff|spray|patch|sachet|suppository|injection|unit,TRUE,Lansoprazole Medications Stomach and acid medicines Acid reducers,1769,TRUE,
medications_stomach_and_acid_medicines_pantoprazole,Pantoprazole,Medications,Stomach and acid medicines,Acid reducers,specific,medications_stomach_and_acid_medicines_stomach_or_acid_medicine,TRUE,,dose,dose|tablet|capsule|mg|g|ml|drop|puff|spray|patch|sachet|suppository|injection|unit,TRUE,Pantoprazole Medications Stomach and acid medicines Acid reducers,1770,TRUE,
medications_stomach_and_acid_medicines_rabeprazole,Rabeprazole,Medications,Stomach and acid medicines,Acid reducers,specific,medications_stomach_and_acid_medicines_stomach_or_acid_medicine,TRUE,,dose,dose|tablet|capsule|mg|g|ml|drop|puff|spray|patch|sachet|suppository|injection|unit,TRUE,Rabeprazole Medications Stomach and acid medicines Acid reducers,1771,TRUE,
medications_stomach_and_acid_medicines_famotidine,Famotidine,Medications,Stomach and acid medicines,Acid reducers,specific,medications_stomach_and_acid_medicines_stomach_or_acid_medicine,TRUE,,dose,dose|tablet|capsule|mg|g|ml|drop|puff|spray|patch|sachet|suppository|injection|unit,TRUE,Famotidine Medications Stomach and acid medicines Acid reducers,1772,TRUE,
medications_stomach_and_acid_medicines_cimetidine,Cimetidine,Medications,Stomach and acid medicines,Acid reducers,specific,medications_stomach_and_acid_medicines_stomach_or_acid_medicine,TRUE,,dose,dose|tablet|capsule|mg|g|ml|drop|puff|spray|patch|sachet|suppository|injection|unit,TRUE,Cimetidine Medications Stomach and acid medicines Acid reducers,1773,TRUE,
medications_stomach_and_acid_medicines_nizatidine,Nizatidine,Medications,Stomach and acid medicines,Acid reducers,specific,medications_stomach_and_acid_medicines_stomach_or_acid_medicine,TRUE,,dose,dose|tablet|capsule|mg|g|ml|drop|puff|spray|patch|sachet|suppository|injection|unit,TRUE,Nizatidine Medications Stomach and acid medicines Acid reducers,1774,TRUE,
medications_stomach_and_acid_medicines_calcium_carbonate_antacid,Calcium carbonate antacid,Medications,Stomach and acid medicines,Antacids and protectants,specific,medications_stomach_and_acid_medicines_stomach_or_acid_medicine,TRUE,,dose,dose|tablet|capsule|mg|g|ml|drop|puff|spray|patch|sachet|suppository|injection|unit,TRUE,Calcium carbonate antacid Medications Stomach and acid medicines Antacids and protectants,1775,TRUE,
medications_stomach_and_acid_medicines_magnesium_hydroxide_antacid,Magnesium hydroxide antacid,Medications,Stomach and acid medicines,Antacids and protectants,specific,medications_stomach_and_acid_medicines_stomach_or_acid_medicine,TRUE,,dose,dose|tablet|capsule|mg|g|ml|drop|puff|spray|patch|sachet|suppository|injection|unit,TRUE,Magnesium hydroxide antacid Medications Stomach and acid medicines Antacids and protectants,1776,TRUE,
medications_stomach_and_acid_medicines_aluminum_hydroxide_antacid,Aluminum hydroxide antacid,Medications,Stomach and acid medicines,Antacids and protectants,specific,medications_stomach_and_acid_medicines_stomach_or_acid_medicine,TRUE,,dose,dose|tablet|capsule|mg|g|ml|drop|puff|spray|patch|sachet|suppository|injection|unit,TRUE,Aluminum hydroxide antacid Medications Stomach and acid medicines Antacids and protectants,1777,TRUE,
medications_stomach_and_acid_medicines_sodium_bicarbonate_antacid,Sodium bicarbonate antacid,Medications,Stomach and acid medicines,Antacids and protectants,specific,medications_stomach_and_acid_medicines_stomach_or_acid_medicine,TRUE,,dose,dose|tablet|capsule|mg|g|ml|drop|puff|spray|patch|sachet|suppository|injection|unit,TRUE,Sodium bicarbonate antacid Medications Stomach and acid medicines Antacids and protectants,1778,TRUE,
medications_stomach_and_acid_medicines_alginate_antacid,Alginate antacid,Medications,Stomach and acid medicines,Antacids and protectants,specific,medications_stomach_and_acid_medicines_stomach_or_acid_medicine,TRUE,,dose,dose|tablet|capsule|mg|g|ml|drop|puff|spray|patch|sachet|suppository|injection|unit,TRUE,Alginate antacid Medications Stomach and acid medicines Antacids and protectants,1779,TRUE,
medications_stomach_and_acid_medicines_sucralfate,Sucralfate,Medications,Stomach and acid medicines,Antacids and protectants,specific,medications_stomach_and_acid_medicines_stomach_or_acid_medicine,TRUE,,dose,dose|tablet|capsule|mg|g|ml|drop|puff|spray|patch|sachet|suppository|injection|unit,TRUE,Sucralfate Medications Stomach and acid medicines Antacids and protectants,1780,TRUE,
medications_stomach_and_acid_medicines_bismuth_subsalicylate,Bismuth subsalicylate,Medications,Stomach and acid medicines,Antacids and protectants,specific,medications_stomach_and_acid_medicines_stomach_or_acid_medicine,TRUE,,dose,dose|tablet|capsule|mg|g|ml|drop|puff|spray|patch|sachet|suppository|injection|unit,TRUE,Bismuth subsalicylate Medications Stomach and acid medicines Antacids and protectants,1781,TRUE,
medications_nausea_and_vomiting_medicines_nausea_or_vomiting_medicine,Nausea or vomiting medicine,Medications,Nausea and vomiting medicines,General,general,,TRUE,,dose,dose|tablet|capsule|mg|g|ml|drop|puff|spray|patch|sachet|suppository|injection|unit,TRUE,Nausea or vomiting medicine Medications Nausea and vomiting medicines General,1782,TRUE,General option remains selectable when the user does not want to choose a specific item.
medications_nausea_and_vomiting_medicines_ondansetron,Ondansetron,Medications,Nausea and vomiting medicines,Antiemetics,specific,medications_nausea_and_vomiting_medicines_nausea_or_vomiting_medicine,TRUE,,dose,dose|tablet|capsule|mg|g|ml|drop|puff|spray|patch|sachet|suppository|injection|unit,TRUE,Ondansetron Medications Nausea and vomiting medicines Antiemetics,1783,TRUE,
medications_nausea_and_vomiting_medicines_metoclopramide,Metoclopramide,Medications,Nausea and vomiting medicines,Antiemetics,specific,medications_nausea_and_vomiting_medicines_nausea_or_vomiting_medicine,TRUE,,dose,dose|tablet|capsule|mg|g|ml|drop|puff|spray|patch|sachet|suppository|injection|unit,TRUE,Metoclopramide Medications Nausea and vomiting medicines Antiemetics,1784,TRUE,
medications_nausea_and_vomiting_medicines_domperidone,Domperidone,Medications,Nausea and vomiting medicines,Antiemetics,specific,medications_nausea_and_vomiting_medicines_nausea_or_vomiting_medicine,TRUE,,dose,dose|tablet|capsule|mg|g|ml|drop|puff|spray|patch|sachet|suppository|injection|unit,TRUE,Domperidone Medications Nausea and vomiting medicines Antiemetics,1785,TRUE,
medications_nausea_and_vomiting_medicines_prochlorperazine,Prochlorperazine,Medications,Nausea and vomiting medicines,Antiemetics,specific,medications_nausea_and_vomiting_medicines_nausea_or_vomiting_medicine,TRUE,,dose,dose|tablet|capsule|mg|g|ml|drop|puff|spray|patch|sachet|suppository|injection|unit,TRUE,Prochlorperazine Medications Nausea and vomiting medicines Antiemetics,1786,TRUE,
medications_nausea_and_vomiting_medicines_cyclizine,Cyclizine,Medications,Nausea and vomiting medicines,Antiemetics,specific,medications_nausea_and_vomiting_medicines_nausea_or_vomiting_medicine,TRUE,,dose,dose|tablet|capsule|mg|g|ml|drop|puff|spray|patch|sachet|suppository|injection|unit,TRUE,Cyclizine Medications Nausea and vomiting medicines Antiemetics,1787,TRUE,
medications_nausea_and_vomiting_medicines_meclizine,Meclizine,Medications,Nausea and vomiting medicines,Antiemetics,specific,medications_nausea_and_vomiting_medicines_nausea_or_vomiting_medicine,TRUE,,dose,dose|tablet|capsule|mg|g|ml|drop|puff|spray|patch|sachet|suppository|injection|unit,TRUE,Meclizine Medications Nausea and vomiting medicines Antiemetics,1788,TRUE,
medications_nausea_and_vomiting_medicines_dimenhydrinate,Dimenhydrinate,Medications,Nausea and vomiting medicines,Antiemetics,specific,medications_nausea_and_vomiting_medicines_nausea_or_vomiting_medicine,TRUE,,dose,dose|tablet|capsule|mg|g|ml|drop|puff|spray|patch|sachet|suppository|injection|unit,TRUE,Dimenhydrinate Medications Nausea and vomiting medicines Antiemetics,1789,TRUE,
medications_nausea_and_vomiting_medicines_granisetron,Granisetron,Medications,Nausea and vomiting medicines,Antiemetics,specific,medications_nausea_and_vomiting_medicines_nausea_or_vomiting_medicine,TRUE,,dose,dose|tablet|capsule|mg|g|ml|drop|puff|spray|patch|sachet|suppository|injection|unit,TRUE,Granisetron Medications Nausea and vomiting medicines Antiemetics,1790,TRUE,
medications_nausea_and_vomiting_medicines_aprepitant,Aprepitant,Medications,Nausea and vomiting medicines,Antiemetics,specific,medications_nausea_and_vomiting_medicines_nausea_or_vomiting_medicine,TRUE,,dose,dose|tablet|capsule|mg|g|ml|drop|puff|spray|patch|sachet|suppository|injection|unit,TRUE,Aprepitant Medications Nausea and vomiting medicines Antiemetics,1791,TRUE,
medications_nausea_and_vomiting_medicines_scopolamine_patch,Scopolamine patch,Medications,Nausea and vomiting medicines,Antiemetics,specific,medications_nausea_and_vomiting_medicines_nausea_or_vomiting_medicine,TRUE,,dose,dose|tablet|capsule|mg|g|ml|drop|puff|spray|patch|sachet|suppository|injection|unit,TRUE,Scopolamine patch Medications Nausea and vomiting medicines Antiemetics,1792,TRUE,
medications_diarrhea_and_bowel_medicines_diarrhea_or_bowel_medicine,Diarrhea or bowel medicine,Medications,Diarrhea and bowel medicines,General,general,,TRUE,,dose,dose|tablet|capsule|mg|g|ml|drop|puff|spray|patch|sachet|suppository|injection|unit,TRUE,Diarrhea or bowel medicine Medications Diarrhea and bowel medicines General,1793,TRUE,General option remains selectable when the user does not want to choose a specific item.
medications_diarrhea_and_bowel_medicines_loperamide,Loperamide,Medications,Diarrhea and bowel medicines,Diarrhea treatments,specific,medications_diarrhea_and_bowel_medicines_diarrhea_or_bowel_medicine,TRUE,,dose,dose|tablet|capsule|mg|g|ml|drop|puff|spray|patch|sachet|suppository|injection|unit,TRUE,Loperamide Medications Diarrhea and bowel medicines Diarrhea treatments,1794,TRUE,
medications_diarrhea_and_bowel_medicines_diphenoxylate_atropine,Diphenoxylate-atropine,Medications,Diarrhea and bowel medicines,Diarrhea treatments,specific,medications_diarrhea_and_bowel_medicines_diarrhea_or_bowel_medicine,TRUE,,dose,dose|tablet|capsule|mg|g|ml|drop|puff|spray|patch|sachet|suppository|injection|unit,TRUE,Diphenoxylate-atropine Medications Diarrhea and bowel medicines Diarrhea treatments,1795,TRUE,
medications_diarrhea_and_bowel_medicines_racecadotril,Racecadotril,Medications,Diarrhea and bowel medicines,Diarrhea treatments,specific,medications_diarrhea_and_bowel_medicines_diarrhea_or_bowel_medicine,TRUE,,dose,dose|tablet|capsule|mg|g|ml|drop|puff|spray|patch|sachet|suppository|injection|unit,TRUE,Racecadotril Medications Diarrhea and bowel medicines Diarrhea treatments,1796,TRUE,
medications_diarrhea_and_bowel_medicines_oral_rehydration_salts,Oral rehydration salts,Medications,Diarrhea and bowel medicines,Diarrhea treatments,specific,medications_diarrhea_and_bowel_medicines_diarrhea_or_bowel_medicine,TRUE,,dose,dose|tablet|capsule|mg|g|ml|drop|puff|spray|patch|sachet|suppository|injection|unit,TRUE,Oral rehydration salts Medications Diarrhea and bowel medicines Diarrhea treatments,1797,TRUE,
medications_diarrhea_and_bowel_medicines_psyllium,Psyllium,Medications,Diarrhea and bowel medicines,Laxatives and stool softeners,specific,medications_diarrhea_and_bowel_medicines_diarrhea_or_bowel_medicine,TRUE,,dose,dose|tablet|capsule|mg|g|ml|drop|puff|spray|patch|sachet|suppository|injection|unit,TRUE,Psyllium Medications Diarrhea and bowel medicines Laxatives and stool softeners,1798,TRUE,
medications_diarrhea_and_bowel_medicines_methylcellulose,Methylcellulose,Medications,Diarrhea and bowel medicines,Laxatives and stool softeners,specific,medications_diarrhea_and_bowel_medicines_diarrhea_or_bowel_medicine,TRUE,,dose,dose|tablet|capsule|mg|g|ml|drop|puff|spray|patch|sachet|suppository|injection|unit,TRUE,Methylcellulose Medications Diarrhea and bowel medicines Laxatives and stool softeners,1799,TRUE,
medications_diarrhea_and_bowel_medicines_polyethylene_glycol,Polyethylene glycol,Medications,Diarrhea and bowel medicines,Laxatives and stool softeners,specific,medications_diarrhea_and_bowel_medicines_diarrhea_or_bowel_medicine,TRUE,,dose,dose|tablet|capsule|mg|g|ml|drop|puff|spray|patch|sachet|suppository|injection|unit,TRUE,Polyethylene glycol Medications Diarrhea and bowel medicines Laxatives and stool softeners,1800,TRUE,
medications_diarrhea_and_bowel_medicines_lactulose,Lactulose,Medications,Diarrhea and bowel medicines,Laxatives and stool softeners,specific,medications_diarrhea_and_bowel_medicines_diarrhea_or_bowel_medicine,TRUE,,dose,dose|tablet|capsule|mg|g|ml|drop|puff|spray|patch|sachet|suppository|injection|unit,TRUE,Lactulose Medications Diarrhea and bowel medicines Laxatives and stool softeners,1801,TRUE,
medications_diarrhea_and_bowel_medicines_bisacodyl,Bisacodyl,Medications,Diarrhea and bowel medicines,Laxatives and stool softeners,specific,medications_diarrhea_and_bowel_medicines_diarrhea_or_bowel_medicine,TRUE,,dose,dose|tablet|capsule|mg|g|ml|drop|puff|spray|patch|sachet|suppository|injection|unit,TRUE,Bisacodyl Medications Diarrhea and bowel medicines Laxatives and stool softeners,1802,TRUE,
medications_diarrhea_and_bowel_medicines_senna,Senna,Medications,Diarrhea and bowel medicines,Laxatives and stool softeners,specific,medications_diarrhea_and_bowel_medicines_diarrhea_or_bowel_medicine,TRUE,,dose,dose|tablet|capsule|mg|g|ml|drop|puff|spray|patch|sachet|suppository|injection|unit,TRUE,Senna Medications Diarrhea and bowel medicines Laxatives and stool softeners,1803,TRUE,
medications_diarrhea_and_bowel_medicines_docusate,Docusate,Medications,Diarrhea and bowel medicines,Laxatives and stool softeners,specific,medications_diarrhea_and_bowel_medicines_diarrhea_or_bowel_medicine,TRUE,,dose,dose|tablet|capsule|mg|g|ml|drop|puff|spray|patch|sachet|suppository|injection|unit,TRUE,Docusate Medications Diarrhea and bowel medicines Laxatives and stool softeners,1804,TRUE,
medications_diarrhea_and_bowel_medicines_glycerin_suppository,Glycerin suppository,Medications,Diarrhea and bowel medicines,Laxatives and stool softeners,specific,medications_diarrhea_and_bowel_medicines_diarrhea_or_bowel_medicine,TRUE,,dose,dose|tablet|capsule|mg|g|ml|drop|puff|spray|patch|sachet|suppository|injection|unit,TRUE,Glycerin suppository Medications Diarrhea and bowel medicines Laxatives and stool softeners,1805,TRUE,
medications_diarrhea_and_bowel_medicines_magnesium_citrate,Magnesium citrate,Medications,Diarrhea and bowel medicines,Laxatives and stool softeners,specific,medications_diarrhea_and_bowel_medicines_diarrhea_or_bowel_medicine,TRUE,,dose,dose|tablet|capsule|mg|g|ml|drop|puff|spray|patch|sachet|suppository|injection|unit,TRUE,Magnesium citrate Medications Diarrhea and bowel medicines Laxatives and stool softeners,1806,TRUE,
medications_diarrhea_and_bowel_medicines_sodium_picosulfate,Sodium picosulfate,Medications,Diarrhea and bowel medicines,Laxatives and stool softeners,specific,medications_diarrhea_and_bowel_medicines_diarrhea_or_bowel_medicine,TRUE,,dose,dose|tablet|capsule|mg|g|ml|drop|puff|spray|patch|sachet|suppository|injection|unit,TRUE,Sodium picosulfate Medications Diarrhea and bowel medicines Laxatives and stool softeners,1807,TRUE,
medications_diarrhea_and_bowel_medicines_mineral_oil_laxative,Mineral oil laxative,Medications,Diarrhea and bowel medicines,Laxatives and stool softeners,specific,medications_diarrhea_and_bowel_medicines_diarrhea_or_bowel_medicine,TRUE,,dose,dose|tablet|capsule|mg|g|ml|drop|puff|spray|patch|sachet|suppository|injection|unit,TRUE,Mineral oil laxative Medications Diarrhea and bowel medicines Laxatives and stool softeners,1808,TRUE,
medications_diarrhea_and_bowel_medicines_enema,Enema,Medications,Diarrhea and bowel medicines,Laxatives and stool softeners,specific,medications_diarrhea_and_bowel_medicines_diarrhea_or_bowel_medicine,TRUE,,dose,dose|tablet|capsule|mg|g|ml|drop|puff|spray|patch|sachet|suppository|injection|unit,TRUE,Enema Medications Diarrhea and bowel medicines Laxatives and stool softeners,1809,TRUE,
medications_inflammatory_bowel_medicines_inflammatory_bowel_medicine,Inflammatory bowel medicine,Medications,Inflammatory bowel medicines,General,general,,TRUE,,dose,dose|tablet|capsule|mg|g|ml|drop|puff|spray|patch|sachet|suppository|injection|unit,TRUE,Inflammatory bowel medicine Medications Inflammatory bowel medicines General,1810,TRUE,General option remains selectable when the user does not want to choose a specific item.
medications_inflammatory_bowel_medicines_mesalamine,Mesalamine,Medications,Inflammatory bowel medicines,IBD treatments,specific,medications_inflammatory_bowel_medicines_inflammatory_bowel_medicine,TRUE,,dose,dose|tablet|capsule|mg|g|ml|drop|puff|spray|patch|sachet|suppository|injection|unit,TRUE,Mesalamine Medications Inflammatory bowel medicines IBD treatments,1811,TRUE,
medications_inflammatory_bowel_medicines_sulfasalazine,Sulfasalazine,Medications,Inflammatory bowel medicines,IBD treatments,specific,medications_inflammatory_bowel_medicines_inflammatory_bowel_medicine,TRUE,,dose,dose|tablet|capsule|mg|g|ml|drop|puff|spray|patch|sachet|suppository|injection|unit,TRUE,Sulfasalazine Medications Inflammatory bowel medicines IBD treatments,1812,TRUE,
medications_inflammatory_bowel_medicines_balsalazide,Balsalazide,Medications,Inflammatory bowel medicines,IBD treatments,specific,medications_inflammatory_bowel_medicines_inflammatory_bowel_medicine,TRUE,,dose,dose|tablet|capsule|mg|g|ml|drop|puff|spray|patch|sachet|suppository|injection|unit,TRUE,Balsalazide Medications Inflammatory bowel medicines IBD treatments,1813,TRUE,
medications_inflammatory_bowel_medicines_budesonide_gastrointestinal,Budesonide gastrointestinal,Medications,Inflammatory bowel medicines,IBD treatments,specific,medications_inflammatory_bowel_medicines_inflammatory_bowel_medicine,TRUE,,dose,dose|tablet|capsule|mg|g|ml|drop|puff|spray|patch|sachet|suppository|injection|unit,TRUE,Budesonide gastrointestinal Medications Inflammatory bowel medicines IBD treatments,1814,TRUE,
medications_inflammatory_bowel_medicines_azathioprine,Azathioprine,Medications,Inflammatory bowel medicines,IBD treatments,specific,medications_inflammatory_bowel_medicines_inflammatory_bowel_medicine,TRUE,,dose,dose|tablet|capsule|mg|g|ml|drop|puff|spray|patch|sachet|suppository|injection|unit,TRUE,Azathioprine Medications Inflammatory bowel medicines IBD treatments,1815,TRUE,
medications_inflammatory_bowel_medicines_mercaptopurine,Mercaptopurine,Medications,Inflammatory bowel medicines,IBD treatments,specific,medications_inflammatory_bowel_medicines_inflammatory_bowel_medicine,TRUE,,dose,dose|tablet|capsule|mg|g|ml|drop|puff|spray|patch|sachet|suppository|injection|unit,TRUE,Mercaptopurine Medications Inflammatory bowel medicines IBD treatments,1816,TRUE,
medications_inflammatory_bowel_medicines_vedolizumab,Vedolizumab,Medications,Inflammatory bowel medicines,IBD treatments,specific,medications_inflammatory_bowel_medicines_inflammatory_bowel_medicine,TRUE,,dose,dose|tablet|capsule|mg|g|ml|drop|puff|spray|patch|sachet|suppository|injection|unit,TRUE,Vedolizumab Medications Inflammatory bowel medicines IBD treatments,1817,TRUE,
medications_inflammatory_bowel_medicines_ustekinumab_ibd,Ustekinumab IBD,Medications,Inflammatory bowel medicines,IBD treatments,specific,medications_inflammatory_bowel_medicines_inflammatory_bowel_medicine,TRUE,,dose,dose|tablet|capsule|mg|g|ml|drop|puff|spray|patch|sachet|suppository|injection|unit,TRUE,Ustekinumab IBD Medications Inflammatory bowel medicines IBD treatments,1818,TRUE,
medications_cough_and_cold_medicines_cough_or_cold_medicine,Cough or cold medicine,Medications,Cough and cold medicines,General,general,,TRUE,,dose,dose|tablet|capsule|mg|g|ml|drop|puff|spray|patch|sachet|suppository|injection|unit,TRUE,Cough or cold medicine Medications Cough and cold medicines General,1819,TRUE,General option remains selectable when the user does not want to choose a specific item.
medications_cough_and_cold_medicines_dextromethorphan,Dextromethorphan,Medications,Cough and cold medicines,Cough suppressants and expectorants,specific,medications_cough_and_cold_medicines_cough_or_cold_medicine,TRUE,,dose,dose|tablet|capsule|mg|g|ml|drop|puff|spray|patch|sachet|suppository|injection|unit,TRUE,Dextromethorphan Medications Cough and cold medicines Cough suppressants and expectorants,1820,TRUE,
medications_cough_and_cold_medicines_guaifenesin,Guaifenesin,Medications,Cough and cold medicines,Cough suppressants and expectorants,specific,medications_cough_and_cold_medicines_cough_or_cold_medicine,TRUE,,dose,dose|tablet|capsule|mg|g|ml|drop|puff|spray|patch|sachet|suppository|injection|unit,TRUE,Guaifenesin Medications Cough and cold medicines Cough suppressants and expectorants,1821,TRUE,
medications_cough_and_cold_medicines_benzonatate,Benzonatate,Medications,Cough and cold medicines,Cough suppressants and expectorants,specific,medications_cough_and_cold_medicines_cough_or_cold_medicine,TRUE,,dose,dose|tablet|capsule|mg|g|ml|drop|puff|spray|patch|sachet|suppository|injection|unit,TRUE,Benzonatate Medications Cough and cold medicines Cough suppressants and expectorants,1822,TRUE,
medications_cough_and_cold_medicines_codeine_cough_syrup,Codeine cough syrup,Medications,Cough and cold medicines,Cough suppressants and expectorants,specific,medications_cough_and_cold_medicines_cough_or_cold_medicine,TRUE,,dose,dose|tablet|capsule|mg|g|ml|drop|puff|spray|patch|sachet|suppository|injection|unit,TRUE,Codeine cough syrup Medications Cough and cold medicines Cough suppressants and expectorants,1823,TRUE,
medications_cough_and_cold_medicines_acetylcysteine,Acetylcysteine,Medications,Cough and cold medicines,Cough suppressants and expectorants,specific,medications_cough_and_cold_medicines_cough_or_cold_medicine,TRUE,,dose,dose|tablet|capsule|mg|g|ml|drop|puff|spray|patch|sachet|suppository|injection|unit,TRUE,Acetylcysteine Medications Cough and cold medicines Cough suppressants and expectorants,1824,TRUE,
medications_cough_and_cold_medicines_carbocisteine,Carbocisteine,Medications,Cough and cold medicines,Cough suppressants and expectorants,specific,medications_cough_and_cold_medicines_cough_or_cold_medicine,TRUE,,dose,dose|tablet|capsule|mg|g|ml|drop|puff|spray|patch|sachet|suppository|injection|unit,TRUE,Carbocisteine Medications Cough and cold medicines Cough suppressants and expectorants,1825,TRUE,
medications_cough_and_cold_medicines_bromhexine,Bromhexine,Medications,Cough and cold medicines,Cough suppressants and expectorants,specific,medications_cough_and_cold_medicines_cough_or_cold_medicine,TRUE,,dose,dose|tablet|capsule|mg|g|ml|drop|puff|spray|patch|sachet|suppository|injection|unit,TRUE,Bromhexine Medications Cough and cold medicines Cough suppressants and expectorants,1826,TRUE,
medications_cough_and_cold_medicines_ambroxol,Ambroxol,Medications,Cough and cold medicines,Cough suppressants and expectorants,specific,medications_cough_and_cold_medicines_cough_or_cold_medicine,TRUE,,dose,dose|tablet|capsule|mg|g|ml|drop|puff|spray|patch|sachet|suppository|injection|unit,TRUE,Ambroxol Medications Cough and cold medicines Cough suppressants and expectorants,1827,TRUE,
medications_cough_and_cold_medicines_pseudoephedrine,Pseudoephedrine,Medications,Cough and cold medicines,Decongestants,specific,medications_cough_and_cold_medicines_cough_or_cold_medicine,TRUE,,dose,dose|tablet|capsule|mg|g|ml|drop|puff|spray|patch|sachet|suppository|injection|unit,TRUE,Pseudoephedrine Medications Cough and cold medicines Decongestants,1828,TRUE,
medications_cough_and_cold_medicines_phenylephrine,Phenylephrine,Medications,Cough and cold medicines,Decongestants,specific,medications_cough_and_cold_medicines_cough_or_cold_medicine,TRUE,,dose,dose|tablet|capsule|mg|g|ml|drop|puff|spray|patch|sachet|suppository|injection|unit,TRUE,Phenylephrine Medications Cough and cold medicines Decongestants,1829,TRUE,
medications_cough_and_cold_medicines_oxymetazoline_nasal_spray,Oxymetazoline nasal spray,Medications,Cough and cold medicines,Decongestants,specific,medications_cough_and_cold_medicines_cough_or_cold_medicine,TRUE,,dose,dose|tablet|capsule|mg|g|ml|drop|puff|spray|patch|sachet|suppository|injection|unit,TRUE,Oxymetazoline nasal spray Medications Cough and cold medicines Decongestants,1830,TRUE,
medications_cough_and_cold_medicines_xylometazoline_nasal_spray,Xylometazoline nasal spray,Medications,Cough and cold medicines,Decongestants,specific,medications_cough_and_cold_medicines_cough_or_cold_medicine,TRUE,,dose,dose|tablet|capsule|mg|g|ml|drop|puff|spray|patch|sachet|suppository|injection|unit,TRUE,Xylometazoline nasal spray Medications Cough and cold medicines Decongestants,1831,TRUE,
medications_cough_and_cold_medicines_naphazoline_nasal_spray,Naphazoline nasal spray,Medications,Cough and cold medicines,Decongestants,specific,medications_cough_and_cold_medicines_cough_or_cold_medicine,TRUE,,dose,dose|tablet|capsule|mg|g|ml|drop|puff|spray|patch|sachet|suppository|injection|unit,TRUE,Naphazoline nasal spray Medications Cough and cold medicines Decongestants,1832,TRUE,
medications_asthma_and_breathing_medicines_asthma_or_breathing_medicine,Asthma or breathing medicine,Medications,Asthma and breathing medicines,General,general,,TRUE,,dose,dose|tablet|capsule|mg|g|ml|drop|puff|spray|patch|sachet|suppository|injection|unit,TRUE,Asthma or breathing medicine Medications Asthma and breathing medicines General,1833,TRUE,General option remains selectable when the user does not want to choose a specific item.
medications_asthma_and_breathing_medicines_salbutamol,Salbutamol,Medications,Asthma and breathing medicines,Reliever inhalers,specific,medications_asthma_and_breathing_medicines_asthma_or_breathing_medicine,TRUE,Albuterol|Ventolin,dose,dose|tablet|capsule|mg|g|ml|drop|puff|spray|patch|sachet|suppository|injection|unit,TRUE,Salbutamol Medications Asthma and breathing medicines Reliever inhalers Albuterol Ventolin,1834,TRUE,
medications_asthma_and_breathing_medicines_levalbuterol,Levalbuterol,Medications,Asthma and breathing medicines,Reliever inhalers,specific,medications_asthma_and_breathing_medicines_asthma_or_breathing_medicine,TRUE,,dose,dose|tablet|capsule|mg|g|ml|drop|puff|spray|patch|sachet|suppository|injection|unit,TRUE,Levalbuterol Medications Asthma and breathing medicines Reliever inhalers,1835,TRUE,
medications_asthma_and_breathing_medicines_ipratropium,Ipratropium,Medications,Asthma and breathing medicines,Reliever inhalers,specific,medications_asthma_and_breathing_medicines_asthma_or_breathing_medicine,TRUE,,dose,dose|tablet|capsule|mg|g|ml|drop|puff|spray|patch|sachet|suppository|injection|unit,TRUE,Ipratropium Medications Asthma and breathing medicines Reliever inhalers,1836,TRUE,
medications_asthma_and_breathing_medicines_ipratropium_salbutamol,Ipratropium-salbutamol,Medications,Asthma and breathing medicines,Reliever inhalers,specific,medications_asthma_and_breathing_medicines_asthma_or_breathing_medicine,TRUE,,dose,dose|tablet|capsule|mg|g|ml|drop|puff|spray|patch|sachet|suppository|injection|unit,TRUE,Ipratropium-salbutamol Medications Asthma and breathing medicines Reliever inhalers,1837,TRUE,
medications_asthma_and_breathing_medicines_formoterol,Formoterol,Medications,Asthma and breathing medicines,Controller inhalers,specific,medications_asthma_and_breathing_medicines_asthma_or_breathing_medicine,TRUE,,dose,dose|tablet|capsule|mg|g|ml|drop|puff|spray|patch|sachet|suppository|injection|unit,TRUE,Formoterol Medications Asthma and breathing medicines Controller inhalers,1838,TRUE,
medications_asthma_and_breathing_medicines_salmeterol,Salmeterol,Medications,Asthma and breathing medicines,Controller inhalers,specific,medications_asthma_and_breathing_medicines_asthma_or_breathing_medicine,TRUE,,dose,dose|tablet|capsule|mg|g|ml|drop|puff|spray|patch|sachet|suppository|injection|unit,TRUE,Salmeterol Medications Asthma and breathing medicines Controller inhalers,1839,TRUE,
medications_asthma_and_breathing_medicines_indacaterol,Indacaterol,Medications,Asthma and breathing medicines,Controller inhalers,specific,medications_asthma_and_breathing_medicines_asthma_or_breathing_medicine,TRUE,,dose,dose|tablet|capsule|mg|g|ml|drop|puff|spray|patch|sachet|suppository|injection|unit,TRUE,Indacaterol Medications Asthma and breathing medicines Controller inhalers,1840,TRUE,
medications_asthma_and_breathing_medicines_tiotropium,Tiotropium,Medications,Asthma and breathing medicines,Controller inhalers,specific,medications_asthma_and_breathing_medicines_asthma_or_breathing_medicine,TRUE,,dose,dose|tablet|capsule|mg|g|ml|drop|puff|spray|patch|sachet|suppository|injection|unit,TRUE,Tiotropium Medications Asthma and breathing medicines Controller inhalers,1841,TRUE,
medications_asthma_and_breathing_medicines_aclidinium,Aclidinium,Medications,Asthma and breathing medicines,Controller inhalers,specific,medications_asthma_and_breathing_medicines_asthma_or_breathing_medicine,TRUE,,dose,dose|tablet|capsule|mg|g|ml|drop|puff|spray|patch|sachet|suppository|injection|unit,TRUE,Aclidinium Medications Asthma and breathing medicines Controller inhalers,1842,TRUE,
medications_asthma_and_breathing_medicines_umeclidinium,Umeclidinium,Medications,Asthma and breathing medicines,Controller inhalers,specific,medications_asthma_and_breathing_medicines_asthma_or_breathing_medicine,TRUE,,dose,dose|tablet|capsule|mg|g|ml|drop|puff|spray|patch|sachet|suppository|injection|unit,TRUE,Umeclidinium Medications Asthma and breathing medicines Controller inhalers,1843,TRUE,
medications_asthma_and_breathing_medicines_budesonide_formoterol,Budesonide-formoterol,Medications,Asthma and breathing medicines,Controller inhalers,specific,medications_asthma_and_breathing_medicines_asthma_or_breathing_medicine,TRUE,,dose,dose|tablet|capsule|mg|g|ml|drop|puff|spray|patch|sachet|suppository|injection|unit,TRUE,Budesonide-formoterol Medications Asthma and breathing medicines Controller inhalers,1844,TRUE,
medications_asthma_and_breathing_medicines_fluticasone_salmeterol,Fluticasone-salmeterol,Medications,Asthma and breathing medicines,Controller inhalers,specific,medications_asthma_and_breathing_medicines_asthma_or_breathing_medicine,TRUE,,dose,dose|tablet|capsule|mg|g|ml|drop|puff|spray|patch|sachet|suppository|injection|unit,TRUE,Fluticasone-salmeterol Medications Asthma and breathing medicines Controller inhalers,1845,TRUE,
medications_asthma_and_breathing_medicines_fluticasone_vilanterol,Fluticasone-vilanterol,Medications,Asthma and breathing medicines,Controller inhalers,specific,medications_asthma_and_breathing_medicines_asthma_or_breathing_medicine,TRUE,,dose,dose|tablet|capsule|mg|g|ml|drop|puff|spray|patch|sachet|suppository|injection|unit,TRUE,Fluticasone-vilanterol Medications Asthma and breathing medicines Controller inhalers,1846,TRUE,
medications_asthma_and_breathing_medicines_beclomethasone_formoterol,Beclomethasone-formoterol,Medications,Asthma and breathing medicines,Controller inhalers,specific,medications_asthma_and_breathing_medicines_asthma_or_breathing_medicine,TRUE,,dose,dose|tablet|capsule|mg|g|ml|drop|puff|spray|patch|sachet|suppository|injection|unit,TRUE,Beclomethasone-formoterol Medications Asthma and breathing medicines Controller inhalers,1847,TRUE,
medications_asthma_and_breathing_medicines_triple_therapy_inhaler,Triple therapy inhaler,Medications,Asthma and breathing medicines,Controller inhalers,specific,medications_asthma_and_breathing_medicines_asthma_or_breathing_medicine,TRUE,,dose,dose|tablet|capsule|mg|g|ml|drop|puff|spray|patch|sachet|suppository|injection|unit,TRUE,Triple therapy inhaler Medications Asthma and breathing medicines Controller inhalers,1848,TRUE,
medications_asthma_and_breathing_medicines_theophylline,Theophylline,Medications,Asthma and breathing medicines,Other respiratory treatments,specific,medications_asthma_and_breathing_medicines_asthma_or_breathing_medicine,TRUE,,dose,dose|tablet|capsule|mg|g|ml|drop|puff|spray|patch|sachet|suppository|injection|unit,TRUE,Theophylline Medications Asthma and breathing medicines Other respiratory treatments,1849,TRUE,
medications_asthma_and_breathing_medicines_roflumilast,Roflumilast,Medications,Asthma and breathing medicines,Other respiratory treatments,specific,medications_asthma_and_breathing_medicines_asthma_or_breathing_medicine,TRUE,,dose,dose|tablet|capsule|mg|g|ml|drop|puff|spray|patch|sachet|suppository|injection|unit,TRUE,Roflumilast Medications Asthma and breathing medicines Other respiratory treatments,1850,TRUE,
medications_asthma_and_breathing_medicines_omalizumab,Omalizumab,Medications,Asthma and breathing medicines,Other respiratory treatments,specific,medications_asthma_and_breathing_medicines_asthma_or_breathing_medicine,TRUE,,dose,dose|tablet|capsule|mg|g|ml|drop|puff|spray|patch|sachet|suppository|injection|unit,TRUE,Omalizumab Medications Asthma and breathing medicines Other respiratory treatments,1851,TRUE,
medications_asthma_and_breathing_medicines_mepolizumab,Mepolizumab,Medications,Asthma and breathing medicines,Other respiratory treatments,specific,medications_asthma_and_breathing_medicines_asthma_or_breathing_medicine,TRUE,,dose,dose|tablet|capsule|mg|g|ml|drop|puff|spray|patch|sachet|suppository|injection|unit,TRUE,Mepolizumab Medications Asthma and breathing medicines Other respiratory treatments,1852,TRUE,
medications_asthma_and_breathing_medicines_benralizumab,Benralizumab,Medications,Asthma and breathing medicines,Other respiratory treatments,specific,medications_asthma_and_breathing_medicines_asthma_or_breathing_medicine,TRUE,,dose,dose|tablet|capsule|mg|g|ml|drop|puff|spray|patch|sachet|suppository|injection|unit,TRUE,Benralizumab Medications Asthma and breathing medicines Other respiratory treatments,1853,TRUE,
medications_asthma_and_breathing_medicines_dupilumab_respiratory,Dupilumab respiratory,Medications,Asthma and breathing medicines,Other respiratory treatments,specific,medications_asthma_and_breathing_medicines_asthma_or_breathing_medicine,TRUE,,dose,dose|tablet|capsule|mg|g|ml|drop|puff|spray|patch|sachet|suppository|injection|unit,TRUE,Dupilumab respiratory Medications Asthma and breathing medicines Other respiratory treatments,1854,TRUE,
medications_blood_pressure_medicines_blood_pressure_medicine,Blood pressure medicine,Medications,Blood pressure medicines,General,general,,TRUE,,dose,dose|tablet|capsule|mg|g|ml|drop|puff|spray|patch|sachet|suppository|injection|unit,TRUE,Blood pressure medicine Medications Blood pressure medicines General,1855,TRUE,General option remains selectable when the user does not want to choose a specific item.
medications_blood_pressure_medicines_lisinopril,Lisinopril,Medications,Blood pressure medicines,ACE inhibitors,specific,medications_blood_pressure_medicines_blood_pressure_medicine,TRUE,,dose,dose|tablet|capsule|mg|g|ml|drop|puff|spray|patch|sachet|suppository|injection|unit,TRUE,Lisinopril Medications Blood pressure medicines ACE inhibitors,1856,TRUE,
medications_blood_pressure_medicines_enalapril,Enalapril,Medications,Blood pressure medicines,ACE inhibitors,specific,medications_blood_pressure_medicines_blood_pressure_medicine,TRUE,,dose,dose|tablet|capsule|mg|g|ml|drop|puff|spray|patch|sachet|suppository|injection|unit,TRUE,Enalapril Medications Blood pressure medicines ACE inhibitors,1857,TRUE,
medications_blood_pressure_medicines_ramipril,Ramipril,Medications,Blood pressure medicines,ACE inhibitors,specific,medications_blood_pressure_medicines_blood_pressure_medicine,TRUE,,dose,dose|tablet|capsule|mg|g|ml|drop|puff|spray|patch|sachet|suppository|injection|unit,TRUE,Ramipril Medications Blood pressure medicines ACE inhibitors,1858,TRUE,
medications_blood_pressure_medicines_perindopril,Perindopril,Medications,Blood pressure medicines,ACE inhibitors,specific,medications_blood_pressure_medicines_blood_pressure_medicine,TRUE,,dose,dose|tablet|capsule|mg|g|ml|drop|puff|spray|patch|sachet|suppository|injection|unit,TRUE,Perindopril Medications Blood pressure medicines ACE inhibitors,1859,TRUE,
medications_blood_pressure_medicines_captopril,Captopril,Medications,Blood pressure medicines,ACE inhibitors,specific,medications_blood_pressure_medicines_blood_pressure_medicine,TRUE,,dose,dose|tablet|capsule|mg|g|ml|drop|puff|spray|patch|sachet|suppository|injection|unit,TRUE,Captopril Medications Blood pressure medicines ACE inhibitors,1860,TRUE,
medications_blood_pressure_medicines_benazepril,Benazepril,Medications,Blood pressure medicines,ACE inhibitors,specific,medications_blood_pressure_medicines_blood_pressure_medicine,TRUE,,dose,dose|tablet|capsule|mg|g|ml|drop|puff|spray|patch|sachet|suppository|injection|unit,TRUE,Benazepril Medications Blood pressure medicines ACE inhibitors,1861,TRUE,
medications_blood_pressure_medicines_losartan,Losartan,Medications,Blood pressure medicines,ARBs,specific,medications_blood_pressure_medicines_blood_pressure_medicine,TRUE,,dose,dose|tablet|capsule|mg|g|ml|drop|puff|spray|patch|sachet|suppository|injection|unit,TRUE,Losartan Medications Blood pressure medicines ARBs,1862,TRUE,
medications_blood_pressure_medicines_valsartan,Valsartan,Medications,Blood pressure medicines,ARBs,specific,medications_blood_pressure_medicines_blood_pressure_medicine,TRUE,,dose,dose|tablet|capsule|mg|g|ml|drop|puff|spray|patch|sachet|suppository|injection|unit,TRUE,Valsartan Medications Blood pressure medicines ARBs,1863,TRUE,
medications_blood_pressure_medicines_candesartan,Candesartan,Medications,Blood pressure medicines,ARBs,specific,medications_blood_pressure_medicines_blood_pressure_medicine,TRUE,,dose,dose|tablet|capsule|mg|g|ml|drop|puff|spray|patch|sachet|suppository|injection|unit,TRUE,Candesartan Medications Blood pressure medicines ARBs,1864,TRUE,
medications_blood_pressure_medicines_irbesartan,Irbesartan,Medications,Blood pressure medicines,ARBs,specific,medications_blood_pressure_medicines_blood_pressure_medicine,TRUE,,dose,dose|tablet|capsule|mg|g|ml|drop|puff|spray|patch|sachet|suppository|injection|unit,TRUE,Irbesartan Medications Blood pressure medicines ARBs,1865,TRUE,
medications_blood_pressure_medicines_telmisartan,Telmisartan,Medications,Blood pressure medicines,ARBs,specific,medications_blood_pressure_medicines_blood_pressure_medicine,TRUE,,dose,dose|tablet|capsule|mg|g|ml|drop|puff|spray|patch|sachet|suppository|injection|unit,TRUE,Telmisartan Medications Blood pressure medicines ARBs,1866,TRUE,
medications_blood_pressure_medicines_olmesartan,Olmesartan,Medications,Blood pressure medicines,ARBs,specific,medications_blood_pressure_medicines_blood_pressure_medicine,TRUE,,dose,dose|tablet|capsule|mg|g|ml|drop|puff|spray|patch|sachet|suppository|injection|unit,TRUE,Olmesartan Medications Blood pressure medicines ARBs,1867,TRUE,
medications_blood_pressure_medicines_metoprolol,Metoprolol,Medications,Blood pressure medicines,Beta blockers,specific,medications_blood_pressure_medicines_blood_pressure_medicine,TRUE,,dose,dose|tablet|capsule|mg|g|ml|drop|puff|spray|patch|sachet|suppository|injection|unit,TRUE,Metoprolol Medications Blood pressure medicines Beta blockers,1868,TRUE,
medications_blood_pressure_medicines_bisoprolol,Bisoprolol,Medications,Blood pressure medicines,Beta blockers,specific,medications_blood_pressure_medicines_blood_pressure_medicine,TRUE,,dose,dose|tablet|capsule|mg|g|ml|drop|puff|spray|patch|sachet|suppository|injection|unit,TRUE,Bisoprolol Medications Blood pressure medicines Beta blockers,1869,TRUE,
medications_blood_pressure_medicines_atenolol,Atenolol,Medications,Blood pressure medicines,Beta blockers,specific,medications_blood_pressure_medicines_blood_pressure_medicine,TRUE,,dose,dose|tablet|capsule|mg|g|ml|drop|puff|spray|patch|sachet|suppository|injection|unit,TRUE,Atenolol Medications Blood pressure medicines Beta blockers,1870,TRUE,
medications_blood_pressure_medicines_propranolol,Propranolol,Medications,Blood pressure medicines,Beta blockers,specific,medications_blood_pressure_medicines_blood_pressure_medicine,TRUE,,dose,dose|tablet|capsule|mg|g|ml|drop|puff|spray|patch|sachet|suppository|injection|unit,TRUE,Propranolol Medications Blood pressure medicines Beta blockers,1871,TRUE,
medications_blood_pressure_medicines_carvedilol,Carvedilol,Medications,Blood pressure medicines,Beta blockers,specific,medications_blood_pressure_medicines_blood_pressure_medicine,TRUE,,dose,dose|tablet|capsule|mg|g|ml|drop|puff|spray|patch|sachet|suppository|injection|unit,TRUE,Carvedilol Medications Blood pressure medicines Beta blockers,1872,TRUE,
medications_blood_pressure_medicines_nebivolol,Nebivolol,Medications,Blood pressure medicines,Beta blockers,specific,medications_blood_pressure_medicines_blood_pressure_medicine,TRUE,,dose,dose|tablet|capsule|mg|g|ml|drop|puff|spray|patch|sachet|suppository|injection|unit,TRUE,Nebivolol Medications Blood pressure medicines Beta blockers,1873,TRUE,
medications_blood_pressure_medicines_labetalol,Labetalol,Medications,Blood pressure medicines,Beta blockers,specific,medications_blood_pressure_medicines_blood_pressure_medicine,TRUE,,dose,dose|tablet|capsule|mg|g|ml|drop|puff|spray|patch|sachet|suppository|injection|unit,TRUE,Labetalol Medications Blood pressure medicines Beta blockers,1874,TRUE,
medications_blood_pressure_medicines_amlodipine,Amlodipine,Medications,Blood pressure medicines,Calcium channel blockers,specific,medications_blood_pressure_medicines_blood_pressure_medicine,TRUE,,dose,dose|tablet|capsule|mg|g|ml|drop|puff|spray|patch|sachet|suppository|injection|unit,TRUE,Amlodipine Medications Blood pressure medicines Calcium channel blockers,1875,TRUE,
medications_blood_pressure_medicines_nifedipine,Nifedipine,Medications,Blood pressure medicines,Calcium channel blockers,specific,medications_blood_pressure_medicines_blood_pressure_medicine,TRUE,,dose,dose|tablet|capsule|mg|g|ml|drop|puff|spray|patch|sachet|suppository|injection|unit,TRUE,Nifedipine Medications Blood pressure medicines Calcium channel blockers,1876,TRUE,
medications_blood_pressure_medicines_felodipine,Felodipine,Medications,Blood pressure medicines,Calcium channel blockers,specific,medications_blood_pressure_medicines_blood_pressure_medicine,TRUE,,dose,dose|tablet|capsule|mg|g|ml|drop|puff|spray|patch|sachet|suppository|injection|unit,TRUE,Felodipine Medications Blood pressure medicines Calcium channel blockers,1877,TRUE,
medications_blood_pressure_medicines_diltiazem,Diltiazem,Medications,Blood pressure medicines,Calcium channel blockers,specific,medications_blood_pressure_medicines_blood_pressure_medicine,TRUE,,dose,dose|tablet|capsule|mg|g|ml|drop|puff|spray|patch|sachet|suppository|injection|unit,TRUE,Diltiazem Medications Blood pressure medicines Calcium channel blockers,1878,TRUE,
medications_blood_pressure_medicines_verapamil,Verapamil,Medications,Blood pressure medicines,Calcium channel blockers,specific,medications_blood_pressure_medicines_blood_pressure_medicine,TRUE,,dose,dose|tablet|capsule|mg|g|ml|drop|puff|spray|patch|sachet|suppository|injection|unit,TRUE,Verapamil Medications Blood pressure medicines Calcium channel blockers,1879,TRUE,
medications_blood_pressure_medicines_hydralazine,Hydralazine,Medications,Blood pressure medicines,Other blood pressure medicines,specific,medications_blood_pressure_medicines_blood_pressure_medicine,TRUE,,dose,dose|tablet|capsule|mg|g|ml|drop|puff|spray|patch|sachet|suppository|injection|unit,TRUE,Hydralazine Medications Blood pressure medicines Other blood pressure medicines,1880,TRUE,
medications_blood_pressure_medicines_clonidine,Clonidine,Medications,Blood pressure medicines,Other blood pressure medicines,specific,medications_blood_pressure_medicines_blood_pressure_medicine,TRUE,,dose,dose|tablet|capsule|mg|g|ml|drop|puff|spray|patch|sachet|suppository|injection|unit,TRUE,Clonidine Medications Blood pressure medicines Other blood pressure medicines,1881,TRUE,
medications_blood_pressure_medicines_methyldopa,Methyldopa,Medications,Blood pressure medicines,Other blood pressure medicines,specific,medications_blood_pressure_medicines_blood_pressure_medicine,TRUE,,dose,dose|tablet|capsule|mg|g|ml|drop|puff|spray|patch|sachet|suppository|injection|unit,TRUE,Methyldopa Medications Blood pressure medicines Other blood pressure medicines,1882,TRUE,
medications_blood_pressure_medicines_doxazosin,Doxazosin,Medications,Blood pressure medicines,Other blood pressure medicines,specific,medications_blood_pressure_medicines_blood_pressure_medicine,TRUE,,dose,dose|tablet|capsule|mg|g|ml|drop|puff|spray|patch|sachet|suppository|injection|unit,TRUE,Doxazosin Medications Blood pressure medicines Other blood pressure medicines,1883,TRUE,
medications_blood_pressure_medicines_prazosin,Prazosin,Medications,Blood pressure medicines,Other blood pressure medicines,specific,medications_blood_pressure_medicines_blood_pressure_medicine,TRUE,,dose,dose|tablet|capsule|mg|g|ml|drop|puff|spray|patch|sachet|suppository|injection|unit,TRUE,Prazosin Medications Blood pressure medicines Other blood pressure medicines,1884,TRUE,
medications_blood_pressure_medicines_minoxidil_oral,Minoxidil oral,Medications,Blood pressure medicines,Other blood pressure medicines,specific,medications_blood_pressure_medicines_blood_pressure_medicine,TRUE,,dose,dose|tablet|capsule|mg|g|ml|drop|puff|spray|patch|sachet|suppository|injection|unit,TRUE,Minoxidil oral Medications Blood pressure medicines Other blood pressure medicines,1885,TRUE,
medications_diuretics_diuretic,Diuretic,Medications,Diuretics,General,general,,TRUE,,dose,dose|tablet|capsule|mg|g|ml|drop|puff|spray|patch|sachet|suppository|injection|unit,TRUE,Diuretic Medications Diuretics General,1886,TRUE,General option remains selectable when the user does not want to choose a specific item.
medications_diuretics_hydrochlorothiazide,Hydrochlorothiazide,Medications,Diuretics,Water tablets,specific,medications_diuretics_diuretic,TRUE,,dose,dose|tablet|capsule|mg|g|ml|drop|puff|spray|patch|sachet|suppository|injection|unit,TRUE,Hydrochlorothiazide Medications Diuretics Water tablets,1887,TRUE,
medications_diuretics_chlorthalidone,Chlorthalidone,Medications,Diuretics,Water tablets,specific,medications_diuretics_diuretic,TRUE,,dose,dose|tablet|capsule|mg|g|ml|drop|puff|spray|patch|sachet|suppository|injection|unit,TRUE,Chlorthalidone Medications Diuretics Water tablets,1888,TRUE,
medications_diuretics_indapamide,Indapamide,Medications,Diuretics,Water tablets,specific,medications_diuretics_diuretic,TRUE,,dose,dose|tablet|capsule|mg|g|ml|drop|puff|spray|patch|sachet|suppository|injection|unit,TRUE,Indapamide Medications Diuretics Water tablets,1889,TRUE,
medications_diuretics_furosemide,Furosemide,Medications,Diuretics,Water tablets,specific,medications_diuretics_diuretic,TRUE,,dose,dose|tablet|capsule|mg|g|ml|drop|puff|spray|patch|sachet|suppository|injection|unit,TRUE,Furosemide Medications Diuretics Water tablets,1890,TRUE,
medications_diuretics_bumetanide,Bumetanide,Medications,Diuretics,Water tablets,specific,medications_diuretics_diuretic,TRUE,,dose,dose|tablet|capsule|mg|g|ml|drop|puff|spray|patch|sachet|suppository|injection|unit,TRUE,Bumetanide Medications Diuretics Water tablets,1891,TRUE,
medications_diuretics_torsemide,Torsemide,Medications,Diuretics,Water tablets,specific,medications_diuretics_diuretic,TRUE,,dose,dose|tablet|capsule|mg|g|ml|drop|puff|spray|patch|sachet|suppository|injection|unit,TRUE,Torsemide Medications Diuretics Water tablets,1892,TRUE,
medications_diuretics_spironolactone,Spironolactone,Medications,Diuretics,Water tablets,specific,medications_diuretics_diuretic,TRUE,,dose,dose|tablet|capsule|mg|g|ml|drop|puff|spray|patch|sachet|suppository|injection|unit,TRUE,Spironolactone Medications Diuretics Water tablets,1893,TRUE,
medications_diuretics_eplerenone,Eplerenone,Medications,Diuretics,Water tablets,specific,medications_diuretics_diuretic,TRUE,,dose,dose|tablet|capsule|mg|g|ml|drop|puff|spray|patch|sachet|suppository|injection|unit,TRUE,Eplerenone Medications Diuretics Water tablets,1894,TRUE,
medications_diuretics_amiloride,Amiloride,Medications,Diuretics,Water tablets,specific,medications_diuretics_diuretic,TRUE,,dose,dose|tablet|capsule|mg|g|ml|drop|puff|spray|patch|sachet|suppository|injection|unit,TRUE,Amiloride Medications Diuretics Water tablets,1895,TRUE,
medications_cholesterol_medicines_cholesterol_medicine,Cholesterol medicine,Medications,Cholesterol medicines,General,general,,TRUE,,dose,dose|tablet|capsule|mg|g|ml|drop|puff|spray|patch|sachet|suppository|injection|unit,TRUE,Cholesterol medicine Medications Cholesterol medicines General,1896,TRUE,General option remains selectable when the user does not want to choose a specific item.
medications_cholesterol_medicines_atorvastatin,Atorvastatin,Medications,Cholesterol medicines,Statins,specific,medications_cholesterol_medicines_cholesterol_medicine,TRUE,,dose,dose|tablet|capsule|mg|g|ml|drop|puff|spray|patch|sachet|suppository|injection|unit,TRUE,Atorvastatin Medications Cholesterol medicines Statins,1897,TRUE,
medications_cholesterol_medicines_rosuvastatin,Rosuvastatin,Medications,Cholesterol medicines,Statins,specific,medications_cholesterol_medicines_cholesterol_medicine,TRUE,,dose,dose|tablet|capsule|mg|g|ml|drop|puff|spray|patch|sachet|suppository|injection|unit,TRUE,Rosuvastatin Medications Cholesterol medicines Statins,1898,TRUE,
medications_cholesterol_medicines_simvastatin,Simvastatin,Medications,Cholesterol medicines,Statins,specific,medications_cholesterol_medicines_cholesterol_medicine,TRUE,,dose,dose|tablet|capsule|mg|g|ml|drop|puff|spray|patch|sachet|suppository|injection|unit,TRUE,Simvastatin Medications Cholesterol medicines Statins,1899,TRUE,
medications_cholesterol_medicines_pravastatin,Pravastatin,Medications,Cholesterol medicines,Statins,specific,medications_cholesterol_medicines_cholesterol_medicine,TRUE,,dose,dose|tablet|capsule|mg|g|ml|drop|puff|spray|patch|sachet|suppository|injection|unit,TRUE,Pravastatin Medications Cholesterol medicines Statins,1900,TRUE,
medications_cholesterol_medicines_fluvastatin,Fluvastatin,Medications,Cholesterol medicines,Statins,specific,medications_cholesterol_medicines_cholesterol_medicine,TRUE,,dose,dose|tablet|capsule|mg|g|ml|drop|puff|spray|patch|sachet|suppository|injection|unit,TRUE,Fluvastatin Medications Cholesterol medicines Statins,1901,TRUE,
medications_cholesterol_medicines_pitavastatin,Pitavastatin,Medications,Cholesterol medicines,Statins,specific,medications_cholesterol_medicines_cholesterol_medicine,TRUE,,dose,dose|tablet|capsule|mg|g|ml|drop|puff|spray|patch|sachet|suppository|injection|unit,TRUE,Pitavastatin Medications Cholesterol medicines Statins,1902,TRUE,
medications_cholesterol_medicines_lovastatin,Lovastatin,Medications,Cholesterol medicines,Statins,specific,medications_cholesterol_medicines_cholesterol_medicine,TRUE,,dose,dose|tablet|capsule|mg|g|ml|drop|puff|spray|patch|sachet|suppository|injection|unit,TRUE,Lovastatin Medications Cholesterol medicines Statins,1903,TRUE,
medications_cholesterol_medicines_ezetimibe,Ezetimibe,Medications,Cholesterol medicines,Other lipid medicines,specific,medications_cholesterol_medicines_cholesterol_medicine,TRUE,,dose,dose|tablet|capsule|mg|g|ml|drop|puff|spray|patch|sachet|suppository|injection|unit,TRUE,Ezetimibe Medications Cholesterol medicines Other lipid medicines,1904,TRUE,
medications_cholesterol_medicines_fenofibrate,Fenofibrate,Medications,Cholesterol medicines,Other lipid medicines,specific,medications_cholesterol_medicines_cholesterol_medicine,TRUE,,dose,dose|tablet|capsule|mg|g|ml|drop|puff|spray|patch|sachet|suppository|injection|unit,TRUE,Fenofibrate Medications Cholesterol medicines Other lipid medicines,1905,TRUE,
medications_cholesterol_medicines_gemfibrozil,Gemfibrozil,Medications,Cholesterol medicines,Other lipid medicines,specific,medications_cholesterol_medicines_cholesterol_medicine,TRUE,,dose,dose|tablet|capsule|mg|g|ml|drop|puff|spray|patch|sachet|suppository|injection|unit,TRUE,Gemfibrozil Medications Cholesterol medicines Other lipid medicines,1906,TRUE,
medications_cholesterol_medicines_bempedoic_acid,Bempedoic acid,Medications,Cholesterol medicines,Other lipid medicines,specific,medications_cholesterol_medicines_cholesterol_medicine,TRUE,,dose,dose|tablet|capsule|mg|g|ml|drop|puff|spray|patch|sachet|suppository|injection|unit,TRUE,Bempedoic acid Medications Cholesterol medicines Other lipid medicines,1907,TRUE,
medications_cholesterol_medicines_alirocumab,Alirocumab,Medications,Cholesterol medicines,Other lipid medicines,specific,medications_cholesterol_medicines_cholesterol_medicine,TRUE,,dose,dose|tablet|capsule|mg|g|ml|drop|puff|spray|patch|sachet|suppository|injection|unit,TRUE,Alirocumab Medications Cholesterol medicines Other lipid medicines,1908,TRUE,
medications_cholesterol_medicines_evolocumab,Evolocumab,Medications,Cholesterol medicines,Other lipid medicines,specific,medications_cholesterol_medicines_cholesterol_medicine,TRUE,,dose,dose|tablet|capsule|mg|g|ml|drop|puff|spray|patch|sachet|suppository|injection|unit,TRUE,Evolocumab Medications Cholesterol medicines Other lipid medicines,1909,TRUE,
medications_cholesterol_medicines_icosapent_ethyl,Icosapent ethyl,Medications,Cholesterol medicines,Other lipid medicines,specific,medications_cholesterol_medicines_cholesterol_medicine,TRUE,,dose,dose|tablet|capsule|mg|g|ml|drop|puff|spray|patch|sachet|suppository|injection|unit,TRUE,Icosapent ethyl Medications Cholesterol medicines Other lipid medicines,1910,TRUE,
medications_blood_thinners_blood_thinner,Blood thinner,Medications,Blood thinners,General,general,,TRUE,,dose,dose|tablet|capsule|mg|g|ml|drop|puff|spray|patch|sachet|suppository|injection|unit,TRUE,Blood thinner Medications Blood thinners General,1911,TRUE,General option remains selectable when the user does not want to choose a specific item.
medications_blood_thinners_warfarin,Warfarin,Medications,Blood thinners,Anticoagulants,specific,medications_blood_thinners_blood_thinner,TRUE,,dose,dose|tablet|capsule|mg|g|ml|drop|puff|spray|patch|sachet|suppository|injection|unit,TRUE,Warfarin Medications Blood thinners Anticoagulants,1912,TRUE,
medications_blood_thinners_apixaban,Apixaban,Medications,Blood thinners,Anticoagulants,specific,medications_blood_thinners_blood_thinner,TRUE,,dose,dose|tablet|capsule|mg|g|ml|drop|puff|spray|patch|sachet|suppository|injection|unit,TRUE,Apixaban Medications Blood thinners Anticoagulants,1913,TRUE,
medications_blood_thinners_rivaroxaban,Rivaroxaban,Medications,Blood thinners,Anticoagulants,specific,medications_blood_thinners_blood_thinner,TRUE,,dose,dose|tablet|capsule|mg|g|ml|drop|puff|spray|patch|sachet|suppository|injection|unit,TRUE,Rivaroxaban Medications Blood thinners Anticoagulants,1914,TRUE,
medications_blood_thinners_dabigatran,Dabigatran,Medications,Blood thinners,Anticoagulants,specific,medications_blood_thinners_blood_thinner,TRUE,,dose,dose|tablet|capsule|mg|g|ml|drop|puff|spray|patch|sachet|suppository|injection|unit,TRUE,Dabigatran Medications Blood thinners Anticoagulants,1915,TRUE,
medications_blood_thinners_edoxaban,Edoxaban,Medications,Blood thinners,Anticoagulants,specific,medications_blood_thinners_blood_thinner,TRUE,,dose,dose|tablet|capsule|mg|g|ml|drop|puff|spray|patch|sachet|suppository|injection|unit,TRUE,Edoxaban Medications Blood thinners Anticoagulants,1916,TRUE,
medications_blood_thinners_heparin,Heparin,Medications,Blood thinners,Anticoagulants,specific,medications_blood_thinners_blood_thinner,TRUE,,dose,dose|tablet|capsule|mg|g|ml|drop|puff|spray|patch|sachet|suppository|injection|unit,TRUE,Heparin Medications Blood thinners Anticoagulants,1917,TRUE,
medications_blood_thinners_enoxaparin,Enoxaparin,Medications,Blood thinners,Anticoagulants,specific,medications_blood_thinners_blood_thinner,TRUE,,dose,dose|tablet|capsule|mg|g|ml|drop|puff|spray|patch|sachet|suppository|injection|unit,TRUE,Enoxaparin Medications Blood thinners Anticoagulants,1918,TRUE,
medications_blood_thinners_fondaparinux,Fondaparinux,Medications,Blood thinners,Anticoagulants,specific,medications_blood_thinners_blood_thinner,TRUE,,dose,dose|tablet|capsule|mg|g|ml|drop|puff|spray|patch|sachet|suppository|injection|unit,TRUE,Fondaparinux Medications Blood thinners Anticoagulants,1919,TRUE,
medications_blood_thinners_aspirin_low_dose,Aspirin low-dose,Medications,Blood thinners,Antiplatelet medicines,specific,medications_blood_thinners_blood_thinner,TRUE,,dose,dose|tablet|capsule|mg|g|ml|drop|puff|spray|patch|sachet|suppository|injection|unit,TRUE,Aspirin low-dose Medications Blood thinners Antiplatelet medicines,1920,TRUE,
medications_blood_thinners_clopidogrel,Clopidogrel,Medications,Blood thinners,Antiplatelet medicines,specific,medications_blood_thinners_blood_thinner,TRUE,,dose,dose|tablet|capsule|mg|g|ml|drop|puff|spray|patch|sachet|suppository|injection|unit,TRUE,Clopidogrel Medications Blood thinners Antiplatelet medicines,1921,TRUE,
medications_blood_thinners_ticagrelor,Ticagrelor,Medications,Blood thinners,Antiplatelet medicines,specific,medications_blood_thinners_blood_thinner,TRUE,,dose,dose|tablet|capsule|mg|g|ml|drop|puff|spray|patch|sachet|suppository|injection|unit,TRUE,Ticagrelor Medications Blood thinners Antiplatelet medicines,1922,TRUE,
medications_blood_thinners_prasugrel,Prasugrel,Medications,Blood thinners,Antiplatelet medicines,specific,medications_blood_thinners_blood_thinner,TRUE,,dose,dose|tablet|capsule|mg|g|ml|drop|puff|spray|patch|sachet|suppository|injection|unit,TRUE,Prasugrel Medications Blood thinners Antiplatelet medicines,1923,TRUE,
medications_blood_thinners_dipyridamole,Dipyridamole,Medications,Blood thinners,Antiplatelet medicines,specific,medications_blood_thinners_blood_thinner,TRUE,,dose,dose|tablet|capsule|mg|g|ml|drop|puff|spray|patch|sachet|suppository|injection|unit,TRUE,Dipyridamole Medications Blood thinners Antiplatelet medicines,1924,TRUE,
medications_heart_medicines_heart_medicine,Heart medicine,Medications,Heart medicines,General,general,,TRUE,,dose,dose|tablet|capsule|mg|g|ml|drop|puff|spray|patch|sachet|suppository|injection|unit,TRUE,Heart medicine Medications Heart medicines General,1925,TRUE,General option remains selectable when the user does not want to choose a specific item.
medications_heart_medicines_digoxin,Digoxin,Medications,Heart medicines,Heart rhythm and heart failure medicines,specific,medications_heart_medicines_heart_medicine,TRUE,,dose,dose|tablet|capsule|mg|g|ml|drop|puff|spray|patch|sachet|suppository|injection|unit,TRUE,Digoxin Medications Heart medicines Heart rhythm and heart failure medicines,1926,TRUE,
medications_heart_medicines_amiodarone,Amiodarone,Medications,Heart medicines,Heart rhythm and heart failure medicines,specific,medications_heart_medicines_heart_medicine,TRUE,,dose,dose|tablet|capsule|mg|g|ml|drop|puff|spray|patch|sachet|suppository|injection|unit,TRUE,Amiodarone Medications Heart medicines Heart rhythm and heart failure medicines,1927,TRUE,
medications_heart_medicines_flecainide,Flecainide,Medications,Heart medicines,Heart rhythm and heart failure medicines,specific,medications_heart_medicines_heart_medicine,TRUE,,dose,dose|tablet|capsule|mg|g|ml|drop|puff|spray|patch|sachet|suppository|injection|unit,TRUE,Flecainide Medications Heart medicines Heart rhythm and heart failure medicines,1928,TRUE,
medications_heart_medicines_sotalol,Sotalol,Medications,Heart medicines,Heart rhythm and heart failure medicines,specific,medications_heart_medicines_heart_medicine,TRUE,,dose,dose|tablet|capsule|mg|g|ml|drop|puff|spray|patch|sachet|suppository|injection|unit,TRUE,Sotalol Medications Heart medicines Heart rhythm and heart failure medicines,1929,TRUE,
medications_heart_medicines_propafenone,Propafenone,Medications,Heart medicines,Heart rhythm and heart failure medicines,specific,medications_heart_medicines_heart_medicine,TRUE,,dose,dose|tablet|capsule|mg|g|ml|drop|puff|spray|patch|sachet|suppository|injection|unit,TRUE,Propafenone Medications Heart medicines Heart rhythm and heart failure medicines,1930,TRUE,
medications_heart_medicines_ivabradine,Ivabradine,Medications,Heart medicines,Heart rhythm and heart failure medicines,specific,medications_heart_medicines_heart_medicine,TRUE,,dose,dose|tablet|capsule|mg|g|ml|drop|puff|spray|patch|sachet|suppository|injection|unit,TRUE,Ivabradine Medications Heart medicines Heart rhythm and heart failure medicines,1931,TRUE,
medications_heart_medicines_sacubitril_valsartan,Sacubitril-valsartan,Medications,Heart medicines,Heart rhythm and heart failure medicines,specific,medications_heart_medicines_heart_medicine,TRUE,,dose,dose|tablet|capsule|mg|g|ml|drop|puff|spray|patch|sachet|suppository|injection|unit,TRUE,Sacubitril-valsartan Medications Heart medicines Heart rhythm and heart failure medicines,1932,TRUE,
medications_heart_medicines_isosorbide_mononitrate,Isosorbide mononitrate,Medications,Heart medicines,Heart rhythm and heart failure medicines,specific,medications_heart_medicines_heart_medicine,TRUE,,dose,dose|tablet|capsule|mg|g|ml|drop|puff|spray|patch|sachet|suppository|injection|unit,TRUE,Isosorbide mononitrate Medications Heart medicines Heart rhythm and heart failure medicines,1933,TRUE,
medications_heart_medicines_nitroglycerin,Nitroglycerin,Medications,Heart medicines,Heart rhythm and heart failure medicines,specific,medications_heart_medicines_heart_medicine,TRUE,,dose,dose|tablet|capsule|mg|g|ml|drop|puff|spray|patch|sachet|suppository|injection|unit,TRUE,Nitroglycerin Medications Heart medicines Heart rhythm and heart failure medicines,1934,TRUE,
medications_heart_medicines_ranolazine,Ranolazine,Medications,Heart medicines,Heart rhythm and heart failure medicines,specific,medications_heart_medicines_heart_medicine,TRUE,,dose,dose|tablet|capsule|mg|g|ml|drop|puff|spray|patch|sachet|suppository|injection|unit,TRUE,Ranolazine Medications Heart medicines Heart rhythm and heart failure medicines,1935,TRUE,
medications_diabetes_medicines_diabetes_medicine,Diabetes medicine,Medications,Diabetes medicines,General,general,,TRUE,,dose,dose|tablet|capsule|mg|g|ml|drop|puff|spray|patch|sachet|suppository|injection|unit,TRUE,Diabetes medicine Medications Diabetes medicines General,1936,TRUE,General option remains selectable when the user does not want to choose a specific item.
medications_diabetes_medicines_metformin,Metformin,Medications,Diabetes medicines,Oral diabetes medicines,specific,medications_diabetes_medicines_diabetes_medicine,TRUE,,dose,dose|tablet|capsule|mg|g|ml|drop|puff|spray|patch|sachet|suppository|injection|unit,TRUE,Metformin Medications Diabetes medicines Oral diabetes medicines,1937,TRUE,
medications_diabetes_medicines_gliclazide,Gliclazide,Medications,Diabetes medicines,Oral diabetes medicines,specific,medications_diabetes_medicines_diabetes_medicine,TRUE,,dose,dose|tablet|capsule|mg|g|ml|drop|puff|spray|patch|sachet|suppository|injection|unit,TRUE,Gliclazide Medications Diabetes medicines Oral diabetes medicines,1938,TRUE,
medications_diabetes_medicines_glimepiride,Glimepiride,Medications,Diabetes medicines,Oral diabetes medicines,specific,medications_diabetes_medicines_diabetes_medicine,TRUE,,dose,dose|tablet|capsule|mg|g|ml|drop|puff|spray|patch|sachet|suppository|injection|unit,TRUE,Glimepiride Medications Diabetes medicines Oral diabetes medicines,1939,TRUE,
medications_diabetes_medicines_glipizide,Glipizide,Medications,Diabetes medicines,Oral diabetes medicines,specific,medications_diabetes_medicines_diabetes_medicine,TRUE,,dose,dose|tablet|capsule|mg|g|ml|drop|puff|spray|patch|sachet|suppository|injection|unit,TRUE,Glipizide Medications Diabetes medicines Oral diabetes medicines,1940,TRUE,
medications_diabetes_medicines_glyburide,Glyburide,Medications,Diabetes medicines,Oral diabetes medicines,specific,medications_diabetes_medicines_diabetes_medicine,TRUE,,dose,dose|tablet|capsule|mg|g|ml|drop|puff|spray|patch|sachet|suppository|injection|unit,TRUE,Glyburide Medications Diabetes medicines Oral diabetes medicines,1941,TRUE,
medications_diabetes_medicines_pioglitazone,Pioglitazone,Medications,Diabetes medicines,Oral diabetes medicines,specific,medications_diabetes_medicines_diabetes_medicine,TRUE,,dose,dose|tablet|capsule|mg|g|ml|drop|puff|spray|patch|sachet|suppository|injection|unit,TRUE,Pioglitazone Medications Diabetes medicines Oral diabetes medicines,1942,TRUE,
medications_diabetes_medicines_sitagliptin,Sitagliptin,Medications,Diabetes medicines,Oral diabetes medicines,specific,medications_diabetes_medicines_diabetes_medicine,TRUE,,dose,dose|tablet|capsule|mg|g|ml|drop|puff|spray|patch|sachet|suppository|injection|unit,TRUE,Sitagliptin Medications Diabetes medicines Oral diabetes medicines,1943,TRUE,
medications_diabetes_medicines_linagliptin,Linagliptin,Medications,Diabetes medicines,Oral diabetes medicines,specific,medications_diabetes_medicines_diabetes_medicine,TRUE,,dose,dose|tablet|capsule|mg|g|ml|drop|puff|spray|patch|sachet|suppository|injection|unit,TRUE,Linagliptin Medications Diabetes medicines Oral diabetes medicines,1944,TRUE,
medications_diabetes_medicines_saxagliptin,Saxagliptin,Medications,Diabetes medicines,Oral diabetes medicines,specific,medications_diabetes_medicines_diabetes_medicine,TRUE,,dose,dose|tablet|capsule|mg|g|ml|drop|puff|spray|patch|sachet|suppository|injection|unit,TRUE,Saxagliptin Medications Diabetes medicines Oral diabetes medicines,1945,TRUE,
medications_diabetes_medicines_vildagliptin,Vildagliptin,Medications,Diabetes medicines,Oral diabetes medicines,specific,medications_diabetes_medicines_diabetes_medicine,TRUE,,dose,dose|tablet|capsule|mg|g|ml|drop|puff|spray|patch|sachet|suppository|injection|unit,TRUE,Vildagliptin Medications Diabetes medicines Oral diabetes medicines,1946,TRUE,
medications_diabetes_medicines_empagliflozin,Empagliflozin,Medications,Diabetes medicines,Oral diabetes medicines,specific,medications_diabetes_medicines_diabetes_medicine,TRUE,,dose,dose|tablet|capsule|mg|g|ml|drop|puff|spray|patch|sachet|suppository|injection|unit,TRUE,Empagliflozin Medications Diabetes medicines Oral diabetes medicines,1947,TRUE,
medications_diabetes_medicines_dapagliflozin,Dapagliflozin,Medications,Diabetes medicines,Oral diabetes medicines,specific,medications_diabetes_medicines_diabetes_medicine,TRUE,,dose,dose|tablet|capsule|mg|g|ml|drop|puff|spray|patch|sachet|suppository|injection|unit,TRUE,Dapagliflozin Medications Diabetes medicines Oral diabetes medicines,1948,TRUE,
medications_diabetes_medicines_canagliflozin,Canagliflozin,Medications,Diabetes medicines,Oral diabetes medicines,specific,medications_diabetes_medicines_diabetes_medicine,TRUE,,dose,dose|tablet|capsule|mg|g|ml|drop|puff|spray|patch|sachet|suppository|injection|unit,TRUE,Canagliflozin Medications Diabetes medicines Oral diabetes medicines,1949,TRUE,
medications_diabetes_medicines_acarbose,Acarbose,Medications,Diabetes medicines,Oral diabetes medicines,specific,medications_diabetes_medicines_diabetes_medicine,TRUE,,dose,dose|tablet|capsule|mg|g|ml|drop|puff|spray|patch|sachet|suppository|injection|unit,TRUE,Acarbose Medications Diabetes medicines Oral diabetes medicines,1950,TRUE,
medications_diabetes_medicines_repaglinide,Repaglinide,Medications,Diabetes medicines,Oral diabetes medicines,specific,medications_diabetes_medicines_diabetes_medicine,TRUE,,dose,dose|tablet|capsule|mg|g|ml|drop|puff|spray|patch|sachet|suppository|injection|unit,TRUE,Repaglinide Medications Diabetes medicines Oral diabetes medicines,1951,TRUE,
medications_diabetes_medicines_semaglutide,Semaglutide,Medications,Diabetes medicines,GLP-1 and injectable medicines,specific,medications_diabetes_medicines_diabetes_medicine,TRUE,,dose,dose|tablet|capsule|mg|g|ml|drop|puff|spray|patch|sachet|suppository|injection|unit,TRUE,Semaglutide Medications Diabetes medicines GLP-1 and injectable medicines,1952,TRUE,
medications_diabetes_medicines_liraglutide,Liraglutide,Medications,Diabetes medicines,GLP-1 and injectable medicines,specific,medications_diabetes_medicines_diabetes_medicine,TRUE,,dose,dose|tablet|capsule|mg|g|ml|drop|puff|spray|patch|sachet|suppository|injection|unit,TRUE,Liraglutide Medications Diabetes medicines GLP-1 and injectable medicines,1953,TRUE,
medications_diabetes_medicines_dulaglutide,Dulaglutide,Medications,Diabetes medicines,GLP-1 and injectable medicines,specific,medications_diabetes_medicines_diabetes_medicine,TRUE,,dose,dose|tablet|capsule|mg|g|ml|drop|puff|spray|patch|sachet|suppository|injection|unit,TRUE,Dulaglutide Medications Diabetes medicines GLP-1 and injectable medicines,1954,TRUE,
medications_diabetes_medicines_exenatide,Exenatide,Medications,Diabetes medicines,GLP-1 and injectable medicines,specific,medications_diabetes_medicines_diabetes_medicine,TRUE,,dose,dose|tablet|capsule|mg|g|ml|drop|puff|spray|patch|sachet|suppository|injection|unit,TRUE,Exenatide Medications Diabetes medicines GLP-1 and injectable medicines,1955,TRUE,
medications_diabetes_medicines_tirzepatide,Tirzepatide,Medications,Diabetes medicines,GLP-1 and injectable medicines,specific,medications_diabetes_medicines_diabetes_medicine,TRUE,,dose,dose|tablet|capsule|mg|g|ml|drop|puff|spray|patch|sachet|suppository|injection|unit,TRUE,Tirzepatide Medications Diabetes medicines GLP-1 and injectable medicines,1956,TRUE,
medications_diabetes_medicines_rapid_acting_insulin,Rapid-acting insulin,Medications,Diabetes medicines,Insulin,specific,medications_diabetes_medicines_diabetes_medicine,TRUE,,dose,dose|tablet|capsule|mg|g|ml|drop|puff|spray|patch|sachet|suppository|injection|unit,TRUE,Rapid-acting insulin Medications Diabetes medicines Insulin,1957,TRUE,
medications_diabetes_medicines_short_acting_insulin,Short-acting insulin,Medications,Diabetes medicines,Insulin,specific,medications_diabetes_medicines_diabetes_medicine,TRUE,,dose,dose|tablet|capsule|mg|g|ml|drop|puff|spray|patch|sachet|suppository|injection|unit,TRUE,Short-acting insulin Medications Diabetes medicines Insulin,1958,TRUE,
medications_diabetes_medicines_intermediate_acting_insulin,Intermediate-acting insulin,Medications,Diabetes medicines,Insulin,specific,medications_diabetes_medicines_diabetes_medicine,TRUE,,dose,dose|tablet|capsule|mg|g|ml|drop|puff|spray|patch|sachet|suppository|injection|unit,TRUE,Intermediate-acting insulin Medications Diabetes medicines Insulin,1959,TRUE,
medications_diabetes_medicines_long_acting_insulin,Long-acting insulin,Medications,Diabetes medicines,Insulin,specific,medications_diabetes_medicines_diabetes_medicine,TRUE,,dose,dose|tablet|capsule|mg|g|ml|drop|puff|spray|patch|sachet|suppository|injection|unit,TRUE,Long-acting insulin Medications Diabetes medicines Insulin,1960,TRUE,
medications_diabetes_medicines_insulin_lispro,Insulin lispro,Medications,Diabetes medicines,Insulin,specific,medications_diabetes_medicines_diabetes_medicine,TRUE,,dose,dose|tablet|capsule|mg|g|ml|drop|puff|spray|patch|sachet|suppository|injection|unit,TRUE,Insulin lispro Medications Diabetes medicines Insulin,1961,TRUE,
medications_diabetes_medicines_insulin_aspart,Insulin aspart,Medications,Diabetes medicines,Insulin,specific,medications_diabetes_medicines_diabetes_medicine,TRUE,,dose,dose|tablet|capsule|mg|g|ml|drop|puff|spray|patch|sachet|suppository|injection|unit,TRUE,Insulin aspart Medications Diabetes medicines Insulin,1962,TRUE,
medications_diabetes_medicines_regular_insulin,Regular insulin,Medications,Diabetes medicines,Insulin,specific,medications_diabetes_medicines_diabetes_medicine,TRUE,,dose,dose|tablet|capsule|mg|g|ml|drop|puff|spray|patch|sachet|suppository|injection|unit,TRUE,Regular insulin Medications Diabetes medicines Insulin,1963,TRUE,
medications_diabetes_medicines_nph_insulin,NPH insulin,Medications,Diabetes medicines,Insulin,specific,medications_diabetes_medicines_diabetes_medicine,TRUE,,dose,dose|tablet|capsule|mg|g|ml|drop|puff|spray|patch|sachet|suppository|injection|unit,TRUE,NPH insulin Medications Diabetes medicines Insulin,1964,TRUE,
medications_diabetes_medicines_insulin_glargine,Insulin glargine,Medications,Diabetes medicines,Insulin,specific,medications_diabetes_medicines_diabetes_medicine,TRUE,,dose,dose|tablet|capsule|mg|g|ml|drop|puff|spray|patch|sachet|suppository|injection|unit,TRUE,Insulin glargine Medications Diabetes medicines Insulin,1965,TRUE,
medications_diabetes_medicines_insulin_detemir,Insulin detemir,Medications,Diabetes medicines,Insulin,specific,medications_diabetes_medicines_diabetes_medicine,TRUE,,dose,dose|tablet|capsule|mg|g|ml|drop|puff|spray|patch|sachet|suppository|injection|unit,TRUE,Insulin detemir Medications Diabetes medicines Insulin,1966,TRUE,
medications_diabetes_medicines_insulin_degludec,Insulin degludec,Medications,Diabetes medicines,Insulin,specific,medications_diabetes_medicines_diabetes_medicine,TRUE,,dose,dose|tablet|capsule|mg|g|ml|drop|puff|spray|patch|sachet|suppository|injection|unit,TRUE,Insulin degludec Medications Diabetes medicines Insulin,1967,TRUE,
medications_diabetes_medicines_premixed_insulin,Premixed insulin,Medications,Diabetes medicines,Insulin,specific,medications_diabetes_medicines_diabetes_medicine,TRUE,,dose,dose|tablet|capsule|mg|g|ml|drop|puff|spray|patch|sachet|suppository|injection|unit,TRUE,Premixed insulin Medications Diabetes medicines Insulin,1968,TRUE,
medications_low_blood_sugar_treatment_low_blood_sugar_treatment,Low blood sugar treatment,Medications,Low blood sugar treatment,General,general,,TRUE,,dose,dose|tablet|capsule|mg|g|ml|drop|puff|spray|patch|sachet|suppository|injection|unit,TRUE,Low blood sugar treatment Medications Low blood sugar treatment General,1969,TRUE,General option remains selectable when the user does not want to choose a specific item.
medications_low_blood_sugar_treatment_glucose_tablets,Glucose tablets,Medications,Low blood sugar treatment,Glucose rescue,specific,medications_low_blood_sugar_treatment_low_blood_sugar_treatment,TRUE,,dose,dose|tablet|capsule|mg|g|ml|drop|puff|spray|patch|sachet|suppository|injection|unit,TRUE,Glucose tablets Medications Low blood sugar treatment Glucose rescue,1970,TRUE,
medications_low_blood_sugar_treatment_glucose_gel,Glucose gel,Medications,Low blood sugar treatment,Glucose rescue,specific,medications_low_blood_sugar_treatment_low_blood_sugar_treatment,TRUE,,dose,dose|tablet|capsule|mg|g|ml|drop|puff|spray|patch|sachet|suppository|injection|unit,TRUE,Glucose gel Medications Low blood sugar treatment Glucose rescue,1971,TRUE,
medications_low_blood_sugar_treatment_glucagon_injection,Glucagon injection,Medications,Low blood sugar treatment,Glucose rescue,specific,medications_low_blood_sugar_treatment_low_blood_sugar_treatment,TRUE,,dose,dose|tablet|capsule|mg|g|ml|drop|puff|spray|patch|sachet|suppository|injection|unit,TRUE,Glucagon injection Medications Low blood sugar treatment Glucose rescue,1972,TRUE,
medications_low_blood_sugar_treatment_nasal_glucagon,Nasal glucagon,Medications,Low blood sugar treatment,Glucose rescue,specific,medications_low_blood_sugar_treatment_low_blood_sugar_treatment,TRUE,,dose,dose|tablet|capsule|mg|g|ml|drop|puff|spray|patch|sachet|suppository|injection|unit,TRUE,Nasal glucagon Medications Low blood sugar treatment Glucose rescue,1973,TRUE,
medications_thyroid_medicines_thyroid_medicine,Thyroid medicine,Medications,Thyroid medicines,General,general,,TRUE,,dose,dose|tablet|capsule|mg|g|ml|drop|puff|spray|patch|sachet|suppository|injection|unit,TRUE,Thyroid medicine Medications Thyroid medicines General,1974,TRUE,General option remains selectable when the user does not want to choose a specific item.
medications_thyroid_medicines_levothyroxine,Levothyroxine,Medications,Thyroid medicines,Thyroid replacement and antithyroid,specific,medications_thyroid_medicines_thyroid_medicine,TRUE,,dose,dose|tablet|capsule|mg|g|ml|drop|puff|spray|patch|sachet|suppository|injection|unit,TRUE,Levothyroxine Medications Thyroid medicines Thyroid replacement and antithyroid,1975,TRUE,
medications_thyroid_medicines_liothyronine,Liothyronine,Medications,Thyroid medicines,Thyroid replacement and antithyroid,specific,medications_thyroid_medicines_thyroid_medicine,TRUE,,dose,dose|tablet|capsule|mg|g|ml|drop|puff|spray|patch|sachet|suppository|injection|unit,TRUE,Liothyronine Medications Thyroid medicines Thyroid replacement and antithyroid,1976,TRUE,
medications_thyroid_medicines_carbimazole,Carbimazole,Medications,Thyroid medicines,Thyroid replacement and antithyroid,specific,medications_thyroid_medicines_thyroid_medicine,TRUE,,dose,dose|tablet|capsule|mg|g|ml|drop|puff|spray|patch|sachet|suppository|injection|unit,TRUE,Carbimazole Medications Thyroid medicines Thyroid replacement and antithyroid,1977,TRUE,
medications_thyroid_medicines_methimazole,Methimazole,Medications,Thyroid medicines,Thyroid replacement and antithyroid,specific,medications_thyroid_medicines_thyroid_medicine,TRUE,,dose,dose|tablet|capsule|mg|g|ml|drop|puff|spray|patch|sachet|suppository|injection|unit,TRUE,Methimazole Medications Thyroid medicines Thyroid replacement and antithyroid,1978,TRUE,
medications_thyroid_medicines_propylthiouracil,Propylthiouracil,Medications,Thyroid medicines,Thyroid replacement and antithyroid,specific,medications_thyroid_medicines_thyroid_medicine,TRUE,,dose,dose|tablet|capsule|mg|g|ml|drop|puff|spray|patch|sachet|suppository|injection|unit,TRUE,Propylthiouracil Medications Thyroid medicines Thyroid replacement and antithyroid,1979,TRUE,
medications_hormone_medicines_hormone_medicine,Hormone medicine,Medications,Hormone medicines,General,general,,TRUE,,dose,dose|tablet|capsule|mg|g|ml|drop|puff|spray|patch|sachet|suppository|injection|unit,TRUE,Hormone medicine Medications Hormone medicines General,1980,TRUE,General option remains selectable when the user does not want to choose a specific item.
medications_hormone_medicines_estrogen,Estrogen,Medications,Hormone medicines,Hormone replacement and endocrine medicines,specific,medications_hormone_medicines_hormone_medicine,TRUE,,dose,dose|tablet|capsule|mg|g|ml|drop|puff|spray|patch|sachet|suppository|injection|unit,TRUE,Estrogen Medications Hormone medicines Hormone replacement and endocrine medicines,1981,TRUE,
medications_hormone_medicines_progesterone,Progesterone,Medications,Hormone medicines,Hormone replacement and endocrine medicines,specific,medications_hormone_medicines_hormone_medicine,TRUE,,dose,dose|tablet|capsule|mg|g|ml|drop|puff|spray|patch|sachet|suppository|injection|unit,TRUE,Progesterone Medications Hormone medicines Hormone replacement and endocrine medicines,1982,TRUE,
medications_hormone_medicines_estradiol,Estradiol,Medications,Hormone medicines,Hormone replacement and endocrine medicines,specific,medications_hormone_medicines_hormone_medicine,TRUE,,dose,dose|tablet|capsule|mg|g|ml|drop|puff|spray|patch|sachet|suppository|injection|unit,TRUE,Estradiol Medications Hormone medicines Hormone replacement and endocrine medicines,1983,TRUE,
medications_hormone_medicines_testosterone,Testosterone,Medications,Hormone medicines,Hormone replacement and endocrine medicines,specific,medications_hormone_medicines_hormone_medicine,TRUE,,dose,dose|tablet|capsule|mg|g|ml|drop|puff|spray|patch|sachet|suppository|injection|unit,TRUE,Testosterone Medications Hormone medicines Hormone replacement and endocrine medicines,1984,TRUE,
medications_hormone_medicines_hydrocortisone_replacement,Hydrocortisone replacement,Medications,Hormone medicines,Hormone replacement and endocrine medicines,specific,medications_hormone_medicines_hormone_medicine,TRUE,,dose,dose|tablet|capsule|mg|g|ml|drop|puff|spray|patch|sachet|suppository|injection|unit,TRUE,Hydrocortisone replacement Medications Hormone medicines Hormone replacement and endocrine medicines,1985,TRUE,
medications_hormone_medicines_desmopressin,Desmopressin,Medications,Hormone medicines,Hormone replacement and endocrine medicines,specific,medications_hormone_medicines_hormone_medicine,TRUE,,dose,dose|tablet|capsule|mg|g|ml|drop|puff|spray|patch|sachet|suppository|injection|unit,TRUE,Desmopressin Medications Hormone medicines Hormone replacement and endocrine medicines,1986,TRUE,
medications_hormone_medicines_growth_hormone,Growth hormone,Medications,Hormone medicines,Hormone replacement and endocrine medicines,specific,medications_hormone_medicines_hormone_medicine,TRUE,,dose,dose|tablet|capsule|mg|g|ml|drop|puff|spray|patch|sachet|suppository|injection|unit,TRUE,Growth hormone Medications Hormone medicines Hormone replacement and endocrine medicines,1987,TRUE,
medications_hormone_medicines_cabergoline,Cabergoline,Medications,Hormone medicines,Hormone replacement and endocrine medicines,specific,medications_hormone_medicines_hormone_medicine,TRUE,,dose,dose|tablet|capsule|mg|g|ml|drop|puff|spray|patch|sachet|suppository|injection|unit,TRUE,Cabergoline Medications Hormone medicines Hormone replacement and endocrine medicines,1988,TRUE,
medications_hormone_medicines_bromocriptine,Bromocriptine,Medications,Hormone medicines,Hormone replacement and endocrine medicines,specific,medications_hormone_medicines_hormone_medicine,TRUE,,dose,dose|tablet|capsule|mg|g|ml|drop|puff|spray|patch|sachet|suppository|injection|unit,TRUE,Bromocriptine Medications Hormone medicines Hormone replacement and endocrine medicines,1989,TRUE,
medications_contraception_and_fertility_medicines_contraception_or_fertility_medicine,Contraception or fertility medicine,Medications,Contraception and fertility medicines,General,general,,TRUE,,dose,dose|tablet|capsule|mg|g|ml|drop|puff|spray|patch|sachet|suppository|injection|unit,TRUE,Contraception or fertility medicine Medications Contraception and fertility medicines General,1990,TRUE,General option remains selectable when the user does not want to choose a specific item.
medications_contraception_and_fertility_medicines_combined_oral_contraceptive,Combined oral contraceptive,Medications,Contraception and fertility medicines,Contraception,specific,medications_contraception_and_fertility_medicines_contraception_or_fertility_medicine,TRUE,,dose,dose|tablet|capsule|mg|g|ml|drop|puff|spray|patch|sachet|suppository|injection|unit,TRUE,Combined oral contraceptive Medications Contraception and fertility medicines Contraception,1991,TRUE,
medications_contraception_and_fertility_medicines_progestin_only_pill,Progestin-only pill,Medications,Contraception and fertility medicines,Contraception,specific,medications_contraception_and_fertility_medicines_contraception_or_fertility_medicine,TRUE,,dose,dose|tablet|capsule|mg|g|ml|drop|puff|spray|patch|sachet|suppository|injection|unit,TRUE,Progestin-only pill Medications Contraception and fertility medicines Contraception,1992,TRUE,
medications_contraception_and_fertility_medicines_emergency_contraception,Emergency contraception,Medications,Contraception and fertility medicines,Contraception,specific,medications_contraception_and_fertility_medicines_contraception_or_fertility_medicine,TRUE,,dose,dose|tablet|capsule|mg|g|ml|drop|puff|spray|patch|sachet|suppository|injection|unit,TRUE,Emergency contraception Medications Contraception and fertility medicines Contraception,1993,TRUE,
medications_contraception_and_fertility_medicines_contraceptive_patch,Contraceptive patch,Medications,Contraception and fertility medicines,Contraception,specific,medications_contraception_and_fertility_medicines_contraception_or_fertility_medicine,TRUE,,dose,dose|tablet|capsule|mg|g|ml|drop|puff|spray|patch|sachet|suppository|injection|unit,TRUE,Contraceptive patch Medications Contraception and fertility medicines Contraception,1994,TRUE,
medications_contraception_and_fertility_medicines_contraceptive_injection,Contraceptive injection,Medications,Contraception and fertility medicines,Contraception,specific,medications_contraception_and_fertility_medicines_contraception_or_fertility_medicine,TRUE,,dose,dose|tablet|capsule|mg|g|ml|drop|puff|spray|patch|sachet|suppository|injection|unit,TRUE,Contraceptive injection Medications Contraception and fertility medicines Contraception,1995,TRUE,
medications_contraception_and_fertility_medicines_contraceptive_implant_medicine,Contraceptive implant medicine,Medications,Contraception and fertility medicines,Contraception,specific,medications_contraception_and_fertility_medicines_contraception_or_fertility_medicine,TRUE,,dose,dose|tablet|capsule|mg|g|ml|drop|puff|spray|patch|sachet|suppository|injection|unit,TRUE,Contraceptive implant medicine Medications Contraception and fertility medicines Contraception,1996,TRUE,
medications_contraception_and_fertility_medicines_hormonal_iud_medicine,Hormonal IUD medicine,Medications,Contraception and fertility medicines,Contraception,specific,medications_contraception_and_fertility_medicines_contraception_or_fertility_medicine,TRUE,,dose,dose|tablet|capsule|mg|g|ml|drop|puff|spray|patch|sachet|suppository|injection|unit,TRUE,Hormonal IUD medicine Medications Contraception and fertility medicines Contraception,1997,TRUE,
medications_contraception_and_fertility_medicines_clomiphene,Clomiphene,Medications,Contraception and fertility medicines,Fertility and reproductive medicines,specific,medications_contraception_and_fertility_medicines_contraception_or_fertility_medicine,TRUE,,dose,dose|tablet|capsule|mg|g|ml|drop|puff|spray|patch|sachet|suppository|injection|unit,TRUE,Clomiphene Medications Contraception and fertility medicines Fertility and reproductive medicines,1998,TRUE,
medications_contraception_and_fertility_medicines_letrozole_fertility,Letrozole fertility,Medications,Contraception and fertility medicines,Fertility and reproductive medicines,specific,medications_contraception_and_fertility_medicines_contraception_or_fertility_medicine,TRUE,,dose,dose|tablet|capsule|mg|g|ml|drop|puff|spray|patch|sachet|suppository|injection|unit,TRUE,Letrozole fertility Medications Contraception and fertility medicines Fertility and reproductive medicines,1999,TRUE,
medications_contraception_and_fertility_medicines_gonadotropin_injection,Gonadotropin injection,Medications,Contraception and fertility medicines,Fertility and reproductive medicines,specific,medications_contraception_and_fertility_medicines_contraception_or_fertility_medicine,TRUE,,dose,dose|tablet|capsule|mg|g|ml|drop|puff|spray|patch|sachet|suppository|injection|unit,TRUE,Gonadotropin injection Medications Contraception and fertility medicines Fertility and reproductive medicines,2000,TRUE,
medications_contraception_and_fertility_medicines_hcg_injection,hCG injection,Medications,Contraception and fertility medicines,Fertility and reproductive medicines,specific,medications_contraception_and_fertility_medicines_contraception_or_fertility_medicine,TRUE,,dose,dose|tablet|capsule|mg|g|ml|drop|puff|spray|patch|sachet|suppository|injection|unit,TRUE,hCG injection Medications Contraception and fertility medicines Fertility and reproductive medicines,2001,TRUE,
medications_contraception_and_fertility_medicines_progesterone_fertility,Progesterone fertility,Medications,Contraception and fertility medicines,Fertility and reproductive medicines,specific,medications_contraception_and_fertility_medicines_contraception_or_fertility_medicine,TRUE,,dose,dose|tablet|capsule|mg|g|ml|drop|puff|spray|patch|sachet|suppository|injection|unit,TRUE,Progesterone fertility Medications Contraception and fertility medicines Fertility and reproductive medicines,2002,TRUE,
medications_contraception_and_fertility_medicines_oxytocin,Oxytocin,Medications,Contraception and fertility medicines,Fertility and reproductive medicines,specific,medications_contraception_and_fertility_medicines_contraception_or_fertility_medicine,TRUE,,dose,dose|tablet|capsule|mg|g|ml|drop|puff|spray|patch|sachet|suppository|injection|unit,TRUE,Oxytocin Medications Contraception and fertility medicines Fertility and reproductive medicines,2003,TRUE,
medications_contraception_and_fertility_medicines_misoprostol,Misoprostol,Medications,Contraception and fertility medicines,Fertility and reproductive medicines,specific,medications_contraception_and_fertility_medicines_contraception_or_fertility_medicine,TRUE,,dose,dose|tablet|capsule|mg|g|ml|drop|puff|spray|patch|sachet|suppository|injection|unit,TRUE,Misoprostol Medications Contraception and fertility medicines Fertility and reproductive medicines,2004,TRUE,
medications_antidepressants_antidepressant,Antidepressant,Medications,Antidepressants,General,general,,TRUE,,dose,dose|tablet|capsule|mg|g|ml|drop|puff|spray|patch|sachet|suppository|injection|unit,TRUE,Antidepressant Medications Antidepressants General,2005,TRUE,General option remains selectable when the user does not want to choose a specific item.
medications_antidepressants_sertraline,Sertraline,Medications,Antidepressants,SSRIs,specific,medications_antidepressants_antidepressant,TRUE,,dose,dose|tablet|capsule|mg|g|ml|drop|puff|spray|patch|sachet|suppository|injection|unit,TRUE,Sertraline Medications Antidepressants SSRIs,2006,TRUE,
medications_antidepressants_fluoxetine,Fluoxetine,Medications,Antidepressants,SSRIs,specific,medications_antidepressants_antidepressant,TRUE,,dose,dose|tablet|capsule|mg|g|ml|drop|puff|spray|patch|sachet|suppository|injection|unit,TRUE,Fluoxetine Medications Antidepressants SSRIs,2007,TRUE,
medications_antidepressants_escitalopram,Escitalopram,Medications,Antidepressants,SSRIs,specific,medications_antidepressants_antidepressant,TRUE,,dose,dose|tablet|capsule|mg|g|ml|drop|puff|spray|patch|sachet|suppository|injection|unit,TRUE,Escitalopram Medications Antidepressants SSRIs,2008,TRUE,
medications_antidepressants_citalopram,Citalopram,Medications,Antidepressants,SSRIs,specific,medications_antidepressants_antidepressant,TRUE,,dose,dose|tablet|capsule|mg|g|ml|drop|puff|spray|patch|sachet|suppository|injection|unit,TRUE,Citalopram Medications Antidepressants SSRIs,2009,TRUE,
medications_antidepressants_paroxetine,Paroxetine,Medications,Antidepressants,SSRIs,specific,medications_antidepressants_antidepressant,TRUE,,dose,dose|tablet|capsule|mg|g|ml|drop|puff|spray|patch|sachet|suppository|injection|unit,TRUE,Paroxetine Medications Antidepressants SSRIs,2010,TRUE,
medications_antidepressants_fluvoxamine,Fluvoxamine,Medications,Antidepressants,SSRIs,specific,medications_antidepressants_antidepressant,TRUE,,dose,dose|tablet|capsule|mg|g|ml|drop|puff|spray|patch|sachet|suppository|injection|unit,TRUE,Fluvoxamine Medications Antidepressants SSRIs,2011,TRUE,
medications_antidepressants_venlafaxine,Venlafaxine,Medications,Antidepressants,SNRIs and other antidepressants,specific,medications_antidepressants_antidepressant,TRUE,,dose,dose|tablet|capsule|mg|g|ml|drop|puff|spray|patch|sachet|suppository|injection|unit,TRUE,Venlafaxine Medications Antidepressants SNRIs and other antidepressants,2012,TRUE,
medications_antidepressants_desvenlafaxine,Desvenlafaxine,Medications,Antidepressants,SNRIs and other antidepressants,specific,medications_antidepressants_antidepressant,TRUE,,dose,dose|tablet|capsule|mg|g|ml|drop|puff|spray|patch|sachet|suppository|injection|unit,TRUE,Desvenlafaxine Medications Antidepressants SNRIs and other antidepressants,2013,TRUE,
medications_antidepressants_duloxetine,Duloxetine,Medications,Antidepressants,SNRIs and other antidepressants,specific,medications_antidepressants_antidepressant,TRUE,,dose,dose|tablet|capsule|mg|g|ml|drop|puff|spray|patch|sachet|suppository|injection|unit,TRUE,Duloxetine Medications Antidepressants SNRIs and other antidepressants,2014,TRUE,
medications_antidepressants_bupropion,Bupropion,Medications,Antidepressants,SNRIs and other antidepressants,specific,medications_antidepressants_antidepressant,TRUE,,dose,dose|tablet|capsule|mg|g|ml|drop|puff|spray|patch|sachet|suppository|injection|unit,TRUE,Bupropion Medications Antidepressants SNRIs and other antidepressants,2015,TRUE,
medications_antidepressants_mirtazapine,Mirtazapine,Medications,Antidepressants,SNRIs and other antidepressants,specific,medications_antidepressants_antidepressant,TRUE,,dose,dose|tablet|capsule|mg|g|ml|drop|puff|spray|patch|sachet|suppository|injection|unit,TRUE,Mirtazapine Medications Antidepressants SNRIs and other antidepressants,2016,TRUE,
medications_antidepressants_trazodone,Trazodone,Medications,Antidepressants,SNRIs and other antidepressants,specific,medications_antidepressants_antidepressant,TRUE,,dose,dose|tablet|capsule|mg|g|ml|drop|puff|spray|patch|sachet|suppository|injection|unit,TRUE,Trazodone Medications Antidepressants SNRIs and other antidepressants,2017,TRUE,
medications_antidepressants_vortioxetine,Vortioxetine,Medications,Antidepressants,SNRIs and other antidepressants,specific,medications_antidepressants_antidepressant,TRUE,,dose,dose|tablet|capsule|mg|g|ml|drop|puff|spray|patch|sachet|suppository|injection|unit,TRUE,Vortioxetine Medications Antidepressants SNRIs and other antidepressants,2018,TRUE,
medications_antidepressants_agomelatine,Agomelatine,Medications,Antidepressants,SNRIs and other antidepressants,specific,medications_antidepressants_antidepressant,TRUE,,dose,dose|tablet|capsule|mg|g|ml|drop|puff|spray|patch|sachet|suppository|injection|unit,TRUE,Agomelatine Medications Antidepressants SNRIs and other antidepressants,2019,TRUE,
medications_antidepressants_amitriptyline,Amitriptyline,Medications,Antidepressants,Tricyclic and MAOI antidepressants,specific,medications_antidepressants_antidepressant,TRUE,,dose,dose|tablet|capsule|mg|g|ml|drop|puff|spray|patch|sachet|suppository|injection|unit,TRUE,Amitriptyline Medications Antidepressants Tricyclic and MAOI antidepressants,2020,TRUE,
medications_antidepressants_nortriptyline,Nortriptyline,Medications,Antidepressants,Tricyclic and MAOI antidepressants,specific,medications_antidepressants_antidepressant,TRUE,,dose,dose|tablet|capsule|mg|g|ml|drop|puff|spray|patch|sachet|suppository|injection|unit,TRUE,Nortriptyline Medications Antidepressants Tricyclic and MAOI antidepressants,2021,TRUE,
medications_antidepressants_imipramine,Imipramine,Medications,Antidepressants,Tricyclic and MAOI antidepressants,specific,medications_antidepressants_antidepressant,TRUE,,dose,dose|tablet|capsule|mg|g|ml|drop|puff|spray|patch|sachet|suppository|injection|unit,TRUE,Imipramine Medications Antidepressants Tricyclic and MAOI antidepressants,2022,TRUE,
medications_antidepressants_clomipramine,Clomipramine,Medications,Antidepressants,Tricyclic and MAOI antidepressants,specific,medications_antidepressants_antidepressant,TRUE,,dose,dose|tablet|capsule|mg|g|ml|drop|puff|spray|patch|sachet|suppository|injection|unit,TRUE,Clomipramine Medications Antidepressants Tricyclic and MAOI antidepressants,2023,TRUE,
medications_antidepressants_doxepin,Doxepin,Medications,Antidepressants,Tricyclic and MAOI antidepressants,specific,medications_antidepressants_antidepressant,TRUE,,dose,dose|tablet|capsule|mg|g|ml|drop|puff|spray|patch|sachet|suppository|injection|unit,TRUE,Doxepin Medications Antidepressants Tricyclic and MAOI antidepressants,2024,TRUE,
medications_antidepressants_phenelzine,Phenelzine,Medications,Antidepressants,Tricyclic and MAOI antidepressants,specific,medications_antidepressants_antidepressant,TRUE,,dose,dose|tablet|capsule|mg|g|ml|drop|puff|spray|patch|sachet|suppository|injection|unit,TRUE,Phenelzine Medications Antidepressants Tricyclic and MAOI antidepressants,2025,TRUE,
medications_antidepressants_tranylcypromine,Tranylcypromine,Medications,Antidepressants,Tricyclic and MAOI antidepressants,specific,medications_antidepressants_antidepressant,TRUE,,dose,dose|tablet|capsule|mg|g|ml|drop|puff|spray|patch|sachet|suppository|injection|unit,TRUE,Tranylcypromine Medications Antidepressants Tricyclic and MAOI antidepressants,2026,TRUE,
medications_anxiety_and_sedative_medicines_anxiety_or_sedative_medicine,Anxiety or sedative medicine,Medications,Anxiety and sedative medicines,General,general,,TRUE,,dose,dose|tablet|capsule|mg|g|ml|drop|puff|spray|patch|sachet|suppository|injection|unit,TRUE,Anxiety or sedative medicine Medications Anxiety and sedative medicines General,2027,TRUE,General option remains selectable when the user does not want to choose a specific item.
medications_anxiety_and_sedative_medicines_diazepam,Diazepam,Medications,Anxiety and sedative medicines,Benzodiazepines,specific,medications_anxiety_and_sedative_medicines_anxiety_or_sedative_medicine,TRUE,,dose,dose|tablet|capsule|mg|g|ml|drop|puff|spray|patch|sachet|suppository|injection|unit,TRUE,Diazepam Medications Anxiety and sedative medicines Benzodiazepines,2028,TRUE,
medications_anxiety_and_sedative_medicines_lorazepam,Lorazepam,Medications,Anxiety and sedative medicines,Benzodiazepines,specific,medications_anxiety_and_sedative_medicines_anxiety_or_sedative_medicine,TRUE,,dose,dose|tablet|capsule|mg|g|ml|drop|puff|spray|patch|sachet|suppository|injection|unit,TRUE,Lorazepam Medications Anxiety and sedative medicines Benzodiazepines,2029,TRUE,
medications_anxiety_and_sedative_medicines_alprazolam,Alprazolam,Medications,Anxiety and sedative medicines,Benzodiazepines,specific,medications_anxiety_and_sedative_medicines_anxiety_or_sedative_medicine,TRUE,,dose,dose|tablet|capsule|mg|g|ml|drop|puff|spray|patch|sachet|suppository|injection|unit,TRUE,Alprazolam Medications Anxiety and sedative medicines Benzodiazepines,2030,TRUE,
medications_anxiety_and_sedative_medicines_clonazepam,Clonazepam,Medications,Anxiety and sedative medicines,Benzodiazepines,specific,medications_anxiety_and_sedative_medicines_anxiety_or_sedative_medicine,TRUE,,dose,dose|tablet|capsule|mg|g|ml|drop|puff|spray|patch|sachet|suppository|injection|unit,TRUE,Clonazepam Medications Anxiety and sedative medicines Benzodiazepines,2031,TRUE,
medications_anxiety_and_sedative_medicines_oxazepam,Oxazepam,Medications,Anxiety and sedative medicines,Benzodiazepines,specific,medications_anxiety_and_sedative_medicines_anxiety_or_sedative_medicine,TRUE,,dose,dose|tablet|capsule|mg|g|ml|drop|puff|spray|patch|sachet|suppository|injection|unit,TRUE,Oxazepam Medications Anxiety and sedative medicines Benzodiazepines,2032,TRUE,
medications_anxiety_and_sedative_medicines_temazepam,Temazepam,Medications,Anxiety and sedative medicines,Benzodiazepines,specific,medications_anxiety_and_sedative_medicines_anxiety_or_sedative_medicine,TRUE,,dose,dose|tablet|capsule|mg|g|ml|drop|puff|spray|patch|sachet|suppository|injection|unit,TRUE,Temazepam Medications Anxiety and sedative medicines Benzodiazepines,2033,TRUE,
medications_anxiety_and_sedative_medicines_midazolam,Midazolam,Medications,Anxiety and sedative medicines,Benzodiazepines,specific,medications_anxiety_and_sedative_medicines_anxiety_or_sedative_medicine,TRUE,,dose,dose|tablet|capsule|mg|g|ml|drop|puff|spray|patch|sachet|suppository|injection|unit,TRUE,Midazolam Medications Anxiety and sedative medicines Benzodiazepines,2034,TRUE,
medications_anxiety_and_sedative_medicines_buspirone,Buspirone,Medications,Anxiety and sedative medicines,Other anxiety and sleep medicines,specific,medications_anxiety_and_sedative_medicines_anxiety_or_sedative_medicine,TRUE,,dose,dose|tablet|capsule|mg|g|ml|drop|puff|spray|patch|sachet|suppository|injection|unit,TRUE,Buspirone Medications Anxiety and sedative medicines Other anxiety and sleep medicines,2035,TRUE,
medications_anxiety_and_sedative_medicines_pregabalin_anxiety,Pregabalin anxiety,Medications,Anxiety and sedative medicines,Other anxiety and sleep medicines,specific,medications_anxiety_and_sedative_medicines_anxiety_or_sedative_medicine,TRUE,,dose,dose|tablet|capsule|mg|g|ml|drop|puff|spray|patch|sachet|suppository|injection|unit,TRUE,Pregabalin anxiety Medications Anxiety and sedative medicines Other anxiety and sleep medicines,2036,TRUE,
medications_anxiety_and_sedative_medicines_hydroxyzine_anxiety,Hydroxyzine anxiety,Medications,Anxiety and sedative medicines,Other anxiety and sleep medicines,specific,medications_anxiety_and_sedative_medicines_anxiety_or_sedative_medicine,TRUE,,dose,dose|tablet|capsule|mg|g|ml|drop|puff|spray|patch|sachet|suppository|injection|unit,TRUE,Hydroxyzine anxiety Medications Anxiety and sedative medicines Other anxiety and sleep medicines,2037,TRUE,
medications_anxiety_and_sedative_medicines_zolpidem,Zolpidem,Medications,Anxiety and sedative medicines,Other anxiety and sleep medicines,specific,medications_anxiety_and_sedative_medicines_anxiety_or_sedative_medicine,TRUE,,dose,dose|tablet|capsule|mg|g|ml|drop|puff|spray|patch|sachet|suppository|injection|unit,TRUE,Zolpidem Medications Anxiety and sedative medicines Other anxiety and sleep medicines,2038,TRUE,
medications_anxiety_and_sedative_medicines_zopiclone,Zopiclone,Medications,Anxiety and sedative medicines,Other anxiety and sleep medicines,specific,medications_anxiety_and_sedative_medicines_anxiety_or_sedative_medicine,TRUE,,dose,dose|tablet|capsule|mg|g|ml|drop|puff|spray|patch|sachet|suppository|injection|unit,TRUE,Zopiclone Medications Anxiety and sedative medicines Other anxiety and sleep medicines,2039,TRUE,
medications_anxiety_and_sedative_medicines_eszopiclone,Eszopiclone,Medications,Anxiety and sedative medicines,Other anxiety and sleep medicines,specific,medications_anxiety_and_sedative_medicines_anxiety_or_sedative_medicine,TRUE,,dose,dose|tablet|capsule|mg|g|ml|drop|puff|spray|patch|sachet|suppository|injection|unit,TRUE,Eszopiclone Medications Anxiety and sedative medicines Other anxiety and sleep medicines,2040,TRUE,
medications_anxiety_and_sedative_medicines_melatonin_medicine,Melatonin medicine,Medications,Anxiety and sedative medicines,Other anxiety and sleep medicines,specific,medications_anxiety_and_sedative_medicines_anxiety_or_sedative_medicine,TRUE,,dose,dose|tablet|capsule|mg|g|ml|drop|puff|spray|patch|sachet|suppository|injection|unit,TRUE,Melatonin medicine Medications Anxiety and sedative medicines Other anxiety and sleep medicines,2041,TRUE,
medications_anxiety_and_sedative_medicines_suvorexant,Suvorexant,Medications,Anxiety and sedative medicines,Other anxiety and sleep medicines,specific,medications_anxiety_and_sedative_medicines_anxiety_or_sedative_medicine,TRUE,,dose,dose|tablet|capsule|mg|g|ml|drop|puff|spray|patch|sachet|suppository|injection|unit,TRUE,Suvorexant Medications Anxiety and sedative medicines Other anxiety and sleep medicines,2042,TRUE,
medications_antipsychotic_medicines_antipsychotic_medicine,Antipsychotic medicine,Medications,Antipsychotic medicines,General,general,,TRUE,,dose,dose|tablet|capsule|mg|g|ml|drop|puff|spray|patch|sachet|suppository|injection|unit,TRUE,Antipsychotic medicine Medications Antipsychotic medicines General,2043,TRUE,General option remains selectable when the user does not want to choose a specific item.
medications_antipsychotic_medicines_risperidone,Risperidone,Medications,Antipsychotic medicines,Antipsychotics,specific,medications_antipsychotic_medicines_antipsychotic_medicine,TRUE,,dose,dose|tablet|capsule|mg|g|ml|drop|puff|spray|patch|sachet|suppository|injection|unit,TRUE,Risperidone Medications Antipsychotic medicines Antipsychotics,2044,TRUE,
medications_antipsychotic_medicines_olanzapine,Olanzapine,Medications,Antipsychotic medicines,Antipsychotics,specific,medications_antipsychotic_medicines_antipsychotic_medicine,TRUE,,dose,dose|tablet|capsule|mg|g|ml|drop|puff|spray|patch|sachet|suppository|injection|unit,TRUE,Olanzapine Medications Antipsychotic medicines Antipsychotics,2045,TRUE,
medications_antipsychotic_medicines_quetiapine,Quetiapine,Medications,Antipsychotic medicines,Antipsychotics,specific,medications_antipsychotic_medicines_antipsychotic_medicine,TRUE,,dose,dose|tablet|capsule|mg|g|ml|drop|puff|spray|patch|sachet|suppository|injection|unit,TRUE,Quetiapine Medications Antipsychotic medicines Antipsychotics,2046,TRUE,
medications_antipsychotic_medicines_aripiprazole,Aripiprazole,Medications,Antipsychotic medicines,Antipsychotics,specific,medications_antipsychotic_medicines_antipsychotic_medicine,TRUE,,dose,dose|tablet|capsule|mg|g|ml|drop|puff|spray|patch|sachet|suppository|injection|unit,TRUE,Aripiprazole Medications Antipsychotic medicines Antipsychotics,2047,TRUE,
medications_antipsychotic_medicines_ziprasidone,Ziprasidone,Medications,Antipsychotic medicines,Antipsychotics,specific,medications_antipsychotic_medicines_antipsychotic_medicine,TRUE,,dose,dose|tablet|capsule|mg|g|ml|drop|puff|spray|patch|sachet|suppository|injection|unit,TRUE,Ziprasidone Medications Antipsychotic medicines Antipsychotics,2048,TRUE,
medications_antipsychotic_medicines_paliperidone,Paliperidone,Medications,Antipsychotic medicines,Antipsychotics,specific,medications_antipsychotic_medicines_antipsychotic_medicine,TRUE,,dose,dose|tablet|capsule|mg|g|ml|drop|puff|spray|patch|sachet|suppository|injection|unit,TRUE,Paliperidone Medications Antipsychotic medicines Antipsychotics,2049,TRUE,
medications_antipsychotic_medicines_clozapine,Clozapine,Medications,Antipsychotic medicines,Antipsychotics,specific,medications_antipsychotic_medicines_antipsychotic_medicine,TRUE,,dose,dose|tablet|capsule|mg|g|ml|drop|puff|spray|patch|sachet|suppository|injection|unit,TRUE,Clozapine Medications Antipsychotic medicines Antipsychotics,2050,TRUE,
medications_antipsychotic_medicines_haloperidol,Haloperidol,Medications,Antipsychotic medicines,Antipsychotics,specific,medications_antipsychotic_medicines_antipsychotic_medicine,TRUE,,dose,dose|tablet|capsule|mg|g|ml|drop|puff|spray|patch|sachet|suppository|injection|unit,TRUE,Haloperidol Medications Antipsychotic medicines Antipsychotics,2051,TRUE,
medications_antipsychotic_medicines_chlorpromazine,Chlorpromazine,Medications,Antipsychotic medicines,Antipsychotics,specific,medications_antipsychotic_medicines_antipsychotic_medicine,TRUE,,dose,dose|tablet|capsule|mg|g|ml|drop|puff|spray|patch|sachet|suppository|injection|unit,TRUE,Chlorpromazine Medications Antipsychotic medicines Antipsychotics,2052,TRUE,
medications_antipsychotic_medicines_fluphenazine,Fluphenazine,Medications,Antipsychotic medicines,Antipsychotics,specific,medications_antipsychotic_medicines_antipsychotic_medicine,TRUE,,dose,dose|tablet|capsule|mg|g|ml|drop|puff|spray|patch|sachet|suppository|injection|unit,TRUE,Fluphenazine Medications Antipsychotic medicines Antipsychotics,2053,TRUE,
medications_antipsychotic_medicines_lurasidone,Lurasidone,Medications,Antipsychotic medicines,Antipsychotics,specific,medications_antipsychotic_medicines_antipsychotic_medicine,TRUE,,dose,dose|tablet|capsule|mg|g|ml|drop|puff|spray|patch|sachet|suppository|injection|unit,TRUE,Lurasidone Medications Antipsychotic medicines Antipsychotics,2054,TRUE,
medications_antipsychotic_medicines_amisulpride,Amisulpride,Medications,Antipsychotic medicines,Antipsychotics,specific,medications_antipsychotic_medicines_antipsychotic_medicine,TRUE,,dose,dose|tablet|capsule|mg|g|ml|drop|puff|spray|patch|sachet|suppository|injection|unit,TRUE,Amisulpride Medications Antipsychotic medicines Antipsychotics,2055,TRUE,
medications_mood_stabilizers_mood_stabilizer,Mood stabilizer,Medications,Mood stabilizers,General,general,,TRUE,,dose,dose|tablet|capsule|mg|g|ml|drop|puff|spray|patch|sachet|suppository|injection|unit,TRUE,Mood stabilizer Medications Mood stabilizers General,2056,TRUE,General option remains selectable when the user does not want to choose a specific item.
medications_mood_stabilizers_lithium,Lithium,Medications,Mood stabilizers,Mood medicines,specific,medications_mood_stabilizers_mood_stabilizer,TRUE,,dose,dose|tablet|capsule|mg|g|ml|drop|puff|spray|patch|sachet|suppository|injection|unit,TRUE,Lithium Medications Mood stabilizers Mood medicines,2057,TRUE,
medications_mood_stabilizers_valproate,Valproate,Medications,Mood stabilizers,Mood medicines,specific,medications_mood_stabilizers_mood_stabilizer,TRUE,,dose,dose|tablet|capsule|mg|g|ml|drop|puff|spray|patch|sachet|suppository|injection|unit,TRUE,Valproate Medications Mood stabilizers Mood medicines,2058,TRUE,
medications_mood_stabilizers_divalproex,Divalproex,Medications,Mood stabilizers,Mood medicines,specific,medications_mood_stabilizers_mood_stabilizer,TRUE,,dose,dose|tablet|capsule|mg|g|ml|drop|puff|spray|patch|sachet|suppository|injection|unit,TRUE,Divalproex Medications Mood stabilizers Mood medicines,2059,TRUE,
medications_mood_stabilizers_lamotrigine,Lamotrigine,Medications,Mood stabilizers,Mood medicines,specific,medications_mood_stabilizers_mood_stabilizer,TRUE,,dose,dose|tablet|capsule|mg|g|ml|drop|puff|spray|patch|sachet|suppository|injection|unit,TRUE,Lamotrigine Medications Mood stabilizers Mood medicines,2060,TRUE,
medications_mood_stabilizers_carbamazepine_mood,Carbamazepine mood,Medications,Mood stabilizers,Mood medicines,specific,medications_mood_stabilizers_mood_stabilizer,TRUE,,dose,dose|tablet|capsule|mg|g|ml|drop|puff|spray|patch|sachet|suppository|injection|unit,TRUE,Carbamazepine mood Medications Mood stabilizers Mood medicines,2061,TRUE,
medications_adhd_medicines_adhd_medicine,ADHD medicine,Medications,ADHD medicines,General,general,,TRUE,,dose,dose|tablet|capsule|mg|g|ml|drop|puff|spray|patch|sachet|suppository|injection|unit,TRUE,ADHD medicine Medications ADHD medicines General,2062,TRUE,General option remains selectable when the user does not want to choose a specific item.
medications_adhd_medicines_methylphenidate,Methylphenidate,Medications,ADHD medicines,Stimulant and non-stimulant medicines,specific,medications_adhd_medicines_adhd_medicine,TRUE,,dose,dose|tablet|capsule|mg|g|ml|drop|puff|spray|patch|sachet|suppository|injection|unit,TRUE,Methylphenidate Medications ADHD medicines Stimulant and non-stimulant medicines,2063,TRUE,
medications_adhd_medicines_dexmethylphenidate,Dexmethylphenidate,Medications,ADHD medicines,Stimulant and non-stimulant medicines,specific,medications_adhd_medicines_adhd_medicine,TRUE,,dose,dose|tablet|capsule|mg|g|ml|drop|puff|spray|patch|sachet|suppository|injection|unit,TRUE,Dexmethylphenidate Medications ADHD medicines Stimulant and non-stimulant medicines,2064,TRUE,
medications_adhd_medicines_amphetamine_dextroamphetamine,Amphetamine-dextroamphetamine,Medications,ADHD medicines,Stimulant and non-stimulant medicines,specific,medications_adhd_medicines_adhd_medicine,TRUE,,dose,dose|tablet|capsule|mg|g|ml|drop|puff|spray|patch|sachet|suppository|injection|unit,TRUE,Amphetamine-dextroamphetamine Medications ADHD medicines Stimulant and non-stimulant medicines,2065,TRUE,
medications_adhd_medicines_lisdexamfetamine,Lisdexamfetamine,Medications,ADHD medicines,Stimulant and non-stimulant medicines,specific,medications_adhd_medicines_adhd_medicine,TRUE,,dose,dose|tablet|capsule|mg|g|ml|drop|puff|spray|patch|sachet|suppository|injection|unit,TRUE,Lisdexamfetamine Medications ADHD medicines Stimulant and non-stimulant medicines,2066,TRUE,
medications_adhd_medicines_atomoxetine,Atomoxetine,Medications,ADHD medicines,Stimulant and non-stimulant medicines,specific,medications_adhd_medicines_adhd_medicine,TRUE,,dose,dose|tablet|capsule|mg|g|ml|drop|puff|spray|patch|sachet|suppository|injection|unit,TRUE,Atomoxetine Medications ADHD medicines Stimulant and non-stimulant medicines,2067,TRUE,
medications_adhd_medicines_guanfacine,Guanfacine,Medications,ADHD medicines,Stimulant and non-stimulant medicines,specific,medications_adhd_medicines_adhd_medicine,TRUE,,dose,dose|tablet|capsule|mg|g|ml|drop|puff|spray|patch|sachet|suppository|injection|unit,TRUE,Guanfacine Medications ADHD medicines Stimulant and non-stimulant medicines,2068,TRUE,
medications_adhd_medicines_clonidine_adhd,Clonidine ADHD,Medications,ADHD medicines,Stimulant and non-stimulant medicines,specific,medications_adhd_medicines_adhd_medicine,TRUE,,dose,dose|tablet|capsule|mg|g|ml|drop|puff|spray|patch|sachet|suppository|injection|unit,TRUE,Clonidine ADHD Medications ADHD medicines Stimulant and non-stimulant medicines,2069,TRUE,
medications_seizure_medicines_seizure_medicine,Seizure medicine,Medications,Seizure medicines,General,general,,TRUE,,dose,dose|tablet|capsule|mg|g|ml|drop|puff|spray|patch|sachet|suppository|injection|unit,TRUE,Seizure medicine Medications Seizure medicines General,2070,TRUE,General option remains selectable when the user does not want to choose a specific item.
medications_seizure_medicines_levetiracetam,Levetiracetam,Medications,Seizure medicines,Antiseizure medicines,specific,medications_seizure_medicines_seizure_medicine,TRUE,,dose,dose|tablet|capsule|mg|g|ml|drop|puff|spray|patch|sachet|suppository|injection|unit,TRUE,Levetiracetam Medications Seizure medicines Antiseizure medicines,2071,TRUE,
medications_seizure_medicines_lamotrigine_seizure,Lamotrigine seizure,Medications,Seizure medicines,Antiseizure medicines,specific,medications_seizure_medicines_seizure_medicine,TRUE,,dose,dose|tablet|capsule|mg|g|ml|drop|puff|spray|patch|sachet|suppository|injection|unit,TRUE,Lamotrigine seizure Medications Seizure medicines Antiseizure medicines,2072,TRUE,
medications_seizure_medicines_valproic_acid,Valproic acid,Medications,Seizure medicines,Antiseizure medicines,specific,medications_seizure_medicines_seizure_medicine,TRUE,,dose,dose|tablet|capsule|mg|g|ml|drop|puff|spray|patch|sachet|suppository|injection|unit,TRUE,Valproic acid Medications Seizure medicines Antiseizure medicines,2073,TRUE,
medications_seizure_medicines_carbamazepine,Carbamazepine,Medications,Seizure medicines,Antiseizure medicines,specific,medications_seizure_medicines_seizure_medicine,TRUE,,dose,dose|tablet|capsule|mg|g|ml|drop|puff|spray|patch|sachet|suppository|injection|unit,TRUE,Carbamazepine Medications Seizure medicines Antiseizure medicines,2074,TRUE,
medications_seizure_medicines_oxcarbazepine,Oxcarbazepine,Medications,Seizure medicines,Antiseizure medicines,specific,medications_seizure_medicines_seizure_medicine,TRUE,,dose,dose|tablet|capsule|mg|g|ml|drop|puff|spray|patch|sachet|suppository|injection|unit,TRUE,Oxcarbazepine Medications Seizure medicines Antiseizure medicines,2075,TRUE,
medications_seizure_medicines_topiramate,Topiramate,Medications,Seizure medicines,Antiseizure medicines,specific,medications_seizure_medicines_seizure_medicine,TRUE,,dose,dose|tablet|capsule|mg|g|ml|drop|puff|spray|patch|sachet|suppository|injection|unit,TRUE,Topiramate Medications Seizure medicines Antiseizure medicines,2076,TRUE,
medications_seizure_medicines_gabapentin,Gabapentin,Medications,Seizure medicines,Antiseizure medicines,specific,medications_seizure_medicines_seizure_medicine,TRUE,,dose,dose|tablet|capsule|mg|g|ml|drop|puff|spray|patch|sachet|suppository|injection|unit,TRUE,Gabapentin Medications Seizure medicines Antiseizure medicines,2077,TRUE,
medications_seizure_medicines_pregabalin,Pregabalin,Medications,Seizure medicines,Antiseizure medicines,specific,medications_seizure_medicines_seizure_medicine,TRUE,,dose,dose|tablet|capsule|mg|g|ml|drop|puff|spray|patch|sachet|suppository|injection|unit,TRUE,Pregabalin Medications Seizure medicines Antiseizure medicines,2078,TRUE,
medications_seizure_medicines_phenytoin,Phenytoin,Medications,Seizure medicines,Antiseizure medicines,specific,medications_seizure_medicines_seizure_medicine,TRUE,,dose,dose|tablet|capsule|mg|g|ml|drop|puff|spray|patch|sachet|suppository|injection|unit,TRUE,Phenytoin Medications Seizure medicines Antiseizure medicines,2079,TRUE,
medications_seizure_medicines_phenobarbital,Phenobarbital,Medications,Seizure medicines,Antiseizure medicines,specific,medications_seizure_medicines_seizure_medicine,TRUE,,dose,dose|tablet|capsule|mg|g|ml|drop|puff|spray|patch|sachet|suppository|injection|unit,TRUE,Phenobarbital Medications Seizure medicines Antiseizure medicines,2080,TRUE,
medications_seizure_medicines_lacosamide,Lacosamide,Medications,Seizure medicines,Antiseizure medicines,specific,medications_seizure_medicines_seizure_medicine,TRUE,,dose,dose|tablet|capsule|mg|g|ml|drop|puff|spray|patch|sachet|suppository|injection|unit,TRUE,Lacosamide Medications Seizure medicines Antiseizure medicines,2081,TRUE,
medications_seizure_medicines_zonisamide,Zonisamide,Medications,Seizure medicines,Antiseizure medicines,specific,medications_seizure_medicines_seizure_medicine,TRUE,,dose,dose|tablet|capsule|mg|g|ml|drop|puff|spray|patch|sachet|suppository|injection|unit,TRUE,Zonisamide Medications Seizure medicines Antiseizure medicines,2082,TRUE,
medications_seizure_medicines_clobazam,Clobazam,Medications,Seizure medicines,Antiseizure medicines,specific,medications_seizure_medicines_seizure_medicine,TRUE,,dose,dose|tablet|capsule|mg|g|ml|drop|puff|spray|patch|sachet|suppository|injection|unit,TRUE,Clobazam Medications Seizure medicines Antiseizure medicines,2083,TRUE,
medications_seizure_medicines_ethosuximide,Ethosuximide,Medications,Seizure medicines,Antiseizure medicines,specific,medications_seizure_medicines_seizure_medicine,TRUE,,dose,dose|tablet|capsule|mg|g|ml|drop|puff|spray|patch|sachet|suppository|injection|unit,TRUE,Ethosuximide Medications Seizure medicines Antiseizure medicines,2084,TRUE,
medications_migraine_medicines_migraine_medicine,Migraine medicine,Medications,Migraine medicines,General,general,,TRUE,,dose,dose|tablet|capsule|mg|g|ml|drop|puff|spray|patch|sachet|suppository|injection|unit,TRUE,Migraine medicine Medications Migraine medicines General,2085,TRUE,General option remains selectable when the user does not want to choose a specific item.
medications_migraine_medicines_sumatriptan,Sumatriptan,Medications,Migraine medicines,Acute migraine medicines,specific,medications_migraine_medicines_migraine_medicine,TRUE,,dose,dose|tablet|capsule|mg|g|ml|drop|puff|spray|patch|sachet|suppository|injection|unit,TRUE,Sumatriptan Medications Migraine medicines Acute migraine medicines,2086,TRUE,
medications_migraine_medicines_rizatriptan,Rizatriptan,Medications,Migraine medicines,Acute migraine medicines,specific,medications_migraine_medicines_migraine_medicine,TRUE,,dose,dose|tablet|capsule|mg|g|ml|drop|puff|spray|patch|sachet|suppository|injection|unit,TRUE,Rizatriptan Medications Migraine medicines Acute migraine medicines,2087,TRUE,
medications_migraine_medicines_zolmitriptan,Zolmitriptan,Medications,Migraine medicines,Acute migraine medicines,specific,medications_migraine_medicines_migraine_medicine,TRUE,,dose,dose|tablet|capsule|mg|g|ml|drop|puff|spray|patch|sachet|suppository|injection|unit,TRUE,Zolmitriptan Medications Migraine medicines Acute migraine medicines,2088,TRUE,
medications_migraine_medicines_eletriptan,Eletriptan,Medications,Migraine medicines,Acute migraine medicines,specific,medications_migraine_medicines_migraine_medicine,TRUE,,dose,dose|tablet|capsule|mg|g|ml|drop|puff|spray|patch|sachet|suppository|injection|unit,TRUE,Eletriptan Medications Migraine medicines Acute migraine medicines,2089,TRUE,
medications_migraine_medicines_naratriptan,Naratriptan,Medications,Migraine medicines,Acute migraine medicines,specific,medications_migraine_medicines_migraine_medicine,TRUE,,dose,dose|tablet|capsule|mg|g|ml|drop|puff|spray|patch|sachet|suppository|injection|unit,TRUE,Naratriptan Medications Migraine medicines Acute migraine medicines,2090,TRUE,
medications_migraine_medicines_ubrogepant,Ubrogepant,Medications,Migraine medicines,Acute migraine medicines,specific,medications_migraine_medicines_migraine_medicine,TRUE,,dose,dose|tablet|capsule|mg|g|ml|drop|puff|spray|patch|sachet|suppository|injection|unit,TRUE,Ubrogepant Medications Migraine medicines Acute migraine medicines,2091,TRUE,
medications_migraine_medicines_rimegepant,Rimegepant,Medications,Migraine medicines,Acute migraine medicines,specific,medications_migraine_medicines_migraine_medicine,TRUE,,dose,dose|tablet|capsule|mg|g|ml|drop|puff|spray|patch|sachet|suppository|injection|unit,TRUE,Rimegepant Medications Migraine medicines Acute migraine medicines,2092,TRUE,
medications_migraine_medicines_dihydroergotamine,Dihydroergotamine,Medications,Migraine medicines,Acute migraine medicines,specific,medications_migraine_medicines_migraine_medicine,TRUE,,dose,dose|tablet|capsule|mg|g|ml|drop|puff|spray|patch|sachet|suppository|injection|unit,TRUE,Dihydroergotamine Medications Migraine medicines Acute migraine medicines,2093,TRUE,
medications_migraine_medicines_propranolol_migraine,Propranolol migraine,Medications,Migraine medicines,Migraine prevention,specific,medications_migraine_medicines_migraine_medicine,TRUE,,dose,dose|tablet|capsule|mg|g|ml|drop|puff|spray|patch|sachet|suppository|injection|unit,TRUE,Propranolol migraine Medications Migraine medicines Migraine prevention,2094,TRUE,
medications_migraine_medicines_topiramate_migraine,Topiramate migraine,Medications,Migraine medicines,Migraine prevention,specific,medications_migraine_medicines_migraine_medicine,TRUE,,dose,dose|tablet|capsule|mg|g|ml|drop|puff|spray|patch|sachet|suppository|injection|unit,TRUE,Topiramate migraine Medications Migraine medicines Migraine prevention,2095,TRUE,
medications_migraine_medicines_amitriptyline_migraine,Amitriptyline migraine,Medications,Migraine medicines,Migraine prevention,specific,medications_migraine_medicines_migraine_medicine,TRUE,,dose,dose|tablet|capsule|mg|g|ml|drop|puff|spray|patch|sachet|suppository|injection|unit,TRUE,Amitriptyline migraine Medications Migraine medicines Migraine prevention,2096,TRUE,
medications_migraine_medicines_erenumab,Erenumab,Medications,Migraine medicines,Migraine prevention,specific,medications_migraine_medicines_migraine_medicine,TRUE,,dose,dose|tablet|capsule|mg|g|ml|drop|puff|spray|patch|sachet|suppository|injection|unit,TRUE,Erenumab Medications Migraine medicines Migraine prevention,2097,TRUE,
medications_migraine_medicines_fremanezumab,Fremanezumab,Medications,Migraine medicines,Migraine prevention,specific,medications_migraine_medicines_migraine_medicine,TRUE,,dose,dose|tablet|capsule|mg|g|ml|drop|puff|spray|patch|sachet|suppository|injection|unit,TRUE,Fremanezumab Medications Migraine medicines Migraine prevention,2098,TRUE,
medications_migraine_medicines_galcanezumab,Galcanezumab,Medications,Migraine medicines,Migraine prevention,specific,medications_migraine_medicines_migraine_medicine,TRUE,,dose,dose|tablet|capsule|mg|g|ml|drop|puff|spray|patch|sachet|suppository|injection|unit,TRUE,Galcanezumab Medications Migraine medicines Migraine prevention,2099,TRUE,
medications_migraine_medicines_botulinum_toxin_migraine,Botulinum toxin migraine,Medications,Migraine medicines,Migraine prevention,specific,medications_migraine_medicines_migraine_medicine,TRUE,,dose,dose|tablet|capsule|mg|g|ml|drop|puff|spray|patch|sachet|suppository|injection|unit,TRUE,Botulinum toxin migraine Medications Migraine medicines Migraine prevention,2100,TRUE,
medications_parkinson_medicines_parkinson_medicine,Parkinson medicine,Medications,Parkinson medicines,General,general,,TRUE,,dose,dose|tablet|capsule|mg|g|ml|drop|puff|spray|patch|sachet|suppository|injection|unit,TRUE,Parkinson medicine Medications Parkinson medicines General,2101,TRUE,General option remains selectable when the user does not want to choose a specific item.
medications_parkinson_medicines_levodopa_carbidopa,Levodopa-carbidopa,Medications,Parkinson medicines,Parkinson treatments,specific,medications_parkinson_medicines_parkinson_medicine,TRUE,,dose,dose|tablet|capsule|mg|g|ml|drop|puff|spray|patch|sachet|suppository|injection|unit,TRUE,Levodopa-carbidopa Medications Parkinson medicines Parkinson treatments,2102,TRUE,
medications_parkinson_medicines_pramipexole,Pramipexole,Medications,Parkinson medicines,Parkinson treatments,specific,medications_parkinson_medicines_parkinson_medicine,TRUE,,dose,dose|tablet|capsule|mg|g|ml|drop|puff|spray|patch|sachet|suppository|injection|unit,TRUE,Pramipexole Medications Parkinson medicines Parkinson treatments,2103,TRUE,
medications_parkinson_medicines_ropinirole,Ropinirole,Medications,Parkinson medicines,Parkinson treatments,specific,medications_parkinson_medicines_parkinson_medicine,TRUE,,dose,dose|tablet|capsule|mg|g|ml|drop|puff|spray|patch|sachet|suppository|injection|unit,TRUE,Ropinirole Medications Parkinson medicines Parkinson treatments,2104,TRUE,
medications_parkinson_medicines_rotigotine,Rotigotine,Medications,Parkinson medicines,Parkinson treatments,specific,medications_parkinson_medicines_parkinson_medicine,TRUE,,dose,dose|tablet|capsule|mg|g|ml|drop|puff|spray|patch|sachet|suppository|injection|unit,TRUE,Rotigotine Medications Parkinson medicines Parkinson treatments,2105,TRUE,
medications_parkinson_medicines_rasagiline,Rasagiline,Medications,Parkinson medicines,Parkinson treatments,specific,medications_parkinson_medicines_parkinson_medicine,TRUE,,dose,dose|tablet|capsule|mg|g|ml|drop|puff|spray|patch|sachet|suppository|injection|unit,TRUE,Rasagiline Medications Parkinson medicines Parkinson treatments,2106,TRUE,
medications_parkinson_medicines_selegiline,Selegiline,Medications,Parkinson medicines,Parkinson treatments,specific,medications_parkinson_medicines_parkinson_medicine,TRUE,,dose,dose|tablet|capsule|mg|g|ml|drop|puff|spray|patch|sachet|suppository|injection|unit,TRUE,Selegiline Medications Parkinson medicines Parkinson treatments,2107,TRUE,
medications_parkinson_medicines_entacapone,Entacapone,Medications,Parkinson medicines,Parkinson treatments,specific,medications_parkinson_medicines_parkinson_medicine,TRUE,,dose,dose|tablet|capsule|mg|g|ml|drop|puff|spray|patch|sachet|suppository|injection|unit,TRUE,Entacapone Medications Parkinson medicines Parkinson treatments,2108,TRUE,
medications_parkinson_medicines_amantadine,Amantadine,Medications,Parkinson medicines,Parkinson treatments,specific,medications_parkinson_medicines_parkinson_medicine,TRUE,,dose,dose|tablet|capsule|mg|g|ml|drop|puff|spray|patch|sachet|suppository|injection|unit,TRUE,Amantadine Medications Parkinson medicines Parkinson treatments,2109,TRUE,
medications_dementia_medicines_dementia_medicine,Dementia medicine,Medications,Dementia medicines,General,general,,TRUE,,dose,dose|tablet|capsule|mg|g|ml|drop|puff|spray|patch|sachet|suppository|injection|unit,TRUE,Dementia medicine Medications Dementia medicines General,2110,TRUE,General option remains selectable when the user does not want to choose a specific item.
medications_dementia_medicines_donepezil,Donepezil,Medications,Dementia medicines,Memory treatments,specific,medications_dementia_medicines_dementia_medicine,TRUE,,dose,dose|tablet|capsule|mg|g|ml|drop|puff|spray|patch|sachet|suppository|injection|unit,TRUE,Donepezil Medications Dementia medicines Memory treatments,2111,TRUE,
medications_dementia_medicines_rivastigmine,Rivastigmine,Medications,Dementia medicines,Memory treatments,specific,medications_dementia_medicines_dementia_medicine,TRUE,,dose,dose|tablet|capsule|mg|g|ml|drop|puff|spray|patch|sachet|suppository|injection|unit,TRUE,Rivastigmine Medications Dementia medicines Memory treatments,2112,TRUE,
medications_dementia_medicines_galantamine,Galantamine,Medications,Dementia medicines,Memory treatments,specific,medications_dementia_medicines_dementia_medicine,TRUE,,dose,dose|tablet|capsule|mg|g|ml|drop|puff|spray|patch|sachet|suppository|injection|unit,TRUE,Galantamine Medications Dementia medicines Memory treatments,2113,TRUE,
medications_dementia_medicines_memantine,Memantine,Medications,Dementia medicines,Memory treatments,specific,medications_dementia_medicines_dementia_medicine,TRUE,,dose,dose|tablet|capsule|mg|g|ml|drop|puff|spray|patch|sachet|suppository|injection|unit,TRUE,Memantine Medications Dementia medicines Memory treatments,2114,TRUE,
medications_skin_medicines_skin_medicine,Skin medicine,Medications,Skin medicines,General,general,,TRUE,,dose,dose|tablet|capsule|mg|g|ml|drop|puff|spray|patch|sachet|suppository|injection|unit,TRUE,Skin medicine Medications Skin medicines General,2115,TRUE,General option remains selectable when the user does not want to choose a specific item.
medications_skin_medicines_benzoyl_peroxide,Benzoyl peroxide,Medications,Skin medicines,Acne treatments,specific,medications_skin_medicines_skin_medicine,TRUE,,dose,dose|tablet|capsule|mg|g|ml|drop|puff|spray|patch|sachet|suppository|injection|unit,TRUE,Benzoyl peroxide Medications Skin medicines Acne treatments,2116,TRUE,
medications_skin_medicines_adapalene,Adapalene,Medications,Skin medicines,Acne treatments,specific,medications_skin_medicines_skin_medicine,TRUE,,dose,dose|tablet|capsule|mg|g|ml|drop|puff|spray|patch|sachet|suppository|injection|unit,TRUE,Adapalene Medications Skin medicines Acne treatments,2117,TRUE,
medications_skin_medicines_tretinoin_topical,Tretinoin topical,Medications,Skin medicines,Acne treatments,specific,medications_skin_medicines_skin_medicine,TRUE,,dose,dose|tablet|capsule|mg|g|ml|drop|puff|spray|patch|sachet|suppository|injection|unit,TRUE,Tretinoin topical Medications Skin medicines Acne treatments,2118,TRUE,
medications_skin_medicines_azelaic_acid,Azelaic acid,Medications,Skin medicines,Acne treatments,specific,medications_skin_medicines_skin_medicine,TRUE,,dose,dose|tablet|capsule|mg|g|ml|drop|puff|spray|patch|sachet|suppository|injection|unit,TRUE,Azelaic acid Medications Skin medicines Acne treatments,2119,TRUE,
medications_skin_medicines_clindamycin_topical,Clindamycin topical,Medications,Skin medicines,Acne treatments,specific,medications_skin_medicines_skin_medicine,TRUE,,dose,dose|tablet|capsule|mg|g|ml|drop|puff|spray|patch|sachet|suppository|injection|unit,TRUE,Clindamycin topical Medications Skin medicines Acne treatments,2120,TRUE,
medications_skin_medicines_isotretinoin,Isotretinoin,Medications,Skin medicines,Acne treatments,specific,medications_skin_medicines_skin_medicine,TRUE,,dose,dose|tablet|capsule|mg|g|ml|drop|puff|spray|patch|sachet|suppository|injection|unit,TRUE,Isotretinoin Medications Skin medicines Acne treatments,2121,TRUE,
medications_skin_medicines_doxycycline_acne,Doxycycline acne,Medications,Skin medicines,Acne treatments,specific,medications_skin_medicines_skin_medicine,TRUE,,dose,dose|tablet|capsule|mg|g|ml|drop|puff|spray|patch|sachet|suppository|injection|unit,TRUE,Doxycycline acne Medications Skin medicines Acne treatments,2122,TRUE,
medications_skin_medicines_tacrolimus_ointment,Tacrolimus ointment,Medications,Skin medicines,Eczema and psoriasis treatments,specific,medications_skin_medicines_skin_medicine,TRUE,,dose,dose|tablet|capsule|mg|g|ml|drop|puff|spray|patch|sachet|suppository|injection|unit,TRUE,Tacrolimus ointment Medications Skin medicines Eczema and psoriasis treatments,2123,TRUE,
medications_skin_medicines_pimecrolimus,Pimecrolimus,Medications,Skin medicines,Eczema and psoriasis treatments,specific,medications_skin_medicines_skin_medicine,TRUE,,dose,dose|tablet|capsule|mg|g|ml|drop|puff|spray|patch|sachet|suppository|injection|unit,TRUE,Pimecrolimus Medications Skin medicines Eczema and psoriasis treatments,2124,TRUE,
medications_skin_medicines_calcipotriol,Calcipotriol,Medications,Skin medicines,Eczema and psoriasis treatments,specific,medications_skin_medicines_skin_medicine,TRUE,,dose,dose|tablet|capsule|mg|g|ml|drop|puff|spray|patch|sachet|suppository|injection|unit,TRUE,Calcipotriol Medications Skin medicines Eczema and psoriasis treatments,2125,TRUE,
medications_skin_medicines_coal_tar,Coal tar,Medications,Skin medicines,Eczema and psoriasis treatments,specific,medications_skin_medicines_skin_medicine,TRUE,,dose,dose|tablet|capsule|mg|g|ml|drop|puff|spray|patch|sachet|suppository|injection|unit,TRUE,Coal tar Medications Skin medicines Eczema and psoriasis treatments,2126,TRUE,
medications_skin_medicines_salicylic_acid_topical,Salicylic acid topical,Medications,Skin medicines,Eczema and psoriasis treatments,specific,medications_skin_medicines_skin_medicine,TRUE,,dose,dose|tablet|capsule|mg|g|ml|drop|puff|spray|patch|sachet|suppository|injection|unit,TRUE,Salicylic acid topical Medications Skin medicines Eczema and psoriasis treatments,2127,TRUE,
medications_skin_medicines_dupilumab_dermatology,Dupilumab dermatology,Medications,Skin medicines,Eczema and psoriasis treatments,specific,medications_skin_medicines_skin_medicine,TRUE,,dose,dose|tablet|capsule|mg|g|ml|drop|puff|spray|patch|sachet|suppository|injection|unit,TRUE,Dupilumab dermatology Medications Skin medicines Eczema and psoriasis treatments,2128,TRUE,
medications_skin_medicines_secukinumab,Secukinumab,Medications,Skin medicines,Eczema and psoriasis treatments,specific,medications_skin_medicines_skin_medicine,TRUE,,dose,dose|tablet|capsule|mg|g|ml|drop|puff|spray|patch|sachet|suppository|injection|unit,TRUE,Secukinumab Medications Skin medicines Eczema and psoriasis treatments,2129,TRUE,
medications_skin_medicines_ixekizumab,Ixekizumab,Medications,Skin medicines,Eczema and psoriasis treatments,specific,medications_skin_medicines_skin_medicine,TRUE,,dose,dose|tablet|capsule|mg|g|ml|drop|puff|spray|patch|sachet|suppository|injection|unit,TRUE,Ixekizumab Medications Skin medicines Eczema and psoriasis treatments,2130,TRUE,
medications_skin_medicines_permethrin,Permethrin,Medications,Skin medicines,Other skin treatments,specific,medications_skin_medicines_skin_medicine,TRUE,,dose,dose|tablet|capsule|mg|g|ml|drop|puff|spray|patch|sachet|suppository|injection|unit,TRUE,Permethrin Medications Skin medicines Other skin treatments,2131,TRUE,
medications_skin_medicines_ivermectin_skin,Ivermectin skin,Medications,Skin medicines,Other skin treatments,specific,medications_skin_medicines_skin_medicine,TRUE,,dose,dose|tablet|capsule|mg|g|ml|drop|puff|spray|patch|sachet|suppository|injection|unit,TRUE,Ivermectin skin Medications Skin medicines Other skin treatments,2132,TRUE,
medications_skin_medicines_mupirocin,Mupirocin,Medications,Skin medicines,Other skin treatments,specific,medications_skin_medicines_skin_medicine,TRUE,,dose,dose|tablet|capsule|mg|g|ml|drop|puff|spray|patch|sachet|suppository|injection|unit,TRUE,Mupirocin Medications Skin medicines Other skin treatments,2133,TRUE,
medications_skin_medicines_fusidic_acid,Fusidic acid,Medications,Skin medicines,Other skin treatments,specific,medications_skin_medicines_skin_medicine,TRUE,,dose,dose|tablet|capsule|mg|g|ml|drop|puff|spray|patch|sachet|suppository|injection|unit,TRUE,Fusidic acid Medications Skin medicines Other skin treatments,2134,TRUE,
medications_skin_medicines_silver_sulfadiazine,Silver sulfadiazine,Medications,Skin medicines,Other skin treatments,specific,medications_skin_medicines_skin_medicine,TRUE,,dose,dose|tablet|capsule|mg|g|ml|drop|puff|spray|patch|sachet|suppository|injection|unit,TRUE,Silver sulfadiazine Medications Skin medicines Other skin treatments,2135,TRUE,
medications_skin_medicines_topical_anesthetic_cream,Topical anesthetic cream,Medications,Skin medicines,Other skin treatments,specific,medications_skin_medicines_skin_medicine,TRUE,,dose,dose|tablet|capsule|mg|g|ml|drop|puff|spray|patch|sachet|suppository|injection|unit,TRUE,Topical anesthetic cream Medications Skin medicines Other skin treatments,2136,TRUE,
medications_eye_medicines_eye_medicine,Eye medicine,Medications,Eye medicines,General,general,,TRUE,,dose,dose|tablet|capsule|mg|g|ml|drop|puff|spray|patch|sachet|suppository|injection|unit,TRUE,Eye medicine Medications Eye medicines General,2137,TRUE,General option remains selectable when the user does not want to choose a specific item.
medications_eye_medicines_artificial_tears,Artificial tears,Medications,Eye medicines,Eye drops and treatments,specific,medications_eye_medicines_eye_medicine,TRUE,,dose,dose|tablet|capsule|mg|g|ml|drop|puff|spray|patch|sachet|suppository|injection|unit,TRUE,Artificial tears Medications Eye medicines Eye drops and treatments,2138,TRUE,
medications_eye_medicines_lubricating_eye_gel,Lubricating eye gel,Medications,Eye medicines,Eye drops and treatments,specific,medications_eye_medicines_eye_medicine,TRUE,,dose,dose|tablet|capsule|mg|g|ml|drop|puff|spray|patch|sachet|suppository|injection|unit,TRUE,Lubricating eye gel Medications Eye medicines Eye drops and treatments,2139,TRUE,
medications_eye_medicines_olopatadine_eye_drops,Olopatadine eye drops,Medications,Eye medicines,Eye drops and treatments,specific,medications_eye_medicines_eye_medicine,TRUE,,dose,dose|tablet|capsule|mg|g|ml|drop|puff|spray|patch|sachet|suppository|injection|unit,TRUE,Olopatadine eye drops Medications Eye medicines Eye drops and treatments,2140,TRUE,
medications_eye_medicines_ketotifen_eye_drops,Ketotifen eye drops,Medications,Eye medicines,Eye drops and treatments,specific,medications_eye_medicines_eye_medicine,TRUE,,dose,dose|tablet|capsule|mg|g|ml|drop|puff|spray|patch|sachet|suppository|injection|unit,TRUE,Ketotifen eye drops Medications Eye medicines Eye drops and treatments,2141,TRUE,
medications_eye_medicines_chloramphenicol_eye_drops,Chloramphenicol eye drops,Medications,Eye medicines,Eye drops and treatments,specific,medications_eye_medicines_eye_medicine,TRUE,,dose,dose|tablet|capsule|mg|g|ml|drop|puff|spray|patch|sachet|suppository|injection|unit,TRUE,Chloramphenicol eye drops Medications Eye medicines Eye drops and treatments,2142,TRUE,
medications_eye_medicines_moxifloxacin_eye_drops,Moxifloxacin eye drops,Medications,Eye medicines,Eye drops and treatments,specific,medications_eye_medicines_eye_medicine,TRUE,,dose,dose|tablet|capsule|mg|g|ml|drop|puff|spray|patch|sachet|suppository|injection|unit,TRUE,Moxifloxacin eye drops Medications Eye medicines Eye drops and treatments,2143,TRUE,
medications_eye_medicines_timolol_eye_drops,Timolol eye drops,Medications,Eye medicines,Eye drops and treatments,specific,medications_eye_medicines_eye_medicine,TRUE,,dose,dose|tablet|capsule|mg|g|ml|drop|puff|spray|patch|sachet|suppository|injection|unit,TRUE,Timolol eye drops Medications Eye medicines Eye drops and treatments,2144,TRUE,
medications_eye_medicines_latanoprost,Latanoprost,Medications,Eye medicines,Eye drops and treatments,specific,medications_eye_medicines_eye_medicine,TRUE,,dose,dose|tablet|capsule|mg|g|ml|drop|puff|spray|patch|sachet|suppository|injection|unit,TRUE,Latanoprost Medications Eye medicines Eye drops and treatments,2145,TRUE,
medications_eye_medicines_bimatoprost,Bimatoprost,Medications,Eye medicines,Eye drops and treatments,specific,medications_eye_medicines_eye_medicine,TRUE,,dose,dose|tablet|capsule|mg|g|ml|drop|puff|spray|patch|sachet|suppository|injection|unit,TRUE,Bimatoprost Medications Eye medicines Eye drops and treatments,2146,TRUE,
medications_eye_medicines_brimonidine,Brimonidine,Medications,Eye medicines,Eye drops and treatments,specific,medications_eye_medicines_eye_medicine,TRUE,,dose,dose|tablet|capsule|mg|g|ml|drop|puff|spray|patch|sachet|suppository|injection|unit,TRUE,Brimonidine Medications Eye medicines Eye drops and treatments,2147,TRUE,
medications_eye_medicines_dorzolamide,Dorzolamide,Medications,Eye medicines,Eye drops and treatments,specific,medications_eye_medicines_eye_medicine,TRUE,,dose,dose|tablet|capsule|mg|g|ml|drop|puff|spray|patch|sachet|suppository|injection|unit,TRUE,Dorzolamide Medications Eye medicines Eye drops and treatments,2148,TRUE,
medications_eye_medicines_prednisolone_eye_drops,Prednisolone eye drops,Medications,Eye medicines,Eye drops and treatments,specific,medications_eye_medicines_eye_medicine,TRUE,,dose,dose|tablet|capsule|mg|g|ml|drop|puff|spray|patch|sachet|suppository|injection|unit,TRUE,Prednisolone eye drops Medications Eye medicines Eye drops and treatments,2149,TRUE,
medications_ear_medicines_ear_medicine,Ear medicine,Medications,Ear medicines,General,general,,TRUE,,dose,dose|tablet|capsule|mg|g|ml|drop|puff|spray|patch|sachet|suppository|injection|unit,TRUE,Ear medicine Medications Ear medicines General,2150,TRUE,General option remains selectable when the user does not want to choose a specific item.
medications_ear_medicines_antibiotic_ear_drops,Antibiotic ear drops,Medications,Ear medicines,Ear drops,specific,medications_ear_medicines_ear_medicine,TRUE,,dose,dose|tablet|capsule|mg|g|ml|drop|puff|spray|patch|sachet|suppository|injection|unit,TRUE,Antibiotic ear drops Medications Ear medicines Ear drops,2151,TRUE,
medications_ear_medicines_steroid_ear_drops,Steroid ear drops,Medications,Ear medicines,Ear drops,specific,medications_ear_medicines_ear_medicine,TRUE,,dose,dose|tablet|capsule|mg|g|ml|drop|puff|spray|patch|sachet|suppository|injection|unit,TRUE,Steroid ear drops Medications Ear medicines Ear drops,2152,TRUE,
medications_ear_medicines_antifungal_ear_drops,Antifungal ear drops,Medications,Ear medicines,Ear drops,specific,medications_ear_medicines_ear_medicine,TRUE,,dose,dose|tablet|capsule|mg|g|ml|drop|puff|spray|patch|sachet|suppository|injection|unit,TRUE,Antifungal ear drops Medications Ear medicines Ear drops,2153,TRUE,
medications_ear_medicines_ear_wax_drops,Ear wax drops,Medications,Ear medicines,Ear drops,specific,medications_ear_medicines_ear_medicine,TRUE,,dose,dose|tablet|capsule|mg|g|ml|drop|puff|spray|patch|sachet|suppository|injection|unit,TRUE,Ear wax drops Medications Ear medicines Ear drops,2154,TRUE,
medications_ear_medicines_acetic_acid_ear_drops,Acetic acid ear drops,Medications,Ear medicines,Ear drops,specific,medications_ear_medicines_ear_medicine,TRUE,,dose,dose|tablet|capsule|mg|g|ml|drop|puff|spray|patch|sachet|suppository|injection|unit,TRUE,Acetic acid ear drops Medications Ear medicines Ear drops,2155,TRUE,
medications_autoimmune_and_rheumatology_medicines_autoimmune_or_rheumatology_medicine,Autoimmune or rheumatology medicine,Medications,Autoimmune and rheumatology medicines,General,general,,TRUE,,dose,dose|tablet|capsule|mg|g|ml|drop|puff|spray|patch|sachet|suppository|injection|unit,TRUE,Autoimmune or rheumatology medicine Medications Autoimmune and rheumatology medicines General,2156,TRUE,General option remains selectable when the user does not want to choose a specific item.
medications_autoimmune_and_rheumatology_medicines_methotrexate,Methotrexate,Medications,Autoimmune and rheumatology medicines,Conventional immune medicines,specific,medications_autoimmune_and_rheumatology_medicines_autoimmune_or_rheumatology_medicine,TRUE,,dose,dose|tablet|capsule|mg|g|ml|drop|puff|spray|patch|sachet|suppository|injection|unit,TRUE,Methotrexate Medications Autoimmune and rheumatology medicines Conventional immune medicines,2157,TRUE,
medications_autoimmune_and_rheumatology_medicines_hydroxychloroquine,Hydroxychloroquine,Medications,Autoimmune and rheumatology medicines,Conventional immune medicines,specific,medications_autoimmune_and_rheumatology_medicines_autoimmune_or_rheumatology_medicine,TRUE,,dose,dose|tablet|capsule|mg|g|ml|drop|puff|spray|patch|sachet|suppository|injection|unit,TRUE,Hydroxychloroquine Medications Autoimmune and rheumatology medicines Conventional immune medicines,2158,TRUE,
medications_autoimmune_and_rheumatology_medicines_leflunomide,Leflunomide,Medications,Autoimmune and rheumatology medicines,Conventional immune medicines,specific,medications_autoimmune_and_rheumatology_medicines_autoimmune_or_rheumatology_medicine,TRUE,,dose,dose|tablet|capsule|mg|g|ml|drop|puff|spray|patch|sachet|suppository|injection|unit,TRUE,Leflunomide Medications Autoimmune and rheumatology medicines Conventional immune medicines,2159,TRUE,
medications_autoimmune_and_rheumatology_medicines_sulfasalazine_rheumatology,Sulfasalazine rheumatology,Medications,Autoimmune and rheumatology medicines,Conventional immune medicines,specific,medications_autoimmune_and_rheumatology_medicines_autoimmune_or_rheumatology_medicine,TRUE,,dose,dose|tablet|capsule|mg|g|ml|drop|puff|spray|patch|sachet|suppository|injection|unit,TRUE,Sulfasalazine rheumatology Medications Autoimmune and rheumatology medicines Conventional immune medicines,2160,TRUE,
medications_autoimmune_and_rheumatology_medicines_azathioprine,Azathioprine,Medications,Autoimmune and rheumatology medicines,Conventional immune medicines,specific,medications_autoimmune_and_rheumatology_medicines_autoimmune_or_rheumatology_medicine,TRUE,,dose,dose|tablet|capsule|mg|g|ml|drop|puff|spray|patch|sachet|suppository|injection|unit,TRUE,Azathioprine Medications Autoimmune and rheumatology medicines Conventional immune medicines,2161,TRUE,
medications_autoimmune_and_rheumatology_medicines_mycophenolate,Mycophenolate,Medications,Autoimmune and rheumatology medicines,Conventional immune medicines,specific,medications_autoimmune_and_rheumatology_medicines_autoimmune_or_rheumatology_medicine,TRUE,,dose,dose|tablet|capsule|mg|g|ml|drop|puff|spray|patch|sachet|suppository|injection|unit,TRUE,Mycophenolate Medications Autoimmune and rheumatology medicines Conventional immune medicines,2162,TRUE,
medications_autoimmune_and_rheumatology_medicines_cyclosporine,Cyclosporine,Medications,Autoimmune and rheumatology medicines,Conventional immune medicines,specific,medications_autoimmune_and_rheumatology_medicines_autoimmune_or_rheumatology_medicine,TRUE,,dose,dose|tablet|capsule|mg|g|ml|drop|puff|spray|patch|sachet|suppository|injection|unit,TRUE,Cyclosporine Medications Autoimmune and rheumatology medicines Conventional immune medicines,2163,TRUE,
medications_autoimmune_and_rheumatology_medicines_tacrolimus_systemic,Tacrolimus systemic,Medications,Autoimmune and rheumatology medicines,Conventional immune medicines,specific,medications_autoimmune_and_rheumatology_medicines_autoimmune_or_rheumatology_medicine,TRUE,,dose,dose|tablet|capsule|mg|g|ml|drop|puff|spray|patch|sachet|suppository|injection|unit,TRUE,Tacrolimus systemic Medications Autoimmune and rheumatology medicines Conventional immune medicines,2164,TRUE,
medications_autoimmune_and_rheumatology_medicines_cyclophosphamide,Cyclophosphamide,Medications,Autoimmune and rheumatology medicines,Conventional immune medicines,specific,medications_autoimmune_and_rheumatology_medicines_autoimmune_or_rheumatology_medicine,TRUE,,dose,dose|tablet|capsule|mg|g|ml|drop|puff|spray|patch|sachet|suppository|injection|unit,TRUE,Cyclophosphamide Medications Autoimmune and rheumatology medicines Conventional immune medicines,2165,TRUE,
medications_autoimmune_and_rheumatology_medicines_adalimumab,Adalimumab,Medications,Autoimmune and rheumatology medicines,Biologic and targeted medicines,specific,medications_autoimmune_and_rheumatology_medicines_autoimmune_or_rheumatology_medicine,TRUE,,dose,dose|tablet|capsule|mg|g|ml|drop|puff|spray|patch|sachet|suppository|injection|unit,TRUE,Adalimumab Medications Autoimmune and rheumatology medicines Biologic and targeted medicines,2166,TRUE,
medications_autoimmune_and_rheumatology_medicines_infliximab,Infliximab,Medications,Autoimmune and rheumatology medicines,Biologic and targeted medicines,specific,medications_autoimmune_and_rheumatology_medicines_autoimmune_or_rheumatology_medicine,TRUE,,dose,dose|tablet|capsule|mg|g|ml|drop|puff|spray|patch|sachet|suppository|injection|unit,TRUE,Infliximab Medications Autoimmune and rheumatology medicines Biologic and targeted medicines,2167,TRUE,
medications_autoimmune_and_rheumatology_medicines_etanercept,Etanercept,Medications,Autoimmune and rheumatology medicines,Biologic and targeted medicines,specific,medications_autoimmune_and_rheumatology_medicines_autoimmune_or_rheumatology_medicine,TRUE,,dose,dose|tablet|capsule|mg|g|ml|drop|puff|spray|patch|sachet|suppository|injection|unit,TRUE,Etanercept Medications Autoimmune and rheumatology medicines Biologic and targeted medicines,2168,TRUE,
medications_autoimmune_and_rheumatology_medicines_certolizumab,Certolizumab,Medications,Autoimmune and rheumatology medicines,Biologic and targeted medicines,specific,medications_autoimmune_and_rheumatology_medicines_autoimmune_or_rheumatology_medicine,TRUE,,dose,dose|tablet|capsule|mg|g|ml|drop|puff|spray|patch|sachet|suppository|injection|unit,TRUE,Certolizumab Medications Autoimmune and rheumatology medicines Biologic and targeted medicines,2169,TRUE,
medications_autoimmune_and_rheumatology_medicines_golimumab,Golimumab,Medications,Autoimmune and rheumatology medicines,Biologic and targeted medicines,specific,medications_autoimmune_and_rheumatology_medicines_autoimmune_or_rheumatology_medicine,TRUE,,dose,dose|tablet|capsule|mg|g|ml|drop|puff|spray|patch|sachet|suppository|injection|unit,TRUE,Golimumab Medications Autoimmune and rheumatology medicines Biologic and targeted medicines,2170,TRUE,
medications_autoimmune_and_rheumatology_medicines_tocilizumab,Tocilizumab,Medications,Autoimmune and rheumatology medicines,Biologic and targeted medicines,specific,medications_autoimmune_and_rheumatology_medicines_autoimmune_or_rheumatology_medicine,TRUE,,dose,dose|tablet|capsule|mg|g|ml|drop|puff|spray|patch|sachet|suppository|injection|unit,TRUE,Tocilizumab Medications Autoimmune and rheumatology medicines Biologic and targeted medicines,2171,TRUE,
medications_autoimmune_and_rheumatology_medicines_rituximab,Rituximab,Medications,Autoimmune and rheumatology medicines,Biologic and targeted medicines,specific,medications_autoimmune_and_rheumatology_medicines_autoimmune_or_rheumatology_medicine,TRUE,,dose,dose|tablet|capsule|mg|g|ml|drop|puff|spray|patch|sachet|suppository|injection|unit,TRUE,Rituximab Medications Autoimmune and rheumatology medicines Biologic and targeted medicines,2172,TRUE,
medications_autoimmune_and_rheumatology_medicines_abatacept,Abatacept,Medications,Autoimmune and rheumatology medicines,Biologic and targeted medicines,specific,medications_autoimmune_and_rheumatology_medicines_autoimmune_or_rheumatology_medicine,TRUE,,dose,dose|tablet|capsule|mg|g|ml|drop|puff|spray|patch|sachet|suppository|injection|unit,TRUE,Abatacept Medications Autoimmune and rheumatology medicines Biologic and targeted medicines,2173,TRUE,
medications_autoimmune_and_rheumatology_medicines_ustekinumab,Ustekinumab,Medications,Autoimmune and rheumatology medicines,Biologic and targeted medicines,specific,medications_autoimmune_and_rheumatology_medicines_autoimmune_or_rheumatology_medicine,TRUE,,dose,dose|tablet|capsule|mg|g|ml|drop|puff|spray|patch|sachet|suppository|injection|unit,TRUE,Ustekinumab Medications Autoimmune and rheumatology medicines Biologic and targeted medicines,2174,TRUE,
medications_autoimmune_and_rheumatology_medicines_secukinumab_rheumatology,Secukinumab rheumatology,Medications,Autoimmune and rheumatology medicines,Biologic and targeted medicines,specific,medications_autoimmune_and_rheumatology_medicines_autoimmune_or_rheumatology_medicine,TRUE,,dose,dose|tablet|capsule|mg|g|ml|drop|puff|spray|patch|sachet|suppository|injection|unit,TRUE,Secukinumab rheumatology Medications Autoimmune and rheumatology medicines Biologic and targeted medicines,2175,TRUE,
medications_autoimmune_and_rheumatology_medicines_tofacitinib,Tofacitinib,Medications,Autoimmune and rheumatology medicines,Biologic and targeted medicines,specific,medications_autoimmune_and_rheumatology_medicines_autoimmune_or_rheumatology_medicine,TRUE,,dose,dose|tablet|capsule|mg|g|ml|drop|puff|spray|patch|sachet|suppository|injection|unit,TRUE,Tofacitinib Medications Autoimmune and rheumatology medicines Biologic and targeted medicines,2176,TRUE,
medications_autoimmune_and_rheumatology_medicines_baricitinib,Baricitinib,Medications,Autoimmune and rheumatology medicines,Biologic and targeted medicines,specific,medications_autoimmune_and_rheumatology_medicines_autoimmune_or_rheumatology_medicine,TRUE,,dose,dose|tablet|capsule|mg|g|ml|drop|puff|spray|patch|sachet|suppository|injection|unit,TRUE,Baricitinib Medications Autoimmune and rheumatology medicines Biologic and targeted medicines,2177,TRUE,
medications_autoimmune_and_rheumatology_medicines_upadacitinib,Upadacitinib,Medications,Autoimmune and rheumatology medicines,Biologic and targeted medicines,specific,medications_autoimmune_and_rheumatology_medicines_autoimmune_or_rheumatology_medicine,TRUE,,dose,dose|tablet|capsule|mg|g|ml|drop|puff|spray|patch|sachet|suppository|injection|unit,TRUE,Upadacitinib Medications Autoimmune and rheumatology medicines Biologic and targeted medicines,2178,TRUE,
medications_gout_medicines_gout_medicine,Gout medicine,Medications,Gout medicines,General,general,,TRUE,,dose,dose|tablet|capsule|mg|g|ml|drop|puff|spray|patch|sachet|suppository|injection|unit,TRUE,Gout medicine Medications Gout medicines General,2179,TRUE,General option remains selectable when the user does not want to choose a specific item.
medications_gout_medicines_allopurinol,Allopurinol,Medications,Gout medicines,Gout treatments,specific,medications_gout_medicines_gout_medicine,TRUE,,dose,dose|tablet|capsule|mg|g|ml|drop|puff|spray|patch|sachet|suppository|injection|unit,TRUE,Allopurinol Medications Gout medicines Gout treatments,2180,TRUE,
medications_gout_medicines_febuxostat,Febuxostat,Medications,Gout medicines,Gout treatments,specific,medications_gout_medicines_gout_medicine,TRUE,,dose,dose|tablet|capsule|mg|g|ml|drop|puff|spray|patch|sachet|suppository|injection|unit,TRUE,Febuxostat Medications Gout medicines Gout treatments,2181,TRUE,
medications_gout_medicines_colchicine,Colchicine,Medications,Gout medicines,Gout treatments,specific,medications_gout_medicines_gout_medicine,TRUE,,dose,dose|tablet|capsule|mg|g|ml|drop|puff|spray|patch|sachet|suppository|injection|unit,TRUE,Colchicine Medications Gout medicines Gout treatments,2182,TRUE,
medications_gout_medicines_probenecid,Probenecid,Medications,Gout medicines,Gout treatments,specific,medications_gout_medicines_gout_medicine,TRUE,,dose,dose|tablet|capsule|mg|g|ml|drop|puff|spray|patch|sachet|suppository|injection|unit,TRUE,Probenecid Medications Gout medicines Gout treatments,2183,TRUE,
medications_bone_health_medicines_bone_health_medicine,Bone health medicine,Medications,Bone health medicines,General,general,,TRUE,,dose,dose|tablet|capsule|mg|g|ml|drop|puff|spray|patch|sachet|suppository|injection|unit,TRUE,Bone health medicine Medications Bone health medicines General,2184,TRUE,General option remains selectable when the user does not want to choose a specific item.
medications_bone_health_medicines_alendronate,Alendronate,Medications,Bone health medicines,Osteoporosis treatments,specific,medications_bone_health_medicines_bone_health_medicine,TRUE,,dose,dose|tablet|capsule|mg|g|ml|drop|puff|spray|patch|sachet|suppository|injection|unit,TRUE,Alendronate Medications Bone health medicines Osteoporosis treatments,2185,TRUE,
medications_bone_health_medicines_risedronate,Risedronate,Medications,Bone health medicines,Osteoporosis treatments,specific,medications_bone_health_medicines_bone_health_medicine,TRUE,,dose,dose|tablet|capsule|mg|g|ml|drop|puff|spray|patch|sachet|suppository|injection|unit,TRUE,Risedronate Medications Bone health medicines Osteoporosis treatments,2186,TRUE,
medications_bone_health_medicines_ibandronate,Ibandronate,Medications,Bone health medicines,Osteoporosis treatments,specific,medications_bone_health_medicines_bone_health_medicine,TRUE,,dose,dose|tablet|capsule|mg|g|ml|drop|puff|spray|patch|sachet|suppository|injection|unit,TRUE,Ibandronate Medications Bone health medicines Osteoporosis treatments,2187,TRUE,
medications_bone_health_medicines_zoledronic_acid,Zoledronic acid,Medications,Bone health medicines,Osteoporosis treatments,specific,medications_bone_health_medicines_bone_health_medicine,TRUE,,dose,dose|tablet|capsule|mg|g|ml|drop|puff|spray|patch|sachet|suppository|injection|unit,TRUE,Zoledronic acid Medications Bone health medicines Osteoporosis treatments,2188,TRUE,
medications_bone_health_medicines_denosumab,Denosumab,Medications,Bone health medicines,Osteoporosis treatments,specific,medications_bone_health_medicines_bone_health_medicine,TRUE,,dose,dose|tablet|capsule|mg|g|ml|drop|puff|spray|patch|sachet|suppository|injection|unit,TRUE,Denosumab Medications Bone health medicines Osteoporosis treatments,2189,TRUE,
medications_bone_health_medicines_teriparatide,Teriparatide,Medications,Bone health medicines,Osteoporosis treatments,specific,medications_bone_health_medicines_bone_health_medicine,TRUE,,dose,dose|tablet|capsule|mg|g|ml|drop|puff|spray|patch|sachet|suppository|injection|unit,TRUE,Teriparatide Medications Bone health medicines Osteoporosis treatments,2190,TRUE,
medications_bone_health_medicines_raloxifene,Raloxifene,Medications,Bone health medicines,Osteoporosis treatments,specific,medications_bone_health_medicines_bone_health_medicine,TRUE,,dose,dose|tablet|capsule|mg|g|ml|drop|puff|spray|patch|sachet|suppository|injection|unit,TRUE,Raloxifene Medications Bone health medicines Osteoporosis treatments,2191,TRUE,
medications_bone_health_medicines_calcitonin,Calcitonin,Medications,Bone health medicines,Osteoporosis treatments,specific,medications_bone_health_medicines_bone_health_medicine,TRUE,,dose,dose|tablet|capsule|mg|g|ml|drop|puff|spray|patch|sachet|suppository|injection|unit,TRUE,Calcitonin Medications Bone health medicines Osteoporosis treatments,2192,TRUE,
medications_urinary_medicines_urinary_medicine,Urinary medicine,Medications,Urinary medicines,General,general,,TRUE,,dose,dose|tablet|capsule|mg|g|ml|drop|puff|spray|patch|sachet|suppository|injection|unit,TRUE,Urinary medicine Medications Urinary medicines General,2193,TRUE,General option remains selectable when the user does not want to choose a specific item.
medications_urinary_medicines_tamsulosin,Tamsulosin,Medications,Urinary medicines,Bladder and prostate medicines,specific,medications_urinary_medicines_urinary_medicine,TRUE,,dose,dose|tablet|capsule|mg|g|ml|drop|puff|spray|patch|sachet|suppository|injection|unit,TRUE,Tamsulosin Medications Urinary medicines Bladder and prostate medicines,2194,TRUE,
medications_urinary_medicines_finasteride,Finasteride,Medications,Urinary medicines,Bladder and prostate medicines,specific,medications_urinary_medicines_urinary_medicine,TRUE,,dose,dose|tablet|capsule|mg|g|ml|drop|puff|spray|patch|sachet|suppository|injection|unit,TRUE,Finasteride Medications Urinary medicines Bladder and prostate medicines,2195,TRUE,
medications_urinary_medicines_dutasteride,Dutasteride,Medications,Urinary medicines,Bladder and prostate medicines,specific,medications_urinary_medicines_urinary_medicine,TRUE,,dose,dose|tablet|capsule|mg|g|ml|drop|puff|spray|patch|sachet|suppository|injection|unit,TRUE,Dutasteride Medications Urinary medicines Bladder and prostate medicines,2196,TRUE,
medications_urinary_medicines_oxybutynin,Oxybutynin,Medications,Urinary medicines,Bladder and prostate medicines,specific,medications_urinary_medicines_urinary_medicine,TRUE,,dose,dose|tablet|capsule|mg|g|ml|drop|puff|spray|patch|sachet|suppository|injection|unit,TRUE,Oxybutynin Medications Urinary medicines Bladder and prostate medicines,2197,TRUE,
medications_urinary_medicines_tolterodine,Tolterodine,Medications,Urinary medicines,Bladder and prostate medicines,specific,medications_urinary_medicines_urinary_medicine,TRUE,,dose,dose|tablet|capsule|mg|g|ml|drop|puff|spray|patch|sachet|suppository|injection|unit,TRUE,Tolterodine Medications Urinary medicines Bladder and prostate medicines,2198,TRUE,
medications_urinary_medicines_solifenacin,Solifenacin,Medications,Urinary medicines,Bladder and prostate medicines,specific,medications_urinary_medicines_urinary_medicine,TRUE,,dose,dose|tablet|capsule|mg|g|ml|drop|puff|spray|patch|sachet|suppository|injection|unit,TRUE,Solifenacin Medications Urinary medicines Bladder and prostate medicines,2199,TRUE,
medications_urinary_medicines_mirabegron,Mirabegron,Medications,Urinary medicines,Bladder and prostate medicines,specific,medications_urinary_medicines_urinary_medicine,TRUE,,dose,dose|tablet|capsule|mg|g|ml|drop|puff|spray|patch|sachet|suppository|injection|unit,TRUE,Mirabegron Medications Urinary medicines Bladder and prostate medicines,2200,TRUE,
medications_urinary_medicines_phenazopyridine,Phenazopyridine,Medications,Urinary medicines,Bladder and prostate medicines,specific,medications_urinary_medicines_urinary_medicine,TRUE,,dose,dose|tablet|capsule|mg|g|ml|drop|puff|spray|patch|sachet|suppository|injection|unit,TRUE,Phenazopyridine Medications Urinary medicines Bladder and prostate medicines,2201,TRUE,
medications_erectile_dysfunction_medicines_erectile_dysfunction_medicine,Erectile dysfunction medicine,Medications,Erectile dysfunction medicines,General,general,,TRUE,,dose,dose|tablet|capsule|mg|g|ml|drop|puff|spray|patch|sachet|suppository|injection|unit,TRUE,Erectile dysfunction medicine Medications Erectile dysfunction medicines General,2202,TRUE,General option remains selectable when the user does not want to choose a specific item.
medications_erectile_dysfunction_medicines_sildenafil,Sildenafil,Medications,Erectile dysfunction medicines,ED treatments,specific,medications_erectile_dysfunction_medicines_erectile_dysfunction_medicine,TRUE,,dose,dose|tablet|capsule|mg|g|ml|drop|puff|spray|patch|sachet|suppository|injection|unit,TRUE,Sildenafil Medications Erectile dysfunction medicines ED treatments,2203,TRUE,
medications_erectile_dysfunction_medicines_tadalafil,Tadalafil,Medications,Erectile dysfunction medicines,ED treatments,specific,medications_erectile_dysfunction_medicines_erectile_dysfunction_medicine,TRUE,,dose,dose|tablet|capsule|mg|g|ml|drop|puff|spray|patch|sachet|suppository|injection|unit,TRUE,Tadalafil Medications Erectile dysfunction medicines ED treatments,2204,TRUE,
medications_erectile_dysfunction_medicines_vardenafil,Vardenafil,Medications,Erectile dysfunction medicines,ED treatments,specific,medications_erectile_dysfunction_medicines_erectile_dysfunction_medicine,TRUE,,dose,dose|tablet|capsule|mg|g|ml|drop|puff|spray|patch|sachet|suppository|injection|unit,TRUE,Vardenafil Medications Erectile dysfunction medicines ED treatments,2205,TRUE,
medications_erectile_dysfunction_medicines_avanafil,Avanafil,Medications,Erectile dysfunction medicines,ED treatments,specific,medications_erectile_dysfunction_medicines_erectile_dysfunction_medicine,TRUE,,dose,dose|tablet|capsule|mg|g|ml|drop|puff|spray|patch|sachet|suppository|injection|unit,TRUE,Avanafil Medications Erectile dysfunction medicines ED treatments,2206,TRUE,
medications_weight_management_medicines_weight_management_medicine,Weight management medicine,Medications,Weight management medicines,General,general,,TRUE,,dose,dose|tablet|capsule|mg|g|ml|drop|puff|spray|patch|sachet|suppository|injection|unit,TRUE,Weight management medicine Medications Weight management medicines General,2207,TRUE,General option remains selectable when the user does not want to choose a specific item.
medications_weight_management_medicines_orlistat,Orlistat,Medications,Weight management medicines,Weight treatments,specific,medications_weight_management_medicines_weight_management_medicine,TRUE,,dose,dose|tablet|capsule|mg|g|ml|drop|puff|spray|patch|sachet|suppository|injection|unit,TRUE,Orlistat Medications Weight management medicines Weight treatments,2208,TRUE,
medications_weight_management_medicines_naltrexone_bupropion,Naltrexone-bupropion,Medications,Weight management medicines,Weight treatments,specific,medications_weight_management_medicines_weight_management_medicine,TRUE,,dose,dose|tablet|capsule|mg|g|ml|drop|puff|spray|patch|sachet|suppository|injection|unit,TRUE,Naltrexone-bupropion Medications Weight management medicines Weight treatments,2209,TRUE,
medications_weight_management_medicines_phentermine,Phentermine,Medications,Weight management medicines,Weight treatments,specific,medications_weight_management_medicines_weight_management_medicine,TRUE,,dose,dose|tablet|capsule|mg|g|ml|drop|puff|spray|patch|sachet|suppository|injection|unit,TRUE,Phentermine Medications Weight management medicines Weight treatments,2210,TRUE,
medications_weight_management_medicines_liraglutide_weight_management,Liraglutide weight management,Medications,Weight management medicines,Weight treatments,specific,medications_weight_management_medicines_weight_management_medicine,TRUE,,dose,dose|tablet|capsule|mg|g|ml|drop|puff|spray|patch|sachet|suppository|injection|unit,TRUE,Liraglutide weight management Medications Weight management medicines Weight treatments,2211,TRUE,
medications_weight_management_medicines_semaglutide_weight_management,Semaglutide weight management,Medications,Weight management medicines,Weight treatments,specific,medications_weight_management_medicines_weight_management_medicine,TRUE,,dose,dose|tablet|capsule|mg|g|ml|drop|puff|spray|patch|sachet|suppository|injection|unit,TRUE,Semaglutide weight management Medications Weight management medicines Weight treatments,2212,TRUE,
medications_weight_management_medicines_tirzepatide_weight_management,Tirzepatide weight management,Medications,Weight management medicines,Weight treatments,specific,medications_weight_management_medicines_weight_management_medicine,TRUE,,dose,dose|tablet|capsule|mg|g|ml|drop|puff|spray|patch|sachet|suppository|injection|unit,TRUE,Tirzepatide weight management Medications Weight management medicines Weight treatments,2213,TRUE,
medications_cancer_treatments_cancer_treatment,Cancer treatment,Medications,Cancer treatments,General,general,,TRUE,,dose,dose|tablet|capsule|mg|g|ml|drop|puff|spray|patch|sachet|suppository|injection|unit,TRUE,Cancer treatment Medications Cancer treatments General,2214,TRUE,General option remains selectable when the user does not want to choose a specific item.
medications_cancer_treatments_chemotherapy_medicine,Chemotherapy medicine,Medications,Cancer treatments,Common cancer medicines,specific,medications_cancer_treatments_cancer_treatment,TRUE,,dose,dose|tablet|capsule|mg|g|ml|drop|puff|spray|patch|sachet|suppository|injection|unit,TRUE,Chemotherapy medicine Medications Cancer treatments Common cancer medicines,2215,TRUE,
medications_cancer_treatments_immunotherapy_medicine,Immunotherapy medicine,Medications,Cancer treatments,Common cancer medicines,specific,medications_cancer_treatments_cancer_treatment,TRUE,,dose,dose|tablet|capsule|mg|g|ml|drop|puff|spray|patch|sachet|suppository|injection|unit,TRUE,Immunotherapy medicine Medications Cancer treatments Common cancer medicines,2216,TRUE,
medications_cancer_treatments_targeted_cancer_medicine,Targeted cancer medicine,Medications,Cancer treatments,Common cancer medicines,specific,medications_cancer_treatments_cancer_treatment,TRUE,,dose,dose|tablet|capsule|mg|g|ml|drop|puff|spray|patch|sachet|suppository|injection|unit,TRUE,Targeted cancer medicine Medications Cancer treatments Common cancer medicines,2217,TRUE,
medications_cancer_treatments_tamoxifen,Tamoxifen,Medications,Cancer treatments,Common cancer medicines,specific,medications_cancer_treatments_cancer_treatment,TRUE,,dose,dose|tablet|capsule|mg|g|ml|drop|puff|spray|patch|sachet|suppository|injection|unit,TRUE,Tamoxifen Medications Cancer treatments Common cancer medicines,2218,TRUE,
medications_cancer_treatments_anastrozole,Anastrozole,Medications,Cancer treatments,Common cancer medicines,specific,medications_cancer_treatments_cancer_treatment,TRUE,,dose,dose|tablet|capsule|mg|g|ml|drop|puff|spray|patch|sachet|suppository|injection|unit,TRUE,Anastrozole Medications Cancer treatments Common cancer medicines,2219,TRUE,
medications_cancer_treatments_letrozole_oncology,Letrozole oncology,Medications,Cancer treatments,Common cancer medicines,specific,medications_cancer_treatments_cancer_treatment,TRUE,,dose,dose|tablet|capsule|mg|g|ml|drop|puff|spray|patch|sachet|suppository|injection|unit,TRUE,Letrozole oncology Medications Cancer treatments Common cancer medicines,2220,TRUE,
medications_cancer_treatments_imatinib,Imatinib,Medications,Cancer treatments,Common cancer medicines,specific,medications_cancer_treatments_cancer_treatment,TRUE,,dose,dose|tablet|capsule|mg|g|ml|drop|puff|spray|patch|sachet|suppository|injection|unit,TRUE,Imatinib Medications Cancer treatments Common cancer medicines,2221,TRUE,
medications_cancer_treatments_capecitabine,Capecitabine,Medications,Cancer treatments,Common cancer medicines,specific,medications_cancer_treatments_cancer_treatment,TRUE,,dose,dose|tablet|capsule|mg|g|ml|drop|puff|spray|patch|sachet|suppository|injection|unit,TRUE,Capecitabine Medications Cancer treatments Common cancer medicines,2222,TRUE,
medications_cancer_treatments_methotrexate_oncology,Methotrexate oncology,Medications,Cancer treatments,Common cancer medicines,specific,medications_cancer_treatments_cancer_treatment,TRUE,,dose,dose|tablet|capsule|mg|g|ml|drop|puff|spray|patch|sachet|suppository|injection|unit,TRUE,Methotrexate oncology Medications Cancer treatments Common cancer medicines,2223,TRUE,
medications_cancer_treatments_cyclophosphamide_oncology,Cyclophosphamide oncology,Medications,Cancer treatments,Common cancer medicines,specific,medications_cancer_treatments_cancer_treatment,TRUE,,dose,dose|tablet|capsule|mg|g|ml|drop|puff|spray|patch|sachet|suppository|injection|unit,TRUE,Cyclophosphamide oncology Medications Cancer treatments Common cancer medicines,2224,TRUE,
medications_cancer_treatments_doxorubicin,Doxorubicin,Medications,Cancer treatments,Common cancer medicines,specific,medications_cancer_treatments_cancer_treatment,TRUE,,dose,dose|tablet|capsule|mg|g|ml|drop|puff|spray|patch|sachet|suppository|injection|unit,TRUE,Doxorubicin Medications Cancer treatments Common cancer medicines,2225,TRUE,
medications_cancer_treatments_paclitaxel,Paclitaxel,Medications,Cancer treatments,Common cancer medicines,specific,medications_cancer_treatments_cancer_treatment,TRUE,,dose,dose|tablet|capsule|mg|g|ml|drop|puff|spray|patch|sachet|suppository|injection|unit,TRUE,Paclitaxel Medications Cancer treatments Common cancer medicines,2226,TRUE,
medications_cancer_treatments_carboplatin,Carboplatin,Medications,Cancer treatments,Common cancer medicines,specific,medications_cancer_treatments_cancer_treatment,TRUE,,dose,dose|tablet|capsule|mg|g|ml|drop|puff|spray|patch|sachet|suppository|injection|unit,TRUE,Carboplatin Medications Cancer treatments Common cancer medicines,2227,TRUE,
medications_cancer_treatments_cisplatin,Cisplatin,Medications,Cancer treatments,Common cancer medicines,specific,medications_cancer_treatments_cancer_treatment,TRUE,,dose,dose|tablet|capsule|mg|g|ml|drop|puff|spray|patch|sachet|suppository|injection|unit,TRUE,Cisplatin Medications Cancer treatments Common cancer medicines,2228,TRUE,
medications_cancer_treatments_pembrolizumab,Pembrolizumab,Medications,Cancer treatments,Common cancer medicines,specific,medications_cancer_treatments_cancer_treatment,TRUE,,dose,dose|tablet|capsule|mg|g|ml|drop|puff|spray|patch|sachet|suppository|injection|unit,TRUE,Pembrolizumab Medications Cancer treatments Common cancer medicines,2229,TRUE,
medications_cancer_treatments_nivolumab,Nivolumab,Medications,Cancer treatments,Common cancer medicines,specific,medications_cancer_treatments_cancer_treatment,TRUE,,dose,dose|tablet|capsule|mg|g|ml|drop|puff|spray|patch|sachet|suppository|injection|unit,TRUE,Nivolumab Medications Cancer treatments Common cancer medicines,2230,TRUE,
medications_vaccines_vaccine,Vaccine,Medications,Vaccines,General,general,,TRUE,,dose,dose|tablet|capsule|mg|g|ml|drop|puff|spray|patch|sachet|suppository|injection|unit,TRUE,Vaccine Medications Vaccines General,2231,TRUE,General option remains selectable when the user does not want to choose a specific item.
medications_vaccines_influenza_vaccine,Influenza vaccine,Medications,Vaccines,Vaccines,specific,medications_vaccines_vaccine,TRUE,,dose,dose|tablet|capsule|mg|g|ml|drop|puff|spray|patch|sachet|suppository|injection|unit,TRUE,Influenza vaccine Medications Vaccines Vaccines,2232,TRUE,
medications_vaccines_covid_19_vaccine,COVID-19 vaccine,Medications,Vaccines,Vaccines,specific,medications_vaccines_vaccine,TRUE,,dose,dose|tablet|capsule|mg|g|ml|drop|puff|spray|patch|sachet|suppository|injection|unit,TRUE,COVID-19 vaccine Medications Vaccines Vaccines,2233,TRUE,
medications_vaccines_tetanus_vaccine,Tetanus vaccine,Medications,Vaccines,Vaccines,specific,medications_vaccines_vaccine,TRUE,,dose,dose|tablet|capsule|mg|g|ml|drop|puff|spray|patch|sachet|suppository|injection|unit,TRUE,Tetanus vaccine Medications Vaccines Vaccines,2234,TRUE,
medications_vaccines_diphtheria_vaccine,Diphtheria vaccine,Medications,Vaccines,Vaccines,specific,medications_vaccines_vaccine,TRUE,,dose,dose|tablet|capsule|mg|g|ml|drop|puff|spray|patch|sachet|suppository|injection|unit,TRUE,Diphtheria vaccine Medications Vaccines Vaccines,2235,TRUE,
medications_vaccines_pertussis_vaccine,Pertussis vaccine,Medications,Vaccines,Vaccines,specific,medications_vaccines_vaccine,TRUE,,dose,dose|tablet|capsule|mg|g|ml|drop|puff|spray|patch|sachet|suppository|injection|unit,TRUE,Pertussis vaccine Medications Vaccines Vaccines,2236,TRUE,
medications_vaccines_hepatitis_a_vaccine,Hepatitis A vaccine,Medications,Vaccines,Vaccines,specific,medications_vaccines_vaccine,TRUE,,dose,dose|tablet|capsule|mg|g|ml|drop|puff|spray|patch|sachet|suppository|injection|unit,TRUE,Hepatitis A vaccine Medications Vaccines Vaccines,2237,TRUE,
medications_vaccines_hepatitis_b_vaccine,Hepatitis B vaccine,Medications,Vaccines,Vaccines,specific,medications_vaccines_vaccine,TRUE,,dose,dose|tablet|capsule|mg|g|ml|drop|puff|spray|patch|sachet|suppository|injection|unit,TRUE,Hepatitis B vaccine Medications Vaccines Vaccines,2238,TRUE,
medications_vaccines_hpv_vaccine,HPV vaccine,Medications,Vaccines,Vaccines,specific,medications_vaccines_vaccine,TRUE,,dose,dose|tablet|capsule|mg|g|ml|drop|puff|spray|patch|sachet|suppository|injection|unit,TRUE,HPV vaccine Medications Vaccines Vaccines,2239,TRUE,
medications_vaccines_mmr_vaccine,MMR vaccine,Medications,Vaccines,Vaccines,specific,medications_vaccines_vaccine,TRUE,,dose,dose|tablet|capsule|mg|g|ml|drop|puff|spray|patch|sachet|suppository|injection|unit,TRUE,MMR vaccine Medications Vaccines Vaccines,2240,TRUE,
medications_vaccines_varicella_vaccine,Varicella vaccine,Medications,Vaccines,Vaccines,specific,medications_vaccines_vaccine,TRUE,,dose,dose|tablet|capsule|mg|g|ml|drop|puff|spray|patch|sachet|suppository|injection|unit,TRUE,Varicella vaccine Medications Vaccines Vaccines,2241,TRUE,
medications_vaccines_pneumococcal_vaccine,Pneumococcal vaccine,Medications,Vaccines,Vaccines,specific,medications_vaccines_vaccine,TRUE,,dose,dose|tablet|capsule|mg|g|ml|drop|puff|spray|patch|sachet|suppository|injection|unit,TRUE,Pneumococcal vaccine Medications Vaccines Vaccines,2242,TRUE,
medications_vaccines_meningococcal_vaccine,Meningococcal vaccine,Medications,Vaccines,Vaccines,specific,medications_vaccines_vaccine,TRUE,,dose,dose|tablet|capsule|mg|g|ml|drop|puff|spray|patch|sachet|suppository|injection|unit,TRUE,Meningococcal vaccine Medications Vaccines Vaccines,2243,TRUE,
medications_vaccines_shingles_vaccine,Shingles vaccine,Medications,Vaccines,Vaccines,specific,medications_vaccines_vaccine,TRUE,,dose,dose|tablet|capsule|mg|g|ml|drop|puff|spray|patch|sachet|suppository|injection|unit,TRUE,Shingles vaccine Medications Vaccines Vaccines,2244,TRUE,
medications_vaccines_rabies_vaccine,Rabies vaccine,Medications,Vaccines,Vaccines,specific,medications_vaccines_vaccine,TRUE,,dose,dose|tablet|capsule|mg|g|ml|drop|puff|spray|patch|sachet|suppository|injection|unit,TRUE,Rabies vaccine Medications Vaccines Vaccines,2245,TRUE,
medications_vaccines_travel_vaccine,Travel vaccine,Medications,Vaccines,Vaccines,specific,medications_vaccines_vaccine,TRUE,,dose,dose|tablet|capsule|mg|g|ml|drop|puff|spray|patch|sachet|suppository|injection|unit,TRUE,Travel vaccine Medications Vaccines Vaccines,2246,TRUE,
medications_vaccines_childhood_vaccine,Childhood vaccine,Medications,Vaccines,Vaccines,specific,medications_vaccines_vaccine,TRUE,,dose,dose|tablet|capsule|mg|g|ml|drop|puff|spray|patch|sachet|suppository|injection|unit,TRUE,Childhood vaccine Medications Vaccines Vaccines,2247,TRUE,
medications_other_medicines_other_medicine,Other medicine,Medications,Other medicines,General,general,,TRUE,,dose,dose|tablet|capsule|mg|g|ml|drop|puff|spray|patch|sachet|suppository|injection|unit,TRUE,Other medicine Medications Other medicines General,2248,TRUE,General option remains selectable when the user does not want to choose a specific item.
medications_other_medicines_prescription_medicine,Prescription medicine,Medications,Other medicines,Other medication entries,specific,medications_other_medicines_other_medicine,TRUE,,dose,dose|tablet|capsule|mg|g|ml|drop|puff|spray|patch|sachet|suppository|injection|unit,TRUE,Prescription medicine Medications Other medicines Other medication entries,2249,TRUE,
medications_other_medicines_over_the_counter_medicine,Over-the-counter medicine,Medications,Other medicines,Other medication entries,specific,medications_other_medicines_other_medicine,TRUE,,dose,dose|tablet|capsule|mg|g|ml|drop|puff|spray|patch|sachet|suppository|injection|unit,TRUE,Over-the-counter medicine Medications Other medicines Other medication entries,2250,TRUE,
medications_other_medicines_herbal_medicine,Herbal medicine,Medications,Other medicines,Other medication entries,specific,medications_other_medicines_other_medicine,TRUE,,dose,dose|tablet|capsule|mg|g|ml|drop|puff|spray|patch|sachet|suppository|injection|unit,TRUE,Herbal medicine Medications Other medicines Other medication entries,2251,TRUE,
medications_other_medicines_homeopathic_medicine,Homeopathic medicine,Medications,Other medicines,Other medication entries,specific,medications_other_medicines_other_medicine,TRUE,,dose,dose|tablet|capsule|mg|g|ml|drop|puff|spray|patch|sachet|suppository|injection|unit,TRUE,Homeopathic medicine Medications Other medicines Other medication entries,2252,TRUE,
medications_other_medicines_compounded_medicine,Compounded medicine,Medications,Other medicines,Other medication entries,specific,medications_other_medicines_other_medicine,TRUE,,dose,dose|tablet|capsule|mg|g|ml|drop|puff|spray|patch|sachet|suppository|injection|unit,TRUE,Compounded medicine Medications Other medicines Other medication entries,2253,TRUE,
medications_other_medicines_injection_medicine,Injection medicine,Medications,Other medicines,Other medication entries,specific,medications_other_medicines_other_medicine,TRUE,,dose,dose|tablet|capsule|mg|g|ml|drop|puff|spray|patch|sachet|suppository|injection|unit,TRUE,Injection medicine Medications Other medicines Other medication entries,2254,TRUE,
medications_other_medicines_iv_medicine,IV medicine,Medications,Other medicines,Other medication entries,specific,medications_other_medicines_other_medicine,TRUE,,dose,dose|tablet|capsule|mg|g|ml|drop|puff|spray|patch|sachet|suppository|injection|unit,TRUE,IV medicine Medications Other medicines Other medication entries,2255,TRUE,
medications_other_medicines_unknown_medicine,Unknown medicine,Medications,Other medicines,Other medication entries,specific,medications_other_medicines_other_medicine,TRUE,,dose,dose|tablet|capsule|mg|g|ml|drop|puff|spray|patch|sachet|suppository|injection|unit,TRUE,Unknown medicine Medications Other medicines Other medication entries,2256,TRUE,
medications_other_medicines_custom_medication,Custom medication,Medications,Other medicines,Other medication entries,specific,medications_other_medicines_other_medicine,TRUE,,dose,dose|tablet|capsule|mg|g|ml|drop|puff|spray|patch|sachet|suppository|injection|unit,TRUE,Custom medication Medications Other medicines Other medication entries,2257,TRUE,
supplements_vitamins_vitamin_supplement,Vitamin supplement,Supplements,Vitamins,General,general,,TRUE,,dose,dose|tablet|capsule|softgel|gummy|scoop|g|mg|mcg|ml|drop|sachet|serving,TRUE,Vitamin supplement Supplements Vitamins General,2258,TRUE,General option remains selectable when the user does not want to choose a specific item.
supplements_vitamins_vitamin_a,Vitamin A,Supplements,Vitamins,Single vitamins,specific,supplements_vitamins_vitamin_supplement,TRUE,,dose,dose|tablet|capsule|softgel|gummy|scoop|g|mg|mcg|ml|drop|sachet|serving,TRUE,Vitamin A Supplements Vitamins Single vitamins,2259,TRUE,
supplements_vitamins_beta_carotene,Beta-carotene,Supplements,Vitamins,Single vitamins,specific,supplements_vitamins_vitamin_supplement,TRUE,,dose,dose|tablet|capsule|softgel|gummy|scoop|g|mg|mcg|ml|drop|sachet|serving,TRUE,Beta-carotene Supplements Vitamins Single vitamins,2260,TRUE,
supplements_vitamins_vitamin_b1_thiamine,Vitamin B1 (thiamine),Supplements,Vitamins,Single vitamins,specific,supplements_vitamins_vitamin_supplement,TRUE,,dose,dose|tablet|capsule|softgel|gummy|scoop|g|mg|mcg|ml|drop|sachet|serving,TRUE,Vitamin B1 (thiamine) Supplements Vitamins Single vitamins,2261,TRUE,
supplements_vitamins_vitamin_b2_riboflavin,Vitamin B2 (riboflavin),Supplements,Vitamins,Single vitamins,specific,supplements_vitamins_vitamin_supplement,TRUE,,dose,dose|tablet|capsule|softgel|gummy|scoop|g|mg|mcg|ml|drop|sachet|serving,TRUE,Vitamin B2 (riboflavin) Supplements Vitamins Single vitamins,2262,TRUE,
supplements_vitamins_vitamin_b3_niacin,Vitamin B3 (niacin),Supplements,Vitamins,Single vitamins,specific,supplements_vitamins_vitamin_supplement,TRUE,,dose,dose|tablet|capsule|softgel|gummy|scoop|g|mg|mcg|ml|drop|sachet|serving,TRUE,Vitamin B3 (niacin) Supplements Vitamins Single vitamins,2263,TRUE,
supplements_vitamins_vitamin_b5_pantothenic_acid,Vitamin B5 (pantothenic acid),Supplements,Vitamins,Single vitamins,specific,supplements_vitamins_vitamin_supplement,TRUE,,dose,dose|tablet|capsule|softgel|gummy|scoop|g|mg|mcg|ml|drop|sachet|serving,TRUE,Vitamin B5 (pantothenic acid) Supplements Vitamins Single vitamins,2264,TRUE,
supplements_vitamins_vitamin_b6,Vitamin B6,Supplements,Vitamins,Single vitamins,specific,supplements_vitamins_vitamin_supplement,TRUE,,dose,dose|tablet|capsule|softgel|gummy|scoop|g|mg|mcg|ml|drop|sachet|serving,TRUE,Vitamin B6 Supplements Vitamins Single vitamins,2265,TRUE,
supplements_vitamins_vitamin_b7_biotin,Vitamin B7 (biotin),Supplements,Vitamins,Single vitamins,specific,supplements_vitamins_vitamin_supplement,TRUE,,dose,dose|tablet|capsule|softgel|gummy|scoop|g|mg|mcg|ml|drop|sachet|serving,TRUE,Vitamin B7 (biotin) Supplements Vitamins Single vitamins,2266,TRUE,
supplements_vitamins_vitamin_b9_folic_acid,Vitamin B9 (folic acid),Supplements,Vitamins,Single vitamins,specific,supplements_vitamins_vitamin_supplement,TRUE,,dose,dose|tablet|capsule|softgel|gummy|scoop|g|mg|mcg|ml|drop|sachet|serving,TRUE,Vitamin B9 (folic acid) Supplements Vitamins Single vitamins,2267,TRUE,
supplements_vitamins_methylfolate,Methylfolate,Supplements,Vitamins,Single vitamins,specific,supplements_vitamins_vitamin_supplement,TRUE,,dose,dose|tablet|capsule|softgel|gummy|scoop|g|mg|mcg|ml|drop|sachet|serving,TRUE,Methylfolate Supplements Vitamins Single vitamins,2268,TRUE,
supplements_vitamins_vitamin_b12,Vitamin B12,Supplements,Vitamins,Single vitamins,specific,supplements_vitamins_vitamin_supplement,TRUE,,dose,dose|tablet|capsule|softgel|gummy|scoop|g|mg|mcg|ml|drop|sachet|serving,TRUE,Vitamin B12 Supplements Vitamins Single vitamins,2269,TRUE,
supplements_vitamins_vitamin_c,Vitamin C,Supplements,Vitamins,Single vitamins,specific,supplements_vitamins_vitamin_supplement,TRUE,,dose,dose|tablet|capsule|softgel|gummy|scoop|g|mg|mcg|ml|drop|sachet|serving,TRUE,Vitamin C Supplements Vitamins Single vitamins,2270,TRUE,
supplements_vitamins_vitamin_d,Vitamin D,Supplements,Vitamins,Single vitamins,specific,supplements_vitamins_vitamin_supplement,TRUE,,dose,dose|tablet|capsule|softgel|gummy|scoop|g|mg|mcg|ml|drop|sachet|serving,TRUE,Vitamin D Supplements Vitamins Single vitamins,2271,TRUE,
supplements_vitamins_vitamin_d2,Vitamin D2,Supplements,Vitamins,Single vitamins,specific,supplements_vitamins_vitamin_supplement,TRUE,,dose,dose|tablet|capsule|softgel|gummy|scoop|g|mg|mcg|ml|drop|sachet|serving,TRUE,Vitamin D2 Supplements Vitamins Single vitamins,2272,TRUE,
supplements_vitamins_vitamin_d3,Vitamin D3,Supplements,Vitamins,Single vitamins,specific,supplements_vitamins_vitamin_supplement,TRUE,,dose,dose|tablet|capsule|softgel|gummy|scoop|g|mg|mcg|ml|drop|sachet|serving,TRUE,Vitamin D3 Supplements Vitamins Single vitamins,2273,TRUE,
supplements_vitamins_vitamin_e,Vitamin E,Supplements,Vitamins,Single vitamins,specific,supplements_vitamins_vitamin_supplement,TRUE,,dose,dose|tablet|capsule|softgel|gummy|scoop|g|mg|mcg|ml|drop|sachet|serving,TRUE,Vitamin E Supplements Vitamins Single vitamins,2274,TRUE,
supplements_vitamins_vitamin_k,Vitamin K,Supplements,Vitamins,Single vitamins,specific,supplements_vitamins_vitamin_supplement,TRUE,,dose,dose|tablet|capsule|softgel|gummy|scoop|g|mg|mcg|ml|drop|sachet|serving,TRUE,Vitamin K Supplements Vitamins Single vitamins,2275,TRUE,
supplements_vitamins_vitamin_k1,Vitamin K1,Supplements,Vitamins,Single vitamins,specific,supplements_vitamins_vitamin_supplement,TRUE,,dose,dose|tablet|capsule|softgel|gummy|scoop|g|mg|mcg|ml|drop|sachet|serving,TRUE,Vitamin K1 Supplements Vitamins Single vitamins,2276,TRUE,
supplements_vitamins_vitamin_k2,Vitamin K2,Supplements,Vitamins,Single vitamins,specific,supplements_vitamins_vitamin_supplement,TRUE,,dose,dose|tablet|capsule|softgel|gummy|scoop|g|mg|mcg|ml|drop|sachet|serving,TRUE,Vitamin K2 Supplements Vitamins Single vitamins,2277,TRUE,
supplements_vitamins_choline,Choline,Supplements,Vitamins,Single vitamins,specific,supplements_vitamins_vitamin_supplement,TRUE,,dose,dose|tablet|capsule|softgel|gummy|scoop|g|mg|mcg|ml|drop|sachet|serving,TRUE,Choline Supplements Vitamins Single vitamins,2278,TRUE,
supplements_vitamins_inositol,Inositol,Supplements,Vitamins,Single vitamins,specific,supplements_vitamins_vitamin_supplement,TRUE,,dose,dose|tablet|capsule|softgel|gummy|scoop|g|mg|mcg|ml|drop|sachet|serving,TRUE,Inositol Supplements Vitamins Single vitamins,2279,TRUE,
supplements_vitamins_multivitamin,Multivitamin,Supplements,Vitamins,Vitamin blends,specific,supplements_vitamins_vitamin_supplement,TRUE,,dose,dose|tablet|capsule|softgel|gummy|scoop|g|mg|mcg|ml|drop|sachet|serving,TRUE,Multivitamin Supplements Vitamins Vitamin blends,2280,TRUE,
supplements_vitamins_b_complex,B-complex,Supplements,Vitamins,Vitamin blends,specific,supplements_vitamins_vitamin_supplement,TRUE,,dose,dose|tablet|capsule|softgel|gummy|scoop|g|mg|mcg|ml|drop|sachet|serving,TRUE,B-complex Supplements Vitamins Vitamin blends,2281,TRUE,
supplements_vitamins_prenatal_vitamin,Prenatal vitamin,Supplements,Vitamins,Vitamin blends,specific,supplements_vitamins_vitamin_supplement,TRUE,,dose,dose|tablet|capsule|softgel|gummy|scoop|g|mg|mcg|ml|drop|sachet|serving,TRUE,Prenatal vitamin Supplements Vitamins Vitamin blends,2282,TRUE,
supplements_vitamins_postnatal_vitamin,Postnatal vitamin,Supplements,Vitamins,Vitamin blends,specific,supplements_vitamins_vitamin_supplement,TRUE,,dose,dose|tablet|capsule|softgel|gummy|scoop|g|mg|mcg|ml|drop|sachet|serving,TRUE,Postnatal vitamin Supplements Vitamins Vitamin blends,2283,TRUE,
supplements_vitamins_children_s_vitamin,Children's vitamin,Supplements,Vitamins,Vitamin blends,specific,supplements_vitamins_vitamin_supplement,TRUE,,dose,dose|tablet|capsule|softgel|gummy|scoop|g|mg|mcg|ml|drop|sachet|serving,TRUE,Children's vitamin Supplements Vitamins Vitamin blends,2284,TRUE,
supplements_vitamins_women_s_multivitamin,Women's multivitamin,Supplements,Vitamins,Vitamin blends,specific,supplements_vitamins_vitamin_supplement,TRUE,,dose,dose|tablet|capsule|softgel|gummy|scoop|g|mg|mcg|ml|drop|sachet|serving,TRUE,Women's multivitamin Supplements Vitamins Vitamin blends,2285,TRUE,
supplements_vitamins_men_s_multivitamin,Men's multivitamin,Supplements,Vitamins,Vitamin blends,specific,supplements_vitamins_vitamin_supplement,TRUE,,dose,dose|tablet|capsule|softgel|gummy|scoop|g|mg|mcg|ml|drop|sachet|serving,TRUE,Men's multivitamin Supplements Vitamins Vitamin blends,2286,TRUE,
supplements_vitamins_senior_multivitamin,Senior multivitamin,Supplements,Vitamins,Vitamin blends,specific,supplements_vitamins_vitamin_supplement,TRUE,,dose,dose|tablet|capsule|softgel|gummy|scoop|g|mg|mcg|ml|drop|sachet|serving,TRUE,Senior multivitamin Supplements Vitamins Vitamin blends,2287,TRUE,
supplements_vitamins_hair_skin_and_nails_vitamin,Hair skin and nails vitamin,Supplements,Vitamins,Vitamin blends,specific,supplements_vitamins_vitamin_supplement,TRUE,,dose,dose|tablet|capsule|softgel|gummy|scoop|g|mg|mcg|ml|drop|sachet|serving,TRUE,Hair skin and nails vitamin Supplements Vitamins Vitamin blends,2288,TRUE,
supplements_minerals_mineral_supplement,Mineral supplement,Supplements,Minerals,General,general,,TRUE,,dose,dose|tablet|capsule|softgel|gummy|scoop|g|mg|mcg|ml|drop|sachet|serving,TRUE,Mineral supplement Supplements Minerals General,2289,TRUE,General option remains selectable when the user does not want to choose a specific item.
supplements_minerals_calcium,Calcium,Supplements,Minerals,Major minerals,specific,supplements_minerals_mineral_supplement,TRUE,,dose,dose|tablet|capsule|softgel|gummy|scoop|g|mg|mcg|ml|drop|sachet|serving,TRUE,Calcium Supplements Minerals Major minerals,2290,TRUE,
supplements_minerals_magnesium,Magnesium,Supplements,Minerals,Major minerals,specific,supplements_minerals_mineral_supplement,TRUE,,dose,dose|tablet|capsule|softgel|gummy|scoop|g|mg|mcg|ml|drop|sachet|serving,TRUE,Magnesium Supplements Minerals Major minerals,2291,TRUE,
supplements_minerals_potassium,Potassium,Supplements,Minerals,Major minerals,specific,supplements_minerals_mineral_supplement,TRUE,,dose,dose|tablet|capsule|softgel|gummy|scoop|g|mg|mcg|ml|drop|sachet|serving,TRUE,Potassium Supplements Minerals Major minerals,2292,TRUE,
supplements_minerals_phosphorus,Phosphorus,Supplements,Minerals,Major minerals,specific,supplements_minerals_mineral_supplement,TRUE,,dose,dose|tablet|capsule|softgel|gummy|scoop|g|mg|mcg|ml|drop|sachet|serving,TRUE,Phosphorus Supplements Minerals Major minerals,2293,TRUE,
supplements_minerals_sodium_supplement,Sodium supplement,Supplements,Minerals,Major minerals,specific,supplements_minerals_mineral_supplement,TRUE,,dose,dose|tablet|capsule|softgel|gummy|scoop|g|mg|mcg|ml|drop|sachet|serving,TRUE,Sodium supplement Supplements Minerals Major minerals,2294,TRUE,
supplements_minerals_iron,Iron,Supplements,Minerals,Trace minerals,specific,supplements_minerals_mineral_supplement,TRUE,,dose,dose|tablet|capsule|softgel|gummy|scoop|g|mg|mcg|ml|drop|sachet|serving,TRUE,Iron Supplements Minerals Trace minerals,2295,TRUE,
supplements_minerals_zinc,Zinc,Supplements,Minerals,Trace minerals,specific,supplements_minerals_mineral_supplement,TRUE,,dose,dose|tablet|capsule|softgel|gummy|scoop|g|mg|mcg|ml|drop|sachet|serving,TRUE,Zinc Supplements Minerals Trace minerals,2296,TRUE,
supplements_minerals_copper,Copper,Supplements,Minerals,Trace minerals,specific,supplements_minerals_mineral_supplement,TRUE,,dose,dose|tablet|capsule|softgel|gummy|scoop|g|mg|mcg|ml|drop|sachet|serving,TRUE,Copper Supplements Minerals Trace minerals,2297,TRUE,
supplements_minerals_manganese,Manganese,Supplements,Minerals,Trace minerals,specific,supplements_minerals_mineral_supplement,TRUE,,dose,dose|tablet|capsule|softgel|gummy|scoop|g|mg|mcg|ml|drop|sachet|serving,TRUE,Manganese Supplements Minerals Trace minerals,2298,TRUE,
supplements_minerals_selenium,Selenium,Supplements,Minerals,Trace minerals,specific,supplements_minerals_mineral_supplement,TRUE,,dose,dose|tablet|capsule|softgel|gummy|scoop|g|mg|mcg|ml|drop|sachet|serving,TRUE,Selenium Supplements Minerals Trace minerals,2299,TRUE,
supplements_minerals_chromium,Chromium,Supplements,Minerals,Trace minerals,specific,supplements_minerals_mineral_supplement,TRUE,,dose,dose|tablet|capsule|softgel|gummy|scoop|g|mg|mcg|ml|drop|sachet|serving,TRUE,Chromium Supplements Minerals Trace minerals,2300,TRUE,
supplements_minerals_iodine,Iodine,Supplements,Minerals,Trace minerals,specific,supplements_minerals_mineral_supplement,TRUE,,dose,dose|tablet|capsule|softgel|gummy|scoop|g|mg|mcg|ml|drop|sachet|serving,TRUE,Iodine Supplements Minerals Trace minerals,2301,TRUE,
supplements_minerals_molybdenum,Molybdenum,Supplements,Minerals,Trace minerals,specific,supplements_minerals_mineral_supplement,TRUE,,dose,dose|tablet|capsule|softgel|gummy|scoop|g|mg|mcg|ml|drop|sachet|serving,TRUE,Molybdenum Supplements Minerals Trace minerals,2302,TRUE,
supplements_minerals_boron,Boron,Supplements,Minerals,Trace minerals,specific,supplements_minerals_mineral_supplement,TRUE,,dose,dose|tablet|capsule|softgel|gummy|scoop|g|mg|mcg|ml|drop|sachet|serving,TRUE,Boron Supplements Minerals Trace minerals,2303,TRUE,
supplements_minerals_silica,Silica,Supplements,Minerals,Trace minerals,specific,supplements_minerals_mineral_supplement,TRUE,,dose,dose|tablet|capsule|softgel|gummy|scoop|g|mg|mcg|ml|drop|sachet|serving,TRUE,Silica Supplements Minerals Trace minerals,2304,TRUE,
supplements_minerals_vanadium,Vanadium,Supplements,Minerals,Trace minerals,specific,supplements_minerals_mineral_supplement,TRUE,,dose,dose|tablet|capsule|softgel|gummy|scoop|g|mg|mcg|ml|drop|sachet|serving,TRUE,Vanadium Supplements Minerals Trace minerals,2305,TRUE,
supplements_minerals_calcium_magnesium,Calcium-magnesium,Supplements,Minerals,Mineral blends,specific,supplements_minerals_mineral_supplement,TRUE,,dose,dose|tablet|capsule|softgel|gummy|scoop|g|mg|mcg|ml|drop|sachet|serving,TRUE,Calcium-magnesium Supplements Minerals Mineral blends,2306,TRUE,
supplements_minerals_calcium_magnesium_zinc,Calcium-magnesium-zinc,Supplements,Minerals,Mineral blends,specific,supplements_minerals_mineral_supplement,TRUE,,dose,dose|tablet|capsule|softgel|gummy|scoop|g|mg|mcg|ml|drop|sachet|serving,TRUE,Calcium-magnesium-zinc Supplements Minerals Mineral blends,2307,TRUE,
supplements_minerals_electrolyte_supplement,Electrolyte supplement,Supplements,Minerals,Mineral blends,specific,supplements_minerals_mineral_supplement,TRUE,,dose,dose|tablet|capsule|softgel|gummy|scoop|g|mg|mcg|ml|drop|sachet|serving,TRUE,Electrolyte supplement Supplements Minerals Mineral blends,2308,TRUE,
supplements_minerals_trace_mineral_drops,Trace mineral drops,Supplements,Minerals,Mineral blends,specific,supplements_minerals_mineral_supplement,TRUE,,dose,dose|tablet|capsule|softgel|gummy|scoop|g|mg|mcg|ml|drop|sachet|serving,TRUE,Trace mineral drops Supplements Minerals Mineral blends,2309,TRUE,
supplements_protein_and_amino_acids_protein_or_amino_acid_supplement,Protein or amino acid supplement,Supplements,Protein and amino acids,General,general,,TRUE,,dose,dose|tablet|capsule|softgel|gummy|scoop|g|mg|mcg|ml|drop|sachet|serving,TRUE,Protein or amino acid supplement Supplements Protein and amino acids General,2310,TRUE,General option remains selectable when the user does not want to choose a specific item.
supplements_protein_and_amino_acids_whey_protein,Whey protein,Supplements,Protein and amino acids,Protein powders,specific,supplements_protein_and_amino_acids_protein_or_amino_acid_supplement,TRUE,,dose,dose|tablet|capsule|softgel|gummy|scoop|g|mg|mcg|ml|drop|sachet|serving,TRUE,Whey protein Supplements Protein and amino acids Protein powders,2311,TRUE,
supplements_protein_and_amino_acids_whey_isolate,Whey isolate,Supplements,Protein and amino acids,Protein powders,specific,supplements_protein_and_amino_acids_protein_or_amino_acid_supplement,TRUE,,dose,dose|tablet|capsule|softgel|gummy|scoop|g|mg|mcg|ml|drop|sachet|serving,TRUE,Whey isolate Supplements Protein and amino acids Protein powders,2312,TRUE,
supplements_protein_and_amino_acids_whey_concentrate,Whey concentrate,Supplements,Protein and amino acids,Protein powders,specific,supplements_protein_and_amino_acids_protein_or_amino_acid_supplement,TRUE,,dose,dose|tablet|capsule|softgel|gummy|scoop|g|mg|mcg|ml|drop|sachet|serving,TRUE,Whey concentrate Supplements Protein and amino acids Protein powders,2313,TRUE,
supplements_protein_and_amino_acids_casein_protein,Casein protein,Supplements,Protein and amino acids,Protein powders,specific,supplements_protein_and_amino_acids_protein_or_amino_acid_supplement,TRUE,,dose,dose|tablet|capsule|softgel|gummy|scoop|g|mg|mcg|ml|drop|sachet|serving,TRUE,Casein protein Supplements Protein and amino acids Protein powders,2314,TRUE,
supplements_protein_and_amino_acids_milk_protein,Milk protein,Supplements,Protein and amino acids,Protein powders,specific,supplements_protein_and_amino_acids_protein_or_amino_acid_supplement,TRUE,,dose,dose|tablet|capsule|softgel|gummy|scoop|g|mg|mcg|ml|drop|sachet|serving,TRUE,Milk protein Supplements Protein and amino acids Protein powders,2315,TRUE,
supplements_protein_and_amino_acids_egg_white_protein,Egg white protein,Supplements,Protein and amino acids,Protein powders,specific,supplements_protein_and_amino_acids_protein_or_amino_acid_supplement,TRUE,,dose,dose|tablet|capsule|softgel|gummy|scoop|g|mg|mcg|ml|drop|sachet|serving,TRUE,Egg white protein Supplements Protein and amino acids Protein powders,2316,TRUE,
supplements_protein_and_amino_acids_collagen_protein,Collagen protein,Supplements,Protein and amino acids,Protein powders,specific,supplements_protein_and_amino_acids_protein_or_amino_acid_supplement,TRUE,,dose,dose|tablet|capsule|softgel|gummy|scoop|g|mg|mcg|ml|drop|sachet|serving,TRUE,Collagen protein Supplements Protein and amino acids Protein powders,2317,TRUE,
supplements_protein_and_amino_acids_soy_protein_powder,Soy protein powder,Supplements,Protein and amino acids,Protein powders,specific,supplements_protein_and_amino_acids_protein_or_amino_acid_supplement,TRUE,,dose,dose|tablet|capsule|softgel|gummy|scoop|g|mg|mcg|ml|drop|sachet|serving,TRUE,Soy protein powder Supplements Protein and amino acids Protein powders,2318,TRUE,
supplements_protein_and_amino_acids_pea_protein,Pea protein,Supplements,Protein and amino acids,Protein powders,specific,supplements_protein_and_amino_acids_protein_or_amino_acid_supplement,TRUE,,dose,dose|tablet|capsule|softgel|gummy|scoop|g|mg|mcg|ml|drop|sachet|serving,TRUE,Pea protein Supplements Protein and amino acids Protein powders,2319,TRUE,
supplements_protein_and_amino_acids_rice_protein,Rice protein,Supplements,Protein and amino acids,Protein powders,specific,supplements_protein_and_amino_acids_protein_or_amino_acid_supplement,TRUE,,dose,dose|tablet|capsule|softgel|gummy|scoop|g|mg|mcg|ml|drop|sachet|serving,TRUE,Rice protein Supplements Protein and amino acids Protein powders,2320,TRUE,
supplements_protein_and_amino_acids_hemp_protein,Hemp protein,Supplements,Protein and amino acids,Protein powders,specific,supplements_protein_and_amino_acids_protein_or_amino_acid_supplement,TRUE,,dose,dose|tablet|capsule|softgel|gummy|scoop|g|mg|mcg|ml|drop|sachet|serving,TRUE,Hemp protein Supplements Protein and amino acids Protein powders,2321,TRUE,
supplements_protein_and_amino_acids_plant_protein_blend,Plant protein blend,Supplements,Protein and amino acids,Protein powders,specific,supplements_protein_and_amino_acids_protein_or_amino_acid_supplement,TRUE,,dose,dose|tablet|capsule|softgel|gummy|scoop|g|mg|mcg|ml|drop|sachet|serving,TRUE,Plant protein blend Supplements Protein and amino acids Protein powders,2322,TRUE,
supplements_protein_and_amino_acids_beef_protein_powder,Beef protein powder,Supplements,Protein and amino acids,Protein powders,specific,supplements_protein_and_amino_acids_protein_or_amino_acid_supplement,TRUE,,dose,dose|tablet|capsule|softgel|gummy|scoop|g|mg|mcg|ml|drop|sachet|serving,TRUE,Beef protein powder Supplements Protein and amino acids Protein powders,2323,TRUE,
supplements_protein_and_amino_acids_protein_shake,Protein shake,Supplements,Protein and amino acids,Protein powders,specific,supplements_protein_and_amino_acids_protein_or_amino_acid_supplement,TRUE,,dose,dose|tablet|capsule|softgel|gummy|scoop|g|mg|mcg|ml|drop|sachet|serving,TRUE,Protein shake Supplements Protein and amino acids Protein powders,2324,TRUE,
supplements_protein_and_amino_acids_protein_bar_supplement,Protein bar supplement,Supplements,Protein and amino acids,Protein powders,specific,supplements_protein_and_amino_acids_protein_or_amino_acid_supplement,TRUE,,dose,dose|tablet|capsule|softgel|gummy|scoop|g|mg|mcg|ml|drop|sachet|serving,TRUE,Protein bar supplement Supplements Protein and amino acids Protein powders,2325,TRUE,
supplements_protein_and_amino_acids_bcaa,BCAA,Supplements,Protein and amino acids,Amino acids,specific,supplements_protein_and_amino_acids_protein_or_amino_acid_supplement,TRUE,,dose,dose|tablet|capsule|softgel|gummy|scoop|g|mg|mcg|ml|drop|sachet|serving,TRUE,BCAA Supplements Protein and amino acids Amino acids,2326,TRUE,
supplements_protein_and_amino_acids_eaa,EAA,Supplements,Protein and amino acids,Amino acids,specific,supplements_protein_and_amino_acids_protein_or_amino_acid_supplement,TRUE,,dose,dose|tablet|capsule|softgel|gummy|scoop|g|mg|mcg|ml|drop|sachet|serving,TRUE,EAA Supplements Protein and amino acids Amino acids,2327,TRUE,
supplements_protein_and_amino_acids_l_glutamine,L-glutamine,Supplements,Protein and amino acids,Amino acids,specific,supplements_protein_and_amino_acids_protein_or_amino_acid_supplement,TRUE,,dose,dose|tablet|capsule|softgel|gummy|scoop|g|mg|mcg|ml|drop|sachet|serving,TRUE,L-glutamine Supplements Protein and amino acids Amino acids,2328,TRUE,
supplements_protein_and_amino_acids_l_arginine,L-arginine,Supplements,Protein and amino acids,Amino acids,specific,supplements_protein_and_amino_acids_protein_or_amino_acid_supplement,TRUE,,dose,dose|tablet|capsule|softgel|gummy|scoop|g|mg|mcg|ml|drop|sachet|serving,TRUE,L-arginine Supplements Protein and amino acids Amino acids,2329,TRUE,
supplements_protein_and_amino_acids_l_citrulline,L-citrulline,Supplements,Protein and amino acids,Amino acids,specific,supplements_protein_and_amino_acids_protein_or_amino_acid_supplement,TRUE,,dose,dose|tablet|capsule|softgel|gummy|scoop|g|mg|mcg|ml|drop|sachet|serving,TRUE,L-citrulline Supplements Protein and amino acids Amino acids,2330,TRUE,
supplements_protein_and_amino_acids_citrulline_malate,Citrulline malate,Supplements,Protein and amino acids,Amino acids,specific,supplements_protein_and_amino_acids_protein_or_amino_acid_supplement,TRUE,,dose,dose|tablet|capsule|softgel|gummy|scoop|g|mg|mcg|ml|drop|sachet|serving,TRUE,Citrulline malate Supplements Protein and amino acids Amino acids,2331,TRUE,
supplements_protein_and_amino_acids_l_lysine,L-lysine,Supplements,Protein and amino acids,Amino acids,specific,supplements_protein_and_amino_acids_protein_or_amino_acid_supplement,TRUE,,dose,dose|tablet|capsule|softgel|gummy|scoop|g|mg|mcg|ml|drop|sachet|serving,TRUE,L-lysine Supplements Protein and amino acids Amino acids,2332,TRUE,
supplements_protein_and_amino_acids_l_leucine,L-leucine,Supplements,Protein and amino acids,Amino acids,specific,supplements_protein_and_amino_acids_protein_or_amino_acid_supplement,TRUE,,dose,dose|tablet|capsule|softgel|gummy|scoop|g|mg|mcg|ml|drop|sachet|serving,TRUE,L-leucine Supplements Protein and amino acids Amino acids,2333,TRUE,
supplements_protein_and_amino_acids_l_isoleucine,L-isoleucine,Supplements,Protein and amino acids,Amino acids,specific,supplements_protein_and_amino_acids_protein_or_amino_acid_supplement,TRUE,,dose,dose|tablet|capsule|softgel|gummy|scoop|g|mg|mcg|ml|drop|sachet|serving,TRUE,L-isoleucine Supplements Protein and amino acids Amino acids,2334,TRUE,
supplements_protein_and_amino_acids_l_valine,L-valine,Supplements,Protein and amino acids,Amino acids,specific,supplements_protein_and_amino_acids_protein_or_amino_acid_supplement,TRUE,,dose,dose|tablet|capsule|softgel|gummy|scoop|g|mg|mcg|ml|drop|sachet|serving,TRUE,L-valine Supplements Protein and amino acids Amino acids,2335,TRUE,
supplements_protein_and_amino_acids_l_tyrosine,L-tyrosine,Supplements,Protein and amino acids,Amino acids,specific,supplements_protein_and_amino_acids_protein_or_amino_acid_supplement,TRUE,,dose,dose|tablet|capsule|softgel|gummy|scoop|g|mg|mcg|ml|drop|sachet|serving,TRUE,L-tyrosine Supplements Protein and amino acids Amino acids,2336,TRUE,
supplements_protein_and_amino_acids_l_theanine,L-theanine,Supplements,Protein and amino acids,Amino acids,specific,supplements_protein_and_amino_acids_protein_or_amino_acid_supplement,TRUE,,dose,dose|tablet|capsule|softgel|gummy|scoop|g|mg|mcg|ml|drop|sachet|serving,TRUE,L-theanine Supplements Protein and amino acids Amino acids,2337,TRUE,
supplements_protein_and_amino_acids_l_carnitine,L-carnitine,Supplements,Protein and amino acids,Amino acids,specific,supplements_protein_and_amino_acids_protein_or_amino_acid_supplement,TRUE,,dose,dose|tablet|capsule|softgel|gummy|scoop|g|mg|mcg|ml|drop|sachet|serving,TRUE,L-carnitine Supplements Protein and amino acids Amino acids,2338,TRUE,
supplements_protein_and_amino_acids_acetyl_l_carnitine,Acetyl-L-carnitine,Supplements,Protein and amino acids,Amino acids,specific,supplements_protein_and_amino_acids_protein_or_amino_acid_supplement,TRUE,,dose,dose|tablet|capsule|softgel|gummy|scoop|g|mg|mcg|ml|drop|sachet|serving,TRUE,Acetyl-L-carnitine Supplements Protein and amino acids Amino acids,2339,TRUE,
supplements_protein_and_amino_acids_glycine,Glycine,Supplements,Protein and amino acids,Amino acids,specific,supplements_protein_and_amino_acids_protein_or_amino_acid_supplement,TRUE,,dose,dose|tablet|capsule|softgel|gummy|scoop|g|mg|mcg|ml|drop|sachet|serving,TRUE,Glycine Supplements Protein and amino acids Amino acids,2340,TRUE,
supplements_protein_and_amino_acids_taurine,Taurine,Supplements,Protein and amino acids,Amino acids,specific,supplements_protein_and_amino_acids_protein_or_amino_acid_supplement,TRUE,,dose,dose|tablet|capsule|softgel|gummy|scoop|g|mg|mcg|ml|drop|sachet|serving,TRUE,Taurine Supplements Protein and amino acids Amino acids,2341,TRUE,
supplements_protein_and_amino_acids_n_acetyl_cysteine,N-acetyl cysteine,Supplements,Protein and amino acids,Amino acids,specific,supplements_protein_and_amino_acids_protein_or_amino_acid_supplement,TRUE,,dose,dose|tablet|capsule|softgel|gummy|scoop|g|mg|mcg|ml|drop|sachet|serving,TRUE,N-acetyl cysteine Supplements Protein and amino acids Amino acids,2342,TRUE,
supplements_protein_and_amino_acids_methionine,Methionine,Supplements,Protein and amino acids,Amino acids,specific,supplements_protein_and_amino_acids_protein_or_amino_acid_supplement,TRUE,,dose,dose|tablet|capsule|softgel|gummy|scoop|g|mg|mcg|ml|drop|sachet|serving,TRUE,Methionine Supplements Protein and amino acids Amino acids,2343,TRUE,
supplements_protein_and_amino_acids_tryptophan,Tryptophan,Supplements,Protein and amino acids,Amino acids,specific,supplements_protein_and_amino_acids_protein_or_amino_acid_supplement,TRUE,,dose,dose|tablet|capsule|softgel|gummy|scoop|g|mg|mcg|ml|drop|sachet|serving,TRUE,Tryptophan Supplements Protein and amino acids Amino acids,2344,TRUE,
supplements_protein_and_amino_acids_beta_alanine,Beta-alanine,Supplements,Protein and amino acids,Amino acids,specific,supplements_protein_and_amino_acids_protein_or_amino_acid_supplement,TRUE,,dose,dose|tablet|capsule|softgel|gummy|scoop|g|mg|mcg|ml|drop|sachet|serving,TRUE,Beta-alanine Supplements Protein and amino acids Amino acids,2345,TRUE,
supplements_sports_and_performance_supplements_sports_or_performance_supplement,Sports or performance supplement,Supplements,Sports and performance supplements,General,general,,TRUE,,dose,dose|tablet|capsule|softgel|gummy|scoop|g|mg|mcg|ml|drop|sachet|serving,TRUE,Sports or performance supplement Supplements Sports and performance supplements General,2346,TRUE,General option remains selectable when the user does not want to choose a specific item.
supplements_sports_and_performance_supplements_creatine_monohydrate,Creatine monohydrate,Supplements,Sports and performance supplements,Performance products,specific,supplements_sports_and_performance_supplements_sports_or_performance_supplement,TRUE,,dose,dose|tablet|capsule|softgel|gummy|scoop|g|mg|mcg|ml|drop|sachet|serving,TRUE,Creatine monohydrate Supplements Sports and performance supplements Performance products,2347,TRUE,
supplements_sports_and_performance_supplements_creatine_blend,Creatine blend,Supplements,Sports and performance supplements,Performance products,specific,supplements_sports_and_performance_supplements_sports_or_performance_supplement,TRUE,,dose,dose|tablet|capsule|softgel|gummy|scoop|g|mg|mcg|ml|drop|sachet|serving,TRUE,Creatine blend Supplements Sports and performance supplements Performance products,2348,TRUE,
supplements_sports_and_performance_supplements_pre_workout_supplement,Pre-workout supplement,Supplements,Sports and performance supplements,Performance products,specific,supplements_sports_and_performance_supplements_sports_or_performance_supplement,TRUE,,dose,dose|tablet|capsule|softgel|gummy|scoop|g|mg|mcg|ml|drop|sachet|serving,TRUE,Pre-workout supplement Supplements Sports and performance supplements Performance products,2349,TRUE,
supplements_sports_and_performance_supplements_post_workout_supplement,Post-workout supplement,Supplements,Sports and performance supplements,Performance products,specific,supplements_sports_and_performance_supplements_sports_or_performance_supplement,TRUE,,dose,dose|tablet|capsule|softgel|gummy|scoop|g|mg|mcg|ml|drop|sachet|serving,TRUE,Post-workout supplement Supplements Sports and performance supplements Performance products,2350,TRUE,
supplements_sports_and_performance_supplements_mass_gainer,Mass gainer,Supplements,Sports and performance supplements,Performance products,specific,supplements_sports_and_performance_supplements_sports_or_performance_supplement,TRUE,,dose,dose|tablet|capsule|softgel|gummy|scoop|g|mg|mcg|ml|drop|sachet|serving,TRUE,Mass gainer Supplements Sports and performance supplements Performance products,2351,TRUE,
supplements_sports_and_performance_supplements_carbohydrate_powder,Carbohydrate powder,Supplements,Sports and performance supplements,Performance products,specific,supplements_sports_and_performance_supplements_sports_or_performance_supplement,TRUE,,dose,dose|tablet|capsule|softgel|gummy|scoop|g|mg|mcg|ml|drop|sachet|serving,TRUE,Carbohydrate powder Supplements Sports and performance supplements Performance products,2352,TRUE,
supplements_sports_and_performance_supplements_electrolyte_powder,Electrolyte powder,Supplements,Sports and performance supplements,Performance products,specific,supplements_sports_and_performance_supplements_sports_or_performance_supplement,TRUE,,dose,dose|tablet|capsule|softgel|gummy|scoop|g|mg|mcg|ml|drop|sachet|serving,TRUE,Electrolyte powder Supplements Sports and performance supplements Performance products,2353,TRUE,
supplements_sports_and_performance_supplements_hydration_tablets,Hydration tablets,Supplements,Sports and performance supplements,Performance products,specific,supplements_sports_and_performance_supplements_sports_or_performance_supplement,TRUE,,dose,dose|tablet|capsule|softgel|gummy|scoop|g|mg|mcg|ml|drop|sachet|serving,TRUE,Hydration tablets Supplements Sports and performance supplements Performance products,2354,TRUE,
supplements_sports_and_performance_supplements_nitric_oxide_booster,Nitric oxide booster,Supplements,Sports and performance supplements,Performance products,specific,supplements_sports_and_performance_supplements_sports_or_performance_supplement,TRUE,,dose,dose|tablet|capsule|softgel|gummy|scoop|g|mg|mcg|ml|drop|sachet|serving,TRUE,Nitric oxide booster Supplements Sports and performance supplements Performance products,2355,TRUE,
supplements_sports_and_performance_supplements_hmb,HMB,Supplements,Sports and performance supplements,Performance products,specific,supplements_sports_and_performance_supplements_sports_or_performance_supplement,TRUE,,dose,dose|tablet|capsule|softgel|gummy|scoop|g|mg|mcg|ml|drop|sachet|serving,TRUE,HMB Supplements Sports and performance supplements Performance products,2356,TRUE,
supplements_sports_and_performance_supplements_beetroot_powder,Beetroot powder,Supplements,Sports and performance supplements,Performance products,specific,supplements_sports_and_performance_supplements_sports_or_performance_supplement,TRUE,,dose,dose|tablet|capsule|softgel|gummy|scoop|g|mg|mcg|ml|drop|sachet|serving,TRUE,Beetroot powder Supplements Sports and performance supplements Performance products,2357,TRUE,
supplements_sports_and_performance_supplements_caffeine_supplement,Caffeine supplement,Supplements,Sports and performance supplements,Performance products,specific,supplements_sports_and_performance_supplements_sports_or_performance_supplement,TRUE,,dose,dose|tablet|capsule|softgel|gummy|scoop|g|mg|mcg|ml|drop|sachet|serving,TRUE,Caffeine supplement Supplements Sports and performance supplements Performance products,2358,TRUE,
supplements_sports_and_performance_supplements_energy_gel,Energy gel,Supplements,Sports and performance supplements,Performance products,specific,supplements_sports_and_performance_supplements_sports_or_performance_supplement,TRUE,,dose,dose|tablet|capsule|softgel|gummy|scoop|g|mg|mcg|ml|drop|sachet|serving,TRUE,Energy gel Supplements Sports and performance supplements Performance products,2359,TRUE,
supplements_sports_and_performance_supplements_energy_chew,Energy chew,Supplements,Sports and performance supplements,Performance products,specific,supplements_sports_and_performance_supplements_sports_or_performance_supplement,TRUE,,dose,dose|tablet|capsule|softgel|gummy|scoop|g|mg|mcg|ml|drop|sachet|serving,TRUE,Energy chew Supplements Sports and performance supplements Performance products,2360,TRUE,
supplements_sports_and_performance_supplements_recovery_supplement,Recovery supplement,Supplements,Sports and performance supplements,Performance products,specific,supplements_sports_and_performance_supplements_sports_or_performance_supplement,TRUE,,dose,dose|tablet|capsule|softgel|gummy|scoop|g|mg|mcg|ml|drop|sachet|serving,TRUE,Recovery supplement Supplements Sports and performance supplements Performance products,2361,TRUE,
supplements_fatty_acids_and_oils_fatty_acid_or_oil_supplement,Fatty acid or oil supplement,Supplements,Fatty acids and oils,General,general,,TRUE,,dose,dose|tablet|capsule|softgel|gummy|scoop|g|mg|mcg|ml|drop|sachet|serving,TRUE,Fatty acid or oil supplement Supplements Fatty acids and oils General,2362,TRUE,General option remains selectable when the user does not want to choose a specific item.
supplements_fatty_acids_and_oils_fish_oil,Fish oil,Supplements,Fatty acids and oils,Omega and oil supplements,specific,supplements_fatty_acids_and_oils_fatty_acid_or_oil_supplement,TRUE,,dose,dose|tablet|capsule|softgel|gummy|scoop|g|mg|mcg|ml|drop|sachet|serving,TRUE,Fish oil Supplements Fatty acids and oils Omega and oil supplements,2363,TRUE,
supplements_fatty_acids_and_oils_omega_3,Omega-3,Supplements,Fatty acids and oils,Omega and oil supplements,specific,supplements_fatty_acids_and_oils_fatty_acid_or_oil_supplement,TRUE,,dose,dose|tablet|capsule|softgel|gummy|scoop|g|mg|mcg|ml|drop|sachet|serving,TRUE,Omega-3 Supplements Fatty acids and oils Omega and oil supplements,2364,TRUE,
supplements_fatty_acids_and_oils_epa_supplement,EPA supplement,Supplements,Fatty acids and oils,Omega and oil supplements,specific,supplements_fatty_acids_and_oils_fatty_acid_or_oil_supplement,TRUE,,dose,dose|tablet|capsule|softgel|gummy|scoop|g|mg|mcg|ml|drop|sachet|serving,TRUE,EPA supplement Supplements Fatty acids and oils Omega and oil supplements,2365,TRUE,
supplements_fatty_acids_and_oils_dha_supplement,DHA supplement,Supplements,Fatty acids and oils,Omega and oil supplements,specific,supplements_fatty_acids_and_oils_fatty_acid_or_oil_supplement,TRUE,,dose,dose|tablet|capsule|softgel|gummy|scoop|g|mg|mcg|ml|drop|sachet|serving,TRUE,DHA supplement Supplements Fatty acids and oils Omega and oil supplements,2366,TRUE,
supplements_fatty_acids_and_oils_cod_liver_oil,Cod liver oil,Supplements,Fatty acids and oils,Omega and oil supplements,specific,supplements_fatty_acids_and_oils_fatty_acid_or_oil_supplement,TRUE,,dose,dose|tablet|capsule|softgel|gummy|scoop|g|mg|mcg|ml|drop|sachet|serving,TRUE,Cod liver oil Supplements Fatty acids and oils Omega and oil supplements,2367,TRUE,
supplements_fatty_acids_and_oils_krill_oil,Krill oil,Supplements,Fatty acids and oils,Omega and oil supplements,specific,supplements_fatty_acids_and_oils_fatty_acid_or_oil_supplement,TRUE,,dose,dose|tablet|capsule|softgel|gummy|scoop|g|mg|mcg|ml|drop|sachet|serving,TRUE,Krill oil Supplements Fatty acids and oils Omega and oil supplements,2368,TRUE,
supplements_fatty_acids_and_oils_algal_oil,Algal oil,Supplements,Fatty acids and oils,Omega and oil supplements,specific,supplements_fatty_acids_and_oils_fatty_acid_or_oil_supplement,TRUE,,dose,dose|tablet|capsule|softgel|gummy|scoop|g|mg|mcg|ml|drop|sachet|serving,TRUE,Algal oil Supplements Fatty acids and oils Omega and oil supplements,2369,TRUE,
supplements_fatty_acids_and_oils_flaxseed_oil_supplement,Flaxseed oil supplement,Supplements,Fatty acids and oils,Omega and oil supplements,specific,supplements_fatty_acids_and_oils_fatty_acid_or_oil_supplement,TRUE,,dose,dose|tablet|capsule|softgel|gummy|scoop|g|mg|mcg|ml|drop|sachet|serving,TRUE,Flaxseed oil supplement Supplements Fatty acids and oils Omega and oil supplements,2370,TRUE,
supplements_fatty_acids_and_oils_evening_primrose_oil,Evening primrose oil,Supplements,Fatty acids and oils,Omega and oil supplements,specific,supplements_fatty_acids_and_oils_fatty_acid_or_oil_supplement,TRUE,,dose,dose|tablet|capsule|softgel|gummy|scoop|g|mg|mcg|ml|drop|sachet|serving,TRUE,Evening primrose oil Supplements Fatty acids and oils Omega and oil supplements,2371,TRUE,
supplements_fatty_acids_and_oils_borage_oil,Borage oil,Supplements,Fatty acids and oils,Omega and oil supplements,specific,supplements_fatty_acids_and_oils_fatty_acid_or_oil_supplement,TRUE,,dose,dose|tablet|capsule|softgel|gummy|scoop|g|mg|mcg|ml|drop|sachet|serving,TRUE,Borage oil Supplements Fatty acids and oils Omega and oil supplements,2372,TRUE,
supplements_fatty_acids_and_oils_black_seed_oil,Black seed oil,Supplements,Fatty acids and oils,Omega and oil supplements,specific,supplements_fatty_acids_and_oils_fatty_acid_or_oil_supplement,TRUE,,dose,dose|tablet|capsule|softgel|gummy|scoop|g|mg|mcg|ml|drop|sachet|serving,TRUE,Black seed oil Supplements Fatty acids and oils Omega and oil supplements,2373,TRUE,
supplements_fatty_acids_and_oils_mct_oil,MCT oil,Supplements,Fatty acids and oils,Omega and oil supplements,specific,supplements_fatty_acids_and_oils_fatty_acid_or_oil_supplement,TRUE,,dose,dose|tablet|capsule|softgel|gummy|scoop|g|mg|mcg|ml|drop|sachet|serving,TRUE,MCT oil Supplements Fatty acids and oils Omega and oil supplements,2374,TRUE,
supplements_fatty_acids_and_oils_coconut_oil_supplement,Coconut oil supplement,Supplements,Fatty acids and oils,Omega and oil supplements,specific,supplements_fatty_acids_and_oils_fatty_acid_or_oil_supplement,TRUE,,dose,dose|tablet|capsule|softgel|gummy|scoop|g|mg|mcg|ml|drop|sachet|serving,TRUE,Coconut oil supplement Supplements Fatty acids and oils Omega and oil supplements,2375,TRUE,
supplements_fatty_acids_and_oils_cla,CLA,Supplements,Fatty acids and oils,Omega and oil supplements,specific,supplements_fatty_acids_and_oils_fatty_acid_or_oil_supplement,TRUE,,dose,dose|tablet|capsule|softgel|gummy|scoop|g|mg|mcg|ml|drop|sachet|serving,TRUE,CLA Supplements Fatty acids and oils Omega and oil supplements,2376,TRUE,
supplements_probiotics_and_digestive_supplements_digestive_supplement,Digestive supplement,Supplements,Probiotics and digestive supplements,General,general,,TRUE,,dose,dose|tablet|capsule|softgel|gummy|scoop|g|mg|mcg|ml|drop|sachet|serving,TRUE,Digestive supplement Supplements Probiotics and digestive supplements General,2377,TRUE,General option remains selectable when the user does not want to choose a specific item.
supplements_probiotics_and_digestive_supplements_probiotic,Probiotic,Supplements,Probiotics and digestive supplements,Microbiome products,specific,supplements_probiotics_and_digestive_supplements_digestive_supplement,TRUE,,dose,dose|tablet|capsule|softgel|gummy|scoop|g|mg|mcg|ml|drop|sachet|serving,TRUE,Probiotic Supplements Probiotics and digestive supplements Microbiome products,2378,TRUE,
supplements_probiotics_and_digestive_supplements_prebiotic,Prebiotic,Supplements,Probiotics and digestive supplements,Microbiome products,specific,supplements_probiotics_and_digestive_supplements_digestive_supplement,TRUE,,dose,dose|tablet|capsule|softgel|gummy|scoop|g|mg|mcg|ml|drop|sachet|serving,TRUE,Prebiotic Supplements Probiotics and digestive supplements Microbiome products,2379,TRUE,
supplements_probiotics_and_digestive_supplements_synbiotic,Synbiotic,Supplements,Probiotics and digestive supplements,Microbiome products,specific,supplements_probiotics_and_digestive_supplements_digestive_supplement,TRUE,,dose,dose|tablet|capsule|softgel|gummy|scoop|g|mg|mcg|ml|drop|sachet|serving,TRUE,Synbiotic Supplements Probiotics and digestive supplements Microbiome products,2380,TRUE,
supplements_probiotics_and_digestive_supplements_lactobacillus_supplement,Lactobacillus supplement,Supplements,Probiotics and digestive supplements,Microbiome products,specific,supplements_probiotics_and_digestive_supplements_digestive_supplement,TRUE,,dose,dose|tablet|capsule|softgel|gummy|scoop|g|mg|mcg|ml|drop|sachet|serving,TRUE,Lactobacillus supplement Supplements Probiotics and digestive supplements Microbiome products,2381,TRUE,
supplements_probiotics_and_digestive_supplements_bifidobacterium_supplement,Bifidobacterium supplement,Supplements,Probiotics and digestive supplements,Microbiome products,specific,supplements_probiotics_and_digestive_supplements_digestive_supplement,TRUE,,dose,dose|tablet|capsule|softgel|gummy|scoop|g|mg|mcg|ml|drop|sachet|serving,TRUE,Bifidobacterium supplement Supplements Probiotics and digestive supplements Microbiome products,2382,TRUE,
supplements_probiotics_and_digestive_supplements_saccharomyces_boulardii,Saccharomyces boulardii,Supplements,Probiotics and digestive supplements,Microbiome products,specific,supplements_probiotics_and_digestive_supplements_digestive_supplement,TRUE,,dose,dose|tablet|capsule|softgel|gummy|scoop|g|mg|mcg|ml|drop|sachet|serving,TRUE,Saccharomyces boulardii Supplements Probiotics and digestive supplements Microbiome products,2383,TRUE,
supplements_probiotics_and_digestive_supplements_postbiotic,Postbiotic,Supplements,Probiotics and digestive supplements,Microbiome products,specific,supplements_probiotics_and_digestive_supplements_digestive_supplement,TRUE,,dose,dose|tablet|capsule|softgel|gummy|scoop|g|mg|mcg|ml|drop|sachet|serving,TRUE,Postbiotic Supplements Probiotics and digestive supplements Microbiome products,2384,TRUE,
supplements_probiotics_and_digestive_supplements_fermented_probiotic_supplement,Fermented probiotic supplement,Supplements,Probiotics and digestive supplements,Microbiome products,specific,supplements_probiotics_and_digestive_supplements_digestive_supplement,TRUE,,dose,dose|tablet|capsule|softgel|gummy|scoop|g|mg|mcg|ml|drop|sachet|serving,TRUE,Fermented probiotic supplement Supplements Probiotics and digestive supplements Microbiome products,2385,TRUE,
supplements_probiotics_and_digestive_supplements_digestive_enzymes,Digestive enzymes,Supplements,Probiotics and digestive supplements,Digestive aids,specific,supplements_probiotics_and_digestive_supplements_digestive_supplement,TRUE,,dose,dose|tablet|capsule|softgel|gummy|scoop|g|mg|mcg|ml|drop|sachet|serving,TRUE,Digestive enzymes Supplements Probiotics and digestive supplements Digestive aids,2386,TRUE,
supplements_probiotics_and_digestive_supplements_lactase_enzyme,Lactase enzyme,Supplements,Probiotics and digestive supplements,Digestive aids,specific,supplements_probiotics_and_digestive_supplements_digestive_supplement,TRUE,,dose,dose|tablet|capsule|softgel|gummy|scoop|g|mg|mcg|ml|drop|sachet|serving,TRUE,Lactase enzyme Supplements Probiotics and digestive supplements Digestive aids,2387,TRUE,
supplements_probiotics_and_digestive_supplements_papain,Papain,Supplements,Probiotics and digestive supplements,Digestive aids,specific,supplements_probiotics_and_digestive_supplements_digestive_supplement,TRUE,,dose,dose|tablet|capsule|softgel|gummy|scoop|g|mg|mcg|ml|drop|sachet|serving,TRUE,Papain Supplements Probiotics and digestive supplements Digestive aids,2388,TRUE,
supplements_probiotics_and_digestive_supplements_bromelain,Bromelain,Supplements,Probiotics and digestive supplements,Digestive aids,specific,supplements_probiotics_and_digestive_supplements_digestive_supplement,TRUE,,dose,dose|tablet|capsule|softgel|gummy|scoop|g|mg|mcg|ml|drop|sachet|serving,TRUE,Bromelain Supplements Probiotics and digestive supplements Digestive aids,2389,TRUE,
supplements_probiotics_and_digestive_supplements_betaine_hcl,Betaine HCl,Supplements,Probiotics and digestive supplements,Digestive aids,specific,supplements_probiotics_and_digestive_supplements_digestive_supplement,TRUE,,dose,dose|tablet|capsule|softgel|gummy|scoop|g|mg|mcg|ml|drop|sachet|serving,TRUE,Betaine HCl Supplements Probiotics and digestive supplements Digestive aids,2390,TRUE,
supplements_probiotics_and_digestive_supplements_ox_bile,Ox bile,Supplements,Probiotics and digestive supplements,Digestive aids,specific,supplements_probiotics_and_digestive_supplements_digestive_supplement,TRUE,,dose,dose|tablet|capsule|softgel|gummy|scoop|g|mg|mcg|ml|drop|sachet|serving,TRUE,Ox bile Supplements Probiotics and digestive supplements Digestive aids,2391,TRUE,
supplements_probiotics_and_digestive_supplements_fiber_supplement,Fiber supplement,Supplements,Probiotics and digestive supplements,Digestive aids,specific,supplements_probiotics_and_digestive_supplements_digestive_supplement,TRUE,,dose,dose|tablet|capsule|softgel|gummy|scoop|g|mg|mcg|ml|drop|sachet|serving,TRUE,Fiber supplement Supplements Probiotics and digestive supplements Digestive aids,2392,TRUE,
supplements_probiotics_and_digestive_supplements_psyllium_supplement,Psyllium supplement,Supplements,Probiotics and digestive supplements,Digestive aids,specific,supplements_probiotics_and_digestive_supplements_digestive_supplement,TRUE,,dose,dose|tablet|capsule|softgel|gummy|scoop|g|mg|mcg|ml|drop|sachet|serving,TRUE,Psyllium supplement Supplements Probiotics and digestive supplements Digestive aids,2393,TRUE,
supplements_probiotics_and_digestive_supplements_inulin,Inulin,Supplements,Probiotics and digestive supplements,Digestive aids,specific,supplements_probiotics_and_digestive_supplements_digestive_supplement,TRUE,,dose,dose|tablet|capsule|softgel|gummy|scoop|g|mg|mcg|ml|drop|sachet|serving,TRUE,Inulin Supplements Probiotics and digestive supplements Digestive aids,2394,TRUE,
supplements_probiotics_and_digestive_supplements_glucomannan,Glucomannan,Supplements,Probiotics and digestive supplements,Digestive aids,specific,supplements_probiotics_and_digestive_supplements_digestive_supplement,TRUE,,dose,dose|tablet|capsule|softgel|gummy|scoop|g|mg|mcg|ml|drop|sachet|serving,TRUE,Glucomannan Supplements Probiotics and digestive supplements Digestive aids,2395,TRUE,
supplements_probiotics_and_digestive_supplements_activated_charcoal_supplement,Activated charcoal supplement,Supplements,Probiotics and digestive supplements,Digestive aids,specific,supplements_probiotics_and_digestive_supplements_digestive_supplement,TRUE,,dose,dose|tablet|capsule|softgel|gummy|scoop|g|mg|mcg|ml|drop|sachet|serving,TRUE,Activated charcoal supplement Supplements Probiotics and digestive supplements Digestive aids,2396,TRUE,
supplements_herbs_and_botanicals_herbal_or_botanical_supplement,Herbal or botanical supplement,Supplements,Herbs and botanicals,General,general,,TRUE,,dose,dose|tablet|capsule|softgel|gummy|scoop|g|mg|mcg|ml|drop|sachet|serving,TRUE,Herbal or botanical supplement Supplements Herbs and botanicals General,2397,TRUE,General option remains selectable when the user does not want to choose a specific item.
supplements_herbs_and_botanicals_ashwagandha,Ashwagandha,Supplements,Herbs and botanicals,Adaptogens and calming herbs,specific,supplements_herbs_and_botanicals_herbal_or_botanical_supplement,TRUE,,dose,dose|tablet|capsule|softgel|gummy|scoop|g|mg|mcg|ml|drop|sachet|serving,TRUE,Ashwagandha Supplements Herbs and botanicals Adaptogens and calming herbs,2398,TRUE,
supplements_herbs_and_botanicals_rhodiola,Rhodiola,Supplements,Herbs and botanicals,Adaptogens and calming herbs,specific,supplements_herbs_and_botanicals_herbal_or_botanical_supplement,TRUE,,dose,dose|tablet|capsule|softgel|gummy|scoop|g|mg|mcg|ml|drop|sachet|serving,TRUE,Rhodiola Supplements Herbs and botanicals Adaptogens and calming herbs,2399,TRUE,
supplements_herbs_and_botanicals_ginseng,Ginseng,Supplements,Herbs and botanicals,Adaptogens and calming herbs,specific,supplements_herbs_and_botanicals_herbal_or_botanical_supplement,TRUE,,dose,dose|tablet|capsule|softgel|gummy|scoop|g|mg|mcg|ml|drop|sachet|serving,TRUE,Ginseng Supplements Herbs and botanicals Adaptogens and calming herbs,2400,TRUE,
supplements_herbs_and_botanicals_panax_ginseng,Panax ginseng,Supplements,Herbs and botanicals,Adaptogens and calming herbs,specific,supplements_herbs_and_botanicals_herbal_or_botanical_supplement,TRUE,,dose,dose|tablet|capsule|softgel|gummy|scoop|g|mg|mcg|ml|drop|sachet|serving,TRUE,Panax ginseng Supplements Herbs and botanicals Adaptogens and calming herbs,2401,TRUE,
supplements_herbs_and_botanicals_american_ginseng,American ginseng,Supplements,Herbs and botanicals,Adaptogens and calming herbs,specific,supplements_herbs_and_botanicals_herbal_or_botanical_supplement,TRUE,,dose,dose|tablet|capsule|softgel|gummy|scoop|g|mg|mcg|ml|drop|sachet|serving,TRUE,American ginseng Supplements Herbs and botanicals Adaptogens and calming herbs,2402,TRUE,
supplements_herbs_and_botanicals_siberian_ginseng,Siberian ginseng,Supplements,Herbs and botanicals,Adaptogens and calming herbs,specific,supplements_herbs_and_botanicals_herbal_or_botanical_supplement,TRUE,,dose,dose|tablet|capsule|softgel|gummy|scoop|g|mg|mcg|ml|drop|sachet|serving,TRUE,Siberian ginseng Supplements Herbs and botanicals Adaptogens and calming herbs,2403,TRUE,
supplements_herbs_and_botanicals_maca,Maca,Supplements,Herbs and botanicals,Adaptogens and calming herbs,specific,supplements_herbs_and_botanicals_herbal_or_botanical_supplement,TRUE,,dose,dose|tablet|capsule|softgel|gummy|scoop|g|mg|mcg|ml|drop|sachet|serving,TRUE,Maca Supplements Herbs and botanicals Adaptogens and calming herbs,2404,TRUE,
supplements_herbs_and_botanicals_holy_basil,Holy basil,Supplements,Herbs and botanicals,Adaptogens and calming herbs,specific,supplements_herbs_and_botanicals_herbal_or_botanical_supplement,TRUE,,dose,dose|tablet|capsule|softgel|gummy|scoop|g|mg|mcg|ml|drop|sachet|serving,TRUE,Holy basil Supplements Herbs and botanicals Adaptogens and calming herbs,2405,TRUE,
supplements_herbs_and_botanicals_valerian_root,Valerian root,Supplements,Herbs and botanicals,Adaptogens and calming herbs,specific,supplements_herbs_and_botanicals_herbal_or_botanical_supplement,TRUE,,dose,dose|tablet|capsule|softgel|gummy|scoop|g|mg|mcg|ml|drop|sachet|serving,TRUE,Valerian root Supplements Herbs and botanicals Adaptogens and calming herbs,2406,TRUE,
supplements_herbs_and_botanicals_passionflower,Passionflower,Supplements,Herbs and botanicals,Adaptogens and calming herbs,specific,supplements_herbs_and_botanicals_herbal_or_botanical_supplement,TRUE,,dose,dose|tablet|capsule|softgel|gummy|scoop|g|mg|mcg|ml|drop|sachet|serving,TRUE,Passionflower Supplements Herbs and botanicals Adaptogens and calming herbs,2407,TRUE,
supplements_herbs_and_botanicals_lemon_balm,Lemon balm,Supplements,Herbs and botanicals,Adaptogens and calming herbs,specific,supplements_herbs_and_botanicals_herbal_or_botanical_supplement,TRUE,,dose,dose|tablet|capsule|softgel|gummy|scoop|g|mg|mcg|ml|drop|sachet|serving,TRUE,Lemon balm Supplements Herbs and botanicals Adaptogens and calming herbs,2408,TRUE,
supplements_herbs_and_botanicals_kava,Kava,Supplements,Herbs and botanicals,Adaptogens and calming herbs,specific,supplements_herbs_and_botanicals_herbal_or_botanical_supplement,TRUE,,dose,dose|tablet|capsule|softgel|gummy|scoop|g|mg|mcg|ml|drop|sachet|serving,TRUE,Kava Supplements Herbs and botanicals Adaptogens and calming herbs,2409,TRUE,
supplements_herbs_and_botanicals_lavender_supplement,Lavender supplement,Supplements,Herbs and botanicals,Adaptogens and calming herbs,specific,supplements_herbs_and_botanicals_herbal_or_botanical_supplement,TRUE,,dose,dose|tablet|capsule|softgel|gummy|scoop|g|mg|mcg|ml|drop|sachet|serving,TRUE,Lavender supplement Supplements Herbs and botanicals Adaptogens and calming herbs,2410,TRUE,
supplements_herbs_and_botanicals_chamomile_supplement,Chamomile supplement,Supplements,Herbs and botanicals,Adaptogens and calming herbs,specific,supplements_herbs_and_botanicals_herbal_or_botanical_supplement,TRUE,,dose,dose|tablet|capsule|softgel|gummy|scoop|g|mg|mcg|ml|drop|sachet|serving,TRUE,Chamomile supplement Supplements Herbs and botanicals Adaptogens and calming herbs,2411,TRUE,
supplements_herbs_and_botanicals_echinacea,Echinacea,Supplements,Herbs and botanicals,Immune and respiratory herbs,specific,supplements_herbs_and_botanicals_herbal_or_botanical_supplement,TRUE,,dose,dose|tablet|capsule|softgel|gummy|scoop|g|mg|mcg|ml|drop|sachet|serving,TRUE,Echinacea Supplements Herbs and botanicals Immune and respiratory herbs,2412,TRUE,
supplements_herbs_and_botanicals_elderberry,Elderberry,Supplements,Herbs and botanicals,Immune and respiratory herbs,specific,supplements_herbs_and_botanicals_herbal_or_botanical_supplement,TRUE,,dose,dose|tablet|capsule|softgel|gummy|scoop|g|mg|mcg|ml|drop|sachet|serving,TRUE,Elderberry Supplements Herbs and botanicals Immune and respiratory herbs,2413,TRUE,
supplements_herbs_and_botanicals_astragalus,Astragalus,Supplements,Herbs and botanicals,Immune and respiratory herbs,specific,supplements_herbs_and_botanicals_herbal_or_botanical_supplement,TRUE,,dose,dose|tablet|capsule|softgel|gummy|scoop|g|mg|mcg|ml|drop|sachet|serving,TRUE,Astragalus Supplements Herbs and botanicals Immune and respiratory herbs,2414,TRUE,
supplements_herbs_and_botanicals_andrographis,Andrographis,Supplements,Herbs and botanicals,Immune and respiratory herbs,specific,supplements_herbs_and_botanicals_herbal_or_botanical_supplement,TRUE,,dose,dose|tablet|capsule|softgel|gummy|scoop|g|mg|mcg|ml|drop|sachet|serving,TRUE,Andrographis Supplements Herbs and botanicals Immune and respiratory herbs,2415,TRUE,
supplements_herbs_and_botanicals_pelargonium,Pelargonium,Supplements,Herbs and botanicals,Immune and respiratory herbs,specific,supplements_herbs_and_botanicals_herbal_or_botanical_supplement,TRUE,,dose,dose|tablet|capsule|softgel|gummy|scoop|g|mg|mcg|ml|drop|sachet|serving,TRUE,Pelargonium Supplements Herbs and botanicals Immune and respiratory herbs,2416,TRUE,
supplements_herbs_and_botanicals_licorice_root,Licorice root,Supplements,Herbs and botanicals,Immune and respiratory herbs,specific,supplements_herbs_and_botanicals_herbal_or_botanical_supplement,TRUE,,dose,dose|tablet|capsule|softgel|gummy|scoop|g|mg|mcg|ml|drop|sachet|serving,TRUE,Licorice root Supplements Herbs and botanicals Immune and respiratory herbs,2417,TRUE,
supplements_herbs_and_botanicals_mullein,Mullein,Supplements,Herbs and botanicals,Immune and respiratory herbs,specific,supplements_herbs_and_botanicals_herbal_or_botanical_supplement,TRUE,,dose,dose|tablet|capsule|softgel|gummy|scoop|g|mg|mcg|ml|drop|sachet|serving,TRUE,Mullein Supplements Herbs and botanicals Immune and respiratory herbs,2418,TRUE,
supplements_herbs_and_botanicals_ivy_leaf,Ivy leaf,Supplements,Herbs and botanicals,Immune and respiratory herbs,specific,supplements_herbs_and_botanicals_herbal_or_botanical_supplement,TRUE,,dose,dose|tablet|capsule|softgel|gummy|scoop|g|mg|mcg|ml|drop|sachet|serving,TRUE,Ivy leaf Supplements Herbs and botanicals Immune and respiratory herbs,2419,TRUE,
supplements_herbs_and_botanicals_thyme_extract,Thyme extract,Supplements,Herbs and botanicals,Immune and respiratory herbs,specific,supplements_herbs_and_botanicals_herbal_or_botanical_supplement,TRUE,,dose,dose|tablet|capsule|softgel|gummy|scoop|g|mg|mcg|ml|drop|sachet|serving,TRUE,Thyme extract Supplements Herbs and botanicals Immune and respiratory herbs,2420,TRUE,
supplements_herbs_and_botanicals_oregano_oil,Oregano oil,Supplements,Herbs and botanicals,Immune and respiratory herbs,specific,supplements_herbs_and_botanicals_herbal_or_botanical_supplement,TRUE,,dose,dose|tablet|capsule|softgel|gummy|scoop|g|mg|mcg|ml|drop|sachet|serving,TRUE,Oregano oil Supplements Herbs and botanicals Immune and respiratory herbs,2421,TRUE,
supplements_herbs_and_botanicals_milk_thistle,Milk thistle,Supplements,Herbs and botanicals,Digestive and liver herbs,specific,supplements_herbs_and_botanicals_herbal_or_botanical_supplement,TRUE,,dose,dose|tablet|capsule|softgel|gummy|scoop|g|mg|mcg|ml|drop|sachet|serving,TRUE,Milk thistle Supplements Herbs and botanicals Digestive and liver herbs,2422,TRUE,
supplements_herbs_and_botanicals_artichoke_extract,Artichoke extract,Supplements,Herbs and botanicals,Digestive and liver herbs,specific,supplements_herbs_and_botanicals_herbal_or_botanical_supplement,TRUE,,dose,dose|tablet|capsule|softgel|gummy|scoop|g|mg|mcg|ml|drop|sachet|serving,TRUE,Artichoke extract Supplements Herbs and botanicals Digestive and liver herbs,2423,TRUE,
supplements_herbs_and_botanicals_dandelion_root,Dandelion root,Supplements,Herbs and botanicals,Digestive and liver herbs,specific,supplements_herbs_and_botanicals_herbal_or_botanical_supplement,TRUE,,dose,dose|tablet|capsule|softgel|gummy|scoop|g|mg|mcg|ml|drop|sachet|serving,TRUE,Dandelion root Supplements Herbs and botanicals Digestive and liver herbs,2424,TRUE,
supplements_herbs_and_botanicals_ginger_supplement,Ginger supplement,Supplements,Herbs and botanicals,Digestive and liver herbs,specific,supplements_herbs_and_botanicals_herbal_or_botanical_supplement,TRUE,,dose,dose|tablet|capsule|softgel|gummy|scoop|g|mg|mcg|ml|drop|sachet|serving,TRUE,Ginger supplement Supplements Herbs and botanicals Digestive and liver herbs,2425,TRUE,
supplements_herbs_and_botanicals_turmeric_supplement,Turmeric supplement,Supplements,Herbs and botanicals,Digestive and liver herbs,specific,supplements_herbs_and_botanicals_herbal_or_botanical_supplement,TRUE,,dose,dose|tablet|capsule|softgel|gummy|scoop|g|mg|mcg|ml|drop|sachet|serving,TRUE,Turmeric supplement Supplements Herbs and botanicals Digestive and liver herbs,2426,TRUE,
supplements_herbs_and_botanicals_curcumin,Curcumin,Supplements,Herbs and botanicals,Digestive and liver herbs,specific,supplements_herbs_and_botanicals_herbal_or_botanical_supplement,TRUE,,dose,dose|tablet|capsule|softgel|gummy|scoop|g|mg|mcg|ml|drop|sachet|serving,TRUE,Curcumin Supplements Herbs and botanicals Digestive and liver herbs,2427,TRUE,
supplements_herbs_and_botanicals_peppermint_oil,Peppermint oil,Supplements,Herbs and botanicals,Digestive and liver herbs,specific,supplements_herbs_and_botanicals_herbal_or_botanical_supplement,TRUE,,dose,dose|tablet|capsule|softgel|gummy|scoop|g|mg|mcg|ml|drop|sachet|serving,TRUE,Peppermint oil Supplements Herbs and botanicals Digestive and liver herbs,2428,TRUE,
supplements_herbs_and_botanicals_fennel_supplement,Fennel supplement,Supplements,Herbs and botanicals,Digestive and liver herbs,specific,supplements_herbs_and_botanicals_herbal_or_botanical_supplement,TRUE,,dose,dose|tablet|capsule|softgel|gummy|scoop|g|mg|mcg|ml|drop|sachet|serving,TRUE,Fennel supplement Supplements Herbs and botanicals Digestive and liver herbs,2429,TRUE,
supplements_herbs_and_botanicals_aloe_vera_supplement,Aloe vera supplement,Supplements,Herbs and botanicals,Digestive and liver herbs,specific,supplements_herbs_and_botanicals_herbal_or_botanical_supplement,TRUE,,dose,dose|tablet|capsule|softgel|gummy|scoop|g|mg|mcg|ml|drop|sachet|serving,TRUE,Aloe vera supplement Supplements Herbs and botanicals Digestive and liver herbs,2430,TRUE,
supplements_herbs_and_botanicals_slippery_elm,Slippery elm,Supplements,Herbs and botanicals,Digestive and liver herbs,specific,supplements_herbs_and_botanicals_herbal_or_botanical_supplement,TRUE,,dose,dose|tablet|capsule|softgel|gummy|scoop|g|mg|mcg|ml|drop|sachet|serving,TRUE,Slippery elm Supplements Herbs and botanicals Digestive and liver herbs,2431,TRUE,
supplements_herbs_and_botanicals_marshmallow_root,Marshmallow root,Supplements,Herbs and botanicals,Digestive and liver herbs,specific,supplements_herbs_and_botanicals_herbal_or_botanical_supplement,TRUE,,dose,dose|tablet|capsule|softgel|gummy|scoop|g|mg|mcg|ml|drop|sachet|serving,TRUE,Marshmallow root Supplements Herbs and botanicals Digestive and liver herbs,2432,TRUE,
supplements_herbs_and_botanicals_cinnamon_supplement,Cinnamon supplement,Supplements,Herbs and botanicals,Metabolic and cardiovascular herbs,specific,supplements_herbs_and_botanicals_herbal_or_botanical_supplement,TRUE,,dose,dose|tablet|capsule|softgel|gummy|scoop|g|mg|mcg|ml|drop|sachet|serving,TRUE,Cinnamon supplement Supplements Herbs and botanicals Metabolic and cardiovascular herbs,2433,TRUE,
supplements_herbs_and_botanicals_berberine,Berberine,Supplements,Herbs and botanicals,Metabolic and cardiovascular herbs,specific,supplements_herbs_and_botanicals_herbal_or_botanical_supplement,TRUE,,dose,dose|tablet|capsule|softgel|gummy|scoop|g|mg|mcg|ml|drop|sachet|serving,TRUE,Berberine Supplements Herbs and botanicals Metabolic and cardiovascular herbs,2434,TRUE,
supplements_herbs_and_botanicals_fenugreek_supplement,Fenugreek supplement,Supplements,Herbs and botanicals,Metabolic and cardiovascular herbs,specific,supplements_herbs_and_botanicals_herbal_or_botanical_supplement,TRUE,,dose,dose|tablet|capsule|softgel|gummy|scoop|g|mg|mcg|ml|drop|sachet|serving,TRUE,Fenugreek supplement Supplements Herbs and botanicals Metabolic and cardiovascular herbs,2435,TRUE,
supplements_herbs_and_botanicals_garlic_supplement,Garlic supplement,Supplements,Herbs and botanicals,Metabolic and cardiovascular herbs,specific,supplements_herbs_and_botanicals_herbal_or_botanical_supplement,TRUE,,dose,dose|tablet|capsule|softgel|gummy|scoop|g|mg|mcg|ml|drop|sachet|serving,TRUE,Garlic supplement Supplements Herbs and botanicals Metabolic and cardiovascular herbs,2436,TRUE,
supplements_herbs_and_botanicals_hawthorn,Hawthorn,Supplements,Herbs and botanicals,Metabolic and cardiovascular herbs,specific,supplements_herbs_and_botanicals_herbal_or_botanical_supplement,TRUE,,dose,dose|tablet|capsule|softgel|gummy|scoop|g|mg|mcg|ml|drop|sachet|serving,TRUE,Hawthorn Supplements Herbs and botanicals Metabolic and cardiovascular herbs,2437,TRUE,
supplements_herbs_and_botanicals_red_yeast_rice,Red yeast rice,Supplements,Herbs and botanicals,Metabolic and cardiovascular herbs,specific,supplements_herbs_and_botanicals_herbal_or_botanical_supplement,TRUE,,dose,dose|tablet|capsule|softgel|gummy|scoop|g|mg|mcg|ml|drop|sachet|serving,TRUE,Red yeast rice Supplements Herbs and botanicals Metabolic and cardiovascular herbs,2438,TRUE,
supplements_herbs_and_botanicals_grape_seed_extract,Grape seed extract,Supplements,Herbs and botanicals,Metabolic and cardiovascular herbs,specific,supplements_herbs_and_botanicals_herbal_or_botanical_supplement,TRUE,,dose,dose|tablet|capsule|softgel|gummy|scoop|g|mg|mcg|ml|drop|sachet|serving,TRUE,Grape seed extract Supplements Herbs and botanicals Metabolic and cardiovascular herbs,2439,TRUE,
supplements_herbs_and_botanicals_green_tea_extract,Green tea extract,Supplements,Herbs and botanicals,Metabolic and cardiovascular herbs,specific,supplements_herbs_and_botanicals_herbal_or_botanical_supplement,TRUE,,dose,dose|tablet|capsule|softgel|gummy|scoop|g|mg|mcg|ml|drop|sachet|serving,TRUE,Green tea extract Supplements Herbs and botanicals Metabolic and cardiovascular herbs,2440,TRUE,
supplements_herbs_and_botanicals_olive_leaf_extract,Olive leaf extract,Supplements,Herbs and botanicals,Metabolic and cardiovascular herbs,specific,supplements_herbs_and_botanicals_herbal_or_botanical_supplement,TRUE,,dose,dose|tablet|capsule|softgel|gummy|scoop|g|mg|mcg|ml|drop|sachet|serving,TRUE,Olive leaf extract Supplements Herbs and botanicals Metabolic and cardiovascular herbs,2441,TRUE,
supplements_herbs_and_botanicals_coenzyme_q10_botanical_blend,Coenzyme Q10 botanical blend,Supplements,Herbs and botanicals,Metabolic and cardiovascular herbs,specific,supplements_herbs_and_botanicals_herbal_or_botanical_supplement,TRUE,,dose,dose|tablet|capsule|softgel|gummy|scoop|g|mg|mcg|ml|drop|sachet|serving,TRUE,Coenzyme Q10 botanical blend Supplements Herbs and botanicals Metabolic and cardiovascular herbs,2442,TRUE,
supplements_herbs_and_botanicals_saw_palmetto,Saw palmetto,Supplements,Herbs and botanicals,Other botanicals,specific,supplements_herbs_and_botanicals_herbal_or_botanical_supplement,TRUE,,dose,dose|tablet|capsule|softgel|gummy|scoop|g|mg|mcg|ml|drop|sachet|serving,TRUE,Saw palmetto Supplements Herbs and botanicals Other botanicals,2443,TRUE,
supplements_herbs_and_botanicals_ginkgo_biloba,Ginkgo biloba,Supplements,Herbs and botanicals,Other botanicals,specific,supplements_herbs_and_botanicals_herbal_or_botanical_supplement,TRUE,,dose,dose|tablet|capsule|softgel|gummy|scoop|g|mg|mcg|ml|drop|sachet|serving,TRUE,Ginkgo biloba Supplements Herbs and botanicals Other botanicals,2444,TRUE,
supplements_herbs_and_botanicals_st_john_s_wort,St. John's wort,Supplements,Herbs and botanicals,Other botanicals,specific,supplements_herbs_and_botanicals_herbal_or_botanical_supplement,TRUE,,dose,dose|tablet|capsule|softgel|gummy|scoop|g|mg|mcg|ml|drop|sachet|serving,TRUE,St. John's wort Supplements Herbs and botanicals Other botanicals,2445,TRUE,
supplements_herbs_and_botanicals_black_cohosh,Black cohosh,Supplements,Herbs and botanicals,Other botanicals,specific,supplements_herbs_and_botanicals_herbal_or_botanical_supplement,TRUE,,dose,dose|tablet|capsule|softgel|gummy|scoop|g|mg|mcg|ml|drop|sachet|serving,TRUE,Black cohosh Supplements Herbs and botanicals Other botanicals,2446,TRUE,
supplements_herbs_and_botanicals_chasteberry,Chasteberry,Supplements,Herbs and botanicals,Other botanicals,specific,supplements_herbs_and_botanicals_herbal_or_botanical_supplement,TRUE,,dose,dose|tablet|capsule|softgel|gummy|scoop|g|mg|mcg|ml|drop|sachet|serving,TRUE,Chasteberry Supplements Herbs and botanicals Other botanicals,2447,TRUE,
supplements_herbs_and_botanicals_dong_quai,Dong quai,Supplements,Herbs and botanicals,Other botanicals,specific,supplements_herbs_and_botanicals_herbal_or_botanical_supplement,TRUE,,dose,dose|tablet|capsule|softgel|gummy|scoop|g|mg|mcg|ml|drop|sachet|serving,TRUE,Dong quai Supplements Herbs and botanicals Other botanicals,2448,TRUE,
supplements_herbs_and_botanicals_tribulus,Tribulus,Supplements,Herbs and botanicals,Other botanicals,specific,supplements_herbs_and_botanicals_herbal_or_botanical_supplement,TRUE,,dose,dose|tablet|capsule|softgel|gummy|scoop|g|mg|mcg|ml|drop|sachet|serving,TRUE,Tribulus Supplements Herbs and botanicals Other botanicals,2449,TRUE,
supplements_herbs_and_botanicals_horny_goat_weed,Horny goat weed,Supplements,Herbs and botanicals,Other botanicals,specific,supplements_herbs_and_botanicals_herbal_or_botanical_supplement,TRUE,,dose,dose|tablet|capsule|softgel|gummy|scoop|g|mg|mcg|ml|drop|sachet|serving,TRUE,Horny goat weed Supplements Herbs and botanicals Other botanicals,2450,TRUE,
supplements_herbs_and_botanicals_boswellia,Boswellia,Supplements,Herbs and botanicals,Other botanicals,specific,supplements_herbs_and_botanicals_herbal_or_botanical_supplement,TRUE,,dose,dose|tablet|capsule|softgel|gummy|scoop|g|mg|mcg|ml|drop|sachet|serving,TRUE,Boswellia Supplements Herbs and botanicals Other botanicals,2451,TRUE,
supplements_herbs_and_botanicals_devil_s_claw,Devil's claw,Supplements,Herbs and botanicals,Other botanicals,specific,supplements_herbs_and_botanicals_herbal_or_botanical_supplement,TRUE,,dose,dose|tablet|capsule|softgel|gummy|scoop|g|mg|mcg|ml|drop|sachet|serving,TRUE,Devil's claw Supplements Herbs and botanicals Other botanicals,2452,TRUE,
supplements_herbs_and_botanicals_cat_s_claw,Cat's claw,Supplements,Herbs and botanicals,Other botanicals,specific,supplements_herbs_and_botanicals_herbal_or_botanical_supplement,TRUE,,dose,dose|tablet|capsule|softgel|gummy|scoop|g|mg|mcg|ml|drop|sachet|serving,TRUE,Cat's claw Supplements Herbs and botanicals Other botanicals,2453,TRUE,
supplements_herbs_and_botanicals_neem,Neem,Supplements,Herbs and botanicals,Other botanicals,specific,supplements_herbs_and_botanicals_herbal_or_botanical_supplement,TRUE,,dose,dose|tablet|capsule|softgel|gummy|scoop|g|mg|mcg|ml|drop|sachet|serving,TRUE,Neem Supplements Herbs and botanicals Other botanicals,2454,TRUE,
supplements_herbs_and_botanicals_moringa,Moringa,Supplements,Herbs and botanicals,Other botanicals,specific,supplements_herbs_and_botanicals_herbal_or_botanical_supplement,TRUE,,dose,dose|tablet|capsule|softgel|gummy|scoop|g|mg|mcg|ml|drop|sachet|serving,TRUE,Moringa Supplements Herbs and botanicals Other botanicals,2455,TRUE,
supplements_herbs_and_botanicals_spirulina_supplement,Spirulina supplement,Supplements,Herbs and botanicals,Other botanicals,specific,supplements_herbs_and_botanicals_herbal_or_botanical_supplement,TRUE,,dose,dose|tablet|capsule|softgel|gummy|scoop|g|mg|mcg|ml|drop|sachet|serving,TRUE,Spirulina supplement Supplements Herbs and botanicals Other botanicals,2456,TRUE,
supplements_herbs_and_botanicals_chlorella,Chlorella,Supplements,Herbs and botanicals,Other botanicals,specific,supplements_herbs_and_botanicals_herbal_or_botanical_supplement,TRUE,,dose,dose|tablet|capsule|softgel|gummy|scoop|g|mg|mcg|ml|drop|sachet|serving,TRUE,Chlorella Supplements Herbs and botanicals Other botanicals,2457,TRUE,
supplements_herbs_and_botanicals_wheatgrass,Wheatgrass,Supplements,Herbs and botanicals,Other botanicals,specific,supplements_herbs_and_botanicals_herbal_or_botanical_supplement,TRUE,,dose,dose|tablet|capsule|softgel|gummy|scoop|g|mg|mcg|ml|drop|sachet|serving,TRUE,Wheatgrass Supplements Herbs and botanicals Other botanicals,2458,TRUE,
supplements_herbs_and_botanicals_barley_grass,Barley grass,Supplements,Herbs and botanicals,Other botanicals,specific,supplements_herbs_and_botanicals_herbal_or_botanical_supplement,TRUE,,dose,dose|tablet|capsule|softgel|gummy|scoop|g|mg|mcg|ml|drop|sachet|serving,TRUE,Barley grass Supplements Herbs and botanicals Other botanicals,2459,TRUE,
supplements_herbs_and_botanicals_sea_moss,Sea moss,Supplements,Herbs and botanicals,Other botanicals,specific,supplements_herbs_and_botanicals_herbal_or_botanical_supplement,TRUE,,dose,dose|tablet|capsule|softgel|gummy|scoop|g|mg|mcg|ml|drop|sachet|serving,TRUE,Sea moss Supplements Herbs and botanicals Other botanicals,2460,TRUE,
supplements_herbs_and_botanicals_mushroom_blend,Mushroom blend,Supplements,Herbs and botanicals,Other botanicals,specific,supplements_herbs_and_botanicals_herbal_or_botanical_supplement,TRUE,,dose,dose|tablet|capsule|softgel|gummy|scoop|g|mg|mcg|ml|drop|sachet|serving,TRUE,Mushroom blend Supplements Herbs and botanicals Other botanicals,2461,TRUE,
supplements_herbs_and_botanicals_lion_s_mane,Lion's mane,Supplements,Herbs and botanicals,Other botanicals,specific,supplements_herbs_and_botanicals_herbal_or_botanical_supplement,TRUE,,dose,dose|tablet|capsule|softgel|gummy|scoop|g|mg|mcg|ml|drop|sachet|serving,TRUE,Lion's mane Supplements Herbs and botanicals Other botanicals,2462,TRUE,
supplements_herbs_and_botanicals_reishi,Reishi,Supplements,Herbs and botanicals,Other botanicals,specific,supplements_herbs_and_botanicals_herbal_or_botanical_supplement,TRUE,,dose,dose|tablet|capsule|softgel|gummy|scoop|g|mg|mcg|ml|drop|sachet|serving,TRUE,Reishi Supplements Herbs and botanicals Other botanicals,2463,TRUE,
supplements_herbs_and_botanicals_cordyceps,Cordyceps,Supplements,Herbs and botanicals,Other botanicals,specific,supplements_herbs_and_botanicals_herbal_or_botanical_supplement,TRUE,,dose,dose|tablet|capsule|softgel|gummy|scoop|g|mg|mcg|ml|drop|sachet|serving,TRUE,Cordyceps Supplements Herbs and botanicals Other botanicals,2464,TRUE,
supplements_herbs_and_botanicals_chaga,Chaga,Supplements,Herbs and botanicals,Other botanicals,specific,supplements_herbs_and_botanicals_herbal_or_botanical_supplement,TRUE,,dose,dose|tablet|capsule|softgel|gummy|scoop|g|mg|mcg|ml|drop|sachet|serving,TRUE,Chaga Supplements Herbs and botanicals Other botanicals,2465,TRUE,
supplements_herbs_and_botanicals_turkey_tail_mushroom,Turkey tail mushroom,Supplements,Herbs and botanicals,Other botanicals,specific,supplements_herbs_and_botanicals_herbal_or_botanical_supplement,TRUE,,dose,dose|tablet|capsule|softgel|gummy|scoop|g|mg|mcg|ml|drop|sachet|serving,TRUE,Turkey tail mushroom Supplements Herbs and botanicals Other botanicals,2466,TRUE,
supplements_antioxidants_and_specialty_nutrients_antioxidant_or_specialty_supplement,Antioxidant or specialty supplement,Supplements,Antioxidants and specialty nutrients,General,general,,TRUE,,dose,dose|tablet|capsule|softgel|gummy|scoop|g|mg|mcg|ml|drop|sachet|serving,TRUE,Antioxidant or specialty supplement Supplements Antioxidants and specialty nutrients General,2467,TRUE,General option remains selectable when the user does not want to choose a specific item.
supplements_antioxidants_and_specialty_nutrients_coenzyme_q10,Coenzyme Q10,Supplements,Antioxidants and specialty nutrients,Antioxidants,specific,supplements_antioxidants_and_specialty_nutrients_antioxidant_or_specialty_supplement,TRUE,,dose,dose|tablet|capsule|softgel|gummy|scoop|g|mg|mcg|ml|drop|sachet|serving,TRUE,Coenzyme Q10 Supplements Antioxidants and specialty nutrients Antioxidants,2468,TRUE,
supplements_antioxidants_and_specialty_nutrients_alpha_lipoic_acid,Alpha-lipoic acid,Supplements,Antioxidants and specialty nutrients,Antioxidants,specific,supplements_antioxidants_and_specialty_nutrients_antioxidant_or_specialty_supplement,TRUE,,dose,dose|tablet|capsule|softgel|gummy|scoop|g|mg|mcg|ml|drop|sachet|serving,TRUE,Alpha-lipoic acid Supplements Antioxidants and specialty nutrients Antioxidants,2469,TRUE,
supplements_antioxidants_and_specialty_nutrients_resveratrol,Resveratrol,Supplements,Antioxidants and specialty nutrients,Antioxidants,specific,supplements_antioxidants_and_specialty_nutrients_antioxidant_or_specialty_supplement,TRUE,,dose,dose|tablet|capsule|softgel|gummy|scoop|g|mg|mcg|ml|drop|sachet|serving,TRUE,Resveratrol Supplements Antioxidants and specialty nutrients Antioxidants,2470,TRUE,
supplements_antioxidants_and_specialty_nutrients_quercetin,Quercetin,Supplements,Antioxidants and specialty nutrients,Antioxidants,specific,supplements_antioxidants_and_specialty_nutrients_antioxidant_or_specialty_supplement,TRUE,,dose,dose|tablet|capsule|softgel|gummy|scoop|g|mg|mcg|ml|drop|sachet|serving,TRUE,Quercetin Supplements Antioxidants and specialty nutrients Antioxidants,2471,TRUE,
supplements_antioxidants_and_specialty_nutrients_astaxanthin,Astaxanthin,Supplements,Antioxidants and specialty nutrients,Antioxidants,specific,supplements_antioxidants_and_specialty_nutrients_antioxidant_or_specialty_supplement,TRUE,,dose,dose|tablet|capsule|softgel|gummy|scoop|g|mg|mcg|ml|drop|sachet|serving,TRUE,Astaxanthin Supplements Antioxidants and specialty nutrients Antioxidants,2472,TRUE,
supplements_antioxidants_and_specialty_nutrients_lutein,Lutein,Supplements,Antioxidants and specialty nutrients,Antioxidants,specific,supplements_antioxidants_and_specialty_nutrients_antioxidant_or_specialty_supplement,TRUE,,dose,dose|tablet|capsule|softgel|gummy|scoop|g|mg|mcg|ml|drop|sachet|serving,TRUE,Lutein Supplements Antioxidants and specialty nutrients Antioxidants,2473,TRUE,
supplements_antioxidants_and_specialty_nutrients_zeaxanthin,Zeaxanthin,Supplements,Antioxidants and specialty nutrients,Antioxidants,specific,supplements_antioxidants_and_specialty_nutrients_antioxidant_or_specialty_supplement,TRUE,,dose,dose|tablet|capsule|softgel|gummy|scoop|g|mg|mcg|ml|drop|sachet|serving,TRUE,Zeaxanthin Supplements Antioxidants and specialty nutrients Antioxidants,2474,TRUE,
supplements_antioxidants_and_specialty_nutrients_lycopene,Lycopene,Supplements,Antioxidants and specialty nutrients,Antioxidants,specific,supplements_antioxidants_and_specialty_nutrients_antioxidant_or_specialty_supplement,TRUE,,dose,dose|tablet|capsule|softgel|gummy|scoop|g|mg|mcg|ml|drop|sachet|serving,TRUE,Lycopene Supplements Antioxidants and specialty nutrients Antioxidants,2475,TRUE,
supplements_antioxidants_and_specialty_nutrients_glutathione,Glutathione,Supplements,Antioxidants and specialty nutrients,Antioxidants,specific,supplements_antioxidants_and_specialty_nutrients_antioxidant_or_specialty_supplement,TRUE,,dose,dose|tablet|capsule|softgel|gummy|scoop|g|mg|mcg|ml|drop|sachet|serving,TRUE,Glutathione Supplements Antioxidants and specialty nutrients Antioxidants,2476,TRUE,
supplements_antioxidants_and_specialty_nutrients_pqq,PQQ,Supplements,Antioxidants and specialty nutrients,Antioxidants,specific,supplements_antioxidants_and_specialty_nutrients_antioxidant_or_specialty_supplement,TRUE,,dose,dose|tablet|capsule|softgel|gummy|scoop|g|mg|mcg|ml|drop|sachet|serving,TRUE,PQQ Supplements Antioxidants and specialty nutrients Antioxidants,2477,TRUE,
supplements_antioxidants_and_specialty_nutrients_nad_precursor,NAD precursor,Supplements,Antioxidants and specialty nutrients,Antioxidants,specific,supplements_antioxidants_and_specialty_nutrients_antioxidant_or_specialty_supplement,TRUE,,dose,dose|tablet|capsule|softgel|gummy|scoop|g|mg|mcg|ml|drop|sachet|serving,TRUE,NAD precursor Supplements Antioxidants and specialty nutrients Antioxidants,2478,TRUE,
supplements_antioxidants_and_specialty_nutrients_nicotinamide_riboside,Nicotinamide riboside,Supplements,Antioxidants and specialty nutrients,Antioxidants,specific,supplements_antioxidants_and_specialty_nutrients_antioxidant_or_specialty_supplement,TRUE,,dose,dose|tablet|capsule|softgel|gummy|scoop|g|mg|mcg|ml|drop|sachet|serving,TRUE,Nicotinamide riboside Supplements Antioxidants and specialty nutrients Antioxidants,2479,TRUE,
supplements_antioxidants_and_specialty_nutrients_nicotinamide_mononucleotide,Nicotinamide mononucleotide,Supplements,Antioxidants and specialty nutrients,Antioxidants,specific,supplements_antioxidants_and_specialty_nutrients_antioxidant_or_specialty_supplement,TRUE,,dose,dose|tablet|capsule|softgel|gummy|scoop|g|mg|mcg|ml|drop|sachet|serving,TRUE,Nicotinamide mononucleotide Supplements Antioxidants and specialty nutrients Antioxidants,2480,TRUE,
supplements_antioxidants_and_specialty_nutrients_collagen_peptides,Collagen peptides,Supplements,Antioxidants and specialty nutrients,"Joint, skin and structural support",specific,supplements_antioxidants_and_specialty_nutrients_antioxidant_or_specialty_supplement,TRUE,,dose,dose|tablet|capsule|softgel|gummy|scoop|g|mg|mcg|ml|drop|sachet|serving,TRUE,"Collagen peptides Supplements Antioxidants and specialty nutrients Joint, skin and structural support",2481,TRUE,
supplements_antioxidants_and_specialty_nutrients_gelatin_supplement,Gelatin supplement,Supplements,Antioxidants and specialty nutrients,"Joint, skin and structural support",specific,supplements_antioxidants_and_specialty_nutrients_antioxidant_or_specialty_supplement,TRUE,,dose,dose|tablet|capsule|softgel|gummy|scoop|g|mg|mcg|ml|drop|sachet|serving,TRUE,"Gelatin supplement Supplements Antioxidants and specialty nutrients Joint, skin and structural support",2482,TRUE,
supplements_antioxidants_and_specialty_nutrients_glucosamine,Glucosamine,Supplements,Antioxidants and specialty nutrients,"Joint, skin and structural support",specific,supplements_antioxidants_and_specialty_nutrients_antioxidant_or_specialty_supplement,TRUE,,dose,dose|tablet|capsule|softgel|gummy|scoop|g|mg|mcg|ml|drop|sachet|serving,TRUE,"Glucosamine Supplements Antioxidants and specialty nutrients Joint, skin and structural support",2483,TRUE,
supplements_antioxidants_and_specialty_nutrients_chondroitin,Chondroitin,Supplements,Antioxidants and specialty nutrients,"Joint, skin and structural support",specific,supplements_antioxidants_and_specialty_nutrients_antioxidant_or_specialty_supplement,TRUE,,dose,dose|tablet|capsule|softgel|gummy|scoop|g|mg|mcg|ml|drop|sachet|serving,TRUE,"Chondroitin Supplements Antioxidants and specialty nutrients Joint, skin and structural support",2484,TRUE,
supplements_antioxidants_and_specialty_nutrients_msm,MSM,Supplements,Antioxidants and specialty nutrients,"Joint, skin and structural support",specific,supplements_antioxidants_and_specialty_nutrients_antioxidant_or_specialty_supplement,TRUE,,dose,dose|tablet|capsule|softgel|gummy|scoop|g|mg|mcg|ml|drop|sachet|serving,TRUE,"MSM Supplements Antioxidants and specialty nutrients Joint, skin and structural support",2485,TRUE,
supplements_antioxidants_and_specialty_nutrients_hyaluronic_acid,Hyaluronic acid,Supplements,Antioxidants and specialty nutrients,"Joint, skin and structural support",specific,supplements_antioxidants_and_specialty_nutrients_antioxidant_or_specialty_supplement,TRUE,,dose,dose|tablet|capsule|softgel|gummy|scoop|g|mg|mcg|ml|drop|sachet|serving,TRUE,"Hyaluronic acid Supplements Antioxidants and specialty nutrients Joint, skin and structural support",2486,TRUE,
supplements_antioxidants_and_specialty_nutrients_keratin_supplement,Keratin supplement,Supplements,Antioxidants and specialty nutrients,"Joint, skin and structural support",specific,supplements_antioxidants_and_specialty_nutrients_antioxidant_or_specialty_supplement,TRUE,,dose,dose|tablet|capsule|softgel|gummy|scoop|g|mg|mcg|ml|drop|sachet|serving,TRUE,"Keratin supplement Supplements Antioxidants and specialty nutrients Joint, skin and structural support",2487,TRUE,
supplements_antioxidants_and_specialty_nutrients_ceramide_supplement,Ceramide supplement,Supplements,Antioxidants and specialty nutrients,"Joint, skin and structural support",specific,supplements_antioxidants_and_specialty_nutrients_antioxidant_or_specialty_supplement,TRUE,,dose,dose|tablet|capsule|softgel|gummy|scoop|g|mg|mcg|ml|drop|sachet|serving,TRUE,"Ceramide supplement Supplements Antioxidants and specialty nutrients Joint, skin and structural support",2488,TRUE,
supplements_antioxidants_and_specialty_nutrients_silicon_supplement,Silicon supplement,Supplements,Antioxidants and specialty nutrients,"Joint, skin and structural support",specific,supplements_antioxidants_and_specialty_nutrients_antioxidant_or_specialty_supplement,TRUE,,dose,dose|tablet|capsule|softgel|gummy|scoop|g|mg|mcg|ml|drop|sachet|serving,TRUE,"Silicon supplement Supplements Antioxidants and specialty nutrients Joint, skin and structural support",2489,TRUE,
supplements_antioxidants_and_specialty_nutrients_phosphatidylserine,Phosphatidylserine,Supplements,Antioxidants and specialty nutrients,Brain and sleep support,specific,supplements_antioxidants_and_specialty_nutrients_antioxidant_or_specialty_supplement,TRUE,,dose,dose|tablet|capsule|softgel|gummy|scoop|g|mg|mcg|ml|drop|sachet|serving,TRUE,Phosphatidylserine Supplements Antioxidants and specialty nutrients Brain and sleep support,2490,TRUE,
supplements_antioxidants_and_specialty_nutrients_citicoline,Citicoline,Supplements,Antioxidants and specialty nutrients,Brain and sleep support,specific,supplements_antioxidants_and_specialty_nutrients_antioxidant_or_specialty_supplement,TRUE,,dose,dose|tablet|capsule|softgel|gummy|scoop|g|mg|mcg|ml|drop|sachet|serving,TRUE,Citicoline Supplements Antioxidants and specialty nutrients Brain and sleep support,2491,TRUE,
supplements_antioxidants_and_specialty_nutrients_alpha_gpc,Alpha-GPC,Supplements,Antioxidants and specialty nutrients,Brain and sleep support,specific,supplements_antioxidants_and_specialty_nutrients_antioxidant_or_specialty_supplement,TRUE,,dose,dose|tablet|capsule|softgel|gummy|scoop|g|mg|mcg|ml|drop|sachet|serving,TRUE,Alpha-GPC Supplements Antioxidants and specialty nutrients Brain and sleep support,2492,TRUE,
supplements_antioxidants_and_specialty_nutrients_gaba_supplement,GABA supplement,Supplements,Antioxidants and specialty nutrients,Brain and sleep support,specific,supplements_antioxidants_and_specialty_nutrients_antioxidant_or_specialty_supplement,TRUE,,dose,dose|tablet|capsule|softgel|gummy|scoop|g|mg|mcg|ml|drop|sachet|serving,TRUE,GABA supplement Supplements Antioxidants and specialty nutrients Brain and sleep support,2493,TRUE,
supplements_antioxidants_and_specialty_nutrients_5_htp,5-HTP,Supplements,Antioxidants and specialty nutrients,Brain and sleep support,specific,supplements_antioxidants_and_specialty_nutrients_antioxidant_or_specialty_supplement,TRUE,,dose,dose|tablet|capsule|softgel|gummy|scoop|g|mg|mcg|ml|drop|sachet|serving,TRUE,5-HTP Supplements Antioxidants and specialty nutrients Brain and sleep support,2494,TRUE,
supplements_antioxidants_and_specialty_nutrients_melatonin_supplement,Melatonin supplement,Supplements,Antioxidants and specialty nutrients,Brain and sleep support,specific,supplements_antioxidants_and_specialty_nutrients_antioxidant_or_specialty_supplement,TRUE,,dose,dose|tablet|capsule|softgel|gummy|scoop|g|mg|mcg|ml|drop|sachet|serving,TRUE,Melatonin supplement Supplements Antioxidants and specialty nutrients Brain and sleep support,2495,TRUE,
supplements_antioxidants_and_specialty_nutrients_magnesium_sleep_blend,Magnesium sleep blend,Supplements,Antioxidants and specialty nutrients,Brain and sleep support,specific,supplements_antioxidants_and_specialty_nutrients_antioxidant_or_specialty_supplement,TRUE,,dose,dose|tablet|capsule|softgel|gummy|scoop|g|mg|mcg|ml|drop|sachet|serving,TRUE,Magnesium sleep blend Supplements Antioxidants and specialty nutrients Brain and sleep support,2496,TRUE,
supplements_antioxidants_and_specialty_nutrients_nootropic_blend,Nootropic blend,Supplements,Antioxidants and specialty nutrients,Brain and sleep support,specific,supplements_antioxidants_and_specialty_nutrients_antioxidant_or_specialty_supplement,TRUE,,dose,dose|tablet|capsule|softgel|gummy|scoop|g|mg|mcg|ml|drop|sachet|serving,TRUE,Nootropic blend Supplements Antioxidants and specialty nutrients Brain and sleep support,2497,TRUE,
supplements_antioxidants_and_specialty_nutrients_d_mannose,D-mannose,Supplements,Antioxidants and specialty nutrients,Other specialty supplements,specific,supplements_antioxidants_and_specialty_nutrients_antioxidant_or_specialty_supplement,TRUE,,dose,dose|tablet|capsule|softgel|gummy|scoop|g|mg|mcg|ml|drop|sachet|serving,TRUE,D-mannose Supplements Antioxidants and specialty nutrients Other specialty supplements,2498,TRUE,
supplements_antioxidants_and_specialty_nutrients_cranberry_extract,Cranberry extract,Supplements,Antioxidants and specialty nutrients,Other specialty supplements,specific,supplements_antioxidants_and_specialty_nutrients_antioxidant_or_specialty_supplement,TRUE,,dose,dose|tablet|capsule|softgel|gummy|scoop|g|mg|mcg|ml|drop|sachet|serving,TRUE,Cranberry extract Supplements Antioxidants and specialty nutrients Other specialty supplements,2499,TRUE,
supplements_antioxidants_and_specialty_nutrients_sam_e,SAM-e,Supplements,Antioxidants and specialty nutrients,Other specialty supplements,specific,supplements_antioxidants_and_specialty_nutrients_antioxidant_or_specialty_supplement,TRUE,,dose,dose|tablet|capsule|softgel|gummy|scoop|g|mg|mcg|ml|drop|sachet|serving,TRUE,SAM-e Supplements Antioxidants and specialty nutrients Other specialty supplements,2500,TRUE,
supplements_antioxidants_and_specialty_nutrients_dim,DIM,Supplements,Antioxidants and specialty nutrients,Other specialty supplements,specific,supplements_antioxidants_and_specialty_nutrients_antioxidant_or_specialty_supplement,TRUE,,dose,dose|tablet|capsule|softgel|gummy|scoop|g|mg|mcg|ml|drop|sachet|serving,TRUE,DIM Supplements Antioxidants and specialty nutrients Other specialty supplements,2501,TRUE,
supplements_antioxidants_and_specialty_nutrients_indole_3_carbinol,Indole-3-carbinol,Supplements,Antioxidants and specialty nutrients,Other specialty supplements,specific,supplements_antioxidants_and_specialty_nutrients_antioxidant_or_specialty_supplement,TRUE,,dose,dose|tablet|capsule|softgel|gummy|scoop|g|mg|mcg|ml|drop|sachet|serving,TRUE,Indole-3-carbinol Supplements Antioxidants and specialty nutrients Other specialty supplements,2502,TRUE,
supplements_antioxidants_and_specialty_nutrients_royal_jelly,Royal jelly,Supplements,Antioxidants and specialty nutrients,Other specialty supplements,specific,supplements_antioxidants_and_specialty_nutrients_antioxidant_or_specialty_supplement,TRUE,,dose,dose|tablet|capsule|softgel|gummy|scoop|g|mg|mcg|ml|drop|sachet|serving,TRUE,Royal jelly Supplements Antioxidants and specialty nutrients Other specialty supplements,2503,TRUE,
supplements_antioxidants_and_specialty_nutrients_bee_pollen,Bee pollen,Supplements,Antioxidants and specialty nutrients,Other specialty supplements,specific,supplements_antioxidants_and_specialty_nutrients_antioxidant_or_specialty_supplement,TRUE,,dose,dose|tablet|capsule|softgel|gummy|scoop|g|mg|mcg|ml|drop|sachet|serving,TRUE,Bee pollen Supplements Antioxidants and specialty nutrients Other specialty supplements,2504,TRUE,
supplements_antioxidants_and_specialty_nutrients_propolis,Propolis,Supplements,Antioxidants and specialty nutrients,Other specialty supplements,specific,supplements_antioxidants_and_specialty_nutrients_antioxidant_or_specialty_supplement,TRUE,,dose,dose|tablet|capsule|softgel|gummy|scoop|g|mg|mcg|ml|drop|sachet|serving,TRUE,Propolis Supplements Antioxidants and specialty nutrients Other specialty supplements,2505,TRUE,
supplements_antioxidants_and_specialty_nutrients_colostrum,Colostrum,Supplements,Antioxidants and specialty nutrients,Other specialty supplements,specific,supplements_antioxidants_and_specialty_nutrients_antioxidant_or_specialty_supplement,TRUE,,dose,dose|tablet|capsule|softgel|gummy|scoop|g|mg|mcg|ml|drop|sachet|serving,TRUE,Colostrum Supplements Antioxidants and specialty nutrients Other specialty supplements,2506,TRUE,
supplements_antioxidants_and_specialty_nutrients_deer_antler_velvet,Deer antler velvet,Supplements,Antioxidants and specialty nutrients,Other specialty supplements,specific,supplements_antioxidants_and_specialty_nutrients_antioxidant_or_specialty_supplement,TRUE,,dose,dose|tablet|capsule|softgel|gummy|scoop|g|mg|mcg|ml|drop|sachet|serving,TRUE,Deer antler velvet Supplements Antioxidants and specialty nutrients Other specialty supplements,2507,TRUE,
supplements_antioxidants_and_specialty_nutrients_shilajit,Shilajit,Supplements,Antioxidants and specialty nutrients,Other specialty supplements,specific,supplements_antioxidants_and_specialty_nutrients_antioxidant_or_specialty_supplement,TRUE,,dose,dose|tablet|capsule|softgel|gummy|scoop|g|mg|mcg|ml|drop|sachet|serving,TRUE,Shilajit Supplements Antioxidants and specialty nutrients Other specialty supplements,2508,TRUE,
supplements_antioxidants_and_specialty_nutrients_fulvic_acid,Fulvic acid,Supplements,Antioxidants and specialty nutrients,Other specialty supplements,specific,supplements_antioxidants_and_specialty_nutrients_antioxidant_or_specialty_supplement,TRUE,,dose,dose|tablet|capsule|softgel|gummy|scoop|g|mg|mcg|ml|drop|sachet|serving,TRUE,Fulvic acid Supplements Antioxidants and specialty nutrients Other specialty supplements,2509,TRUE,
supplements_antioxidants_and_specialty_nutrients_humic_minerals,Humic minerals,Supplements,Antioxidants and specialty nutrients,Other specialty supplements,specific,supplements_antioxidants_and_specialty_nutrients_antioxidant_or_specialty_supplement,TRUE,,dose,dose|tablet|capsule|softgel|gummy|scoop|g|mg|mcg|ml|drop|sachet|serving,TRUE,Humic minerals Supplements Antioxidants and specialty nutrients Other specialty supplements,2510,TRUE,
supplements_antioxidants_and_specialty_nutrients_detox_supplement,Detox supplement,Supplements,Antioxidants and specialty nutrients,Other specialty supplements,specific,supplements_antioxidants_and_specialty_nutrients_antioxidant_or_specialty_supplement,TRUE,,dose,dose|tablet|capsule|softgel|gummy|scoop|g|mg|mcg|ml|drop|sachet|serving,TRUE,Detox supplement Supplements Antioxidants and specialty nutrients Other specialty supplements,2511,TRUE,
supplements_antioxidants_and_specialty_nutrients_greens_powder,Greens powder,Supplements,Antioxidants and specialty nutrients,Other specialty supplements,specific,supplements_antioxidants_and_specialty_nutrients_antioxidant_or_specialty_supplement,TRUE,,dose,dose|tablet|capsule|softgel|gummy|scoop|g|mg|mcg|ml|drop|sachet|serving,TRUE,Greens powder Supplements Antioxidants and specialty nutrients Other specialty supplements,2512,TRUE,
supplements_antioxidants_and_specialty_nutrients_superfood_powder,Superfood powder,Supplements,Antioxidants and specialty nutrients,Other specialty supplements,specific,supplements_antioxidants_and_specialty_nutrients_antioxidant_or_specialty_supplement,TRUE,,dose,dose|tablet|capsule|softgel|gummy|scoop|g|mg|mcg|ml|drop|sachet|serving,TRUE,Superfood powder Supplements Antioxidants and specialty nutrients Other specialty supplements,2513,TRUE,
supplements_antioxidants_and_specialty_nutrients_meal_replacement_supplement,Meal replacement supplement,Supplements,Antioxidants and specialty nutrients,Other specialty supplements,specific,supplements_antioxidants_and_specialty_nutrients_antioxidant_or_specialty_supplement,TRUE,,dose,dose|tablet|capsule|softgel|gummy|scoop|g|mg|mcg|ml|drop|sachet|serving,TRUE,Meal replacement supplement Supplements Antioxidants and specialty nutrients Other specialty supplements,2514,TRUE,
supplements_antioxidants_and_specialty_nutrients_unknown_supplement,Unknown supplement,Supplements,Antioxidants and specialty nutrients,Other specialty supplements,specific,supplements_antioxidants_and_specialty_nutrients_antioxidant_or_specialty_supplement,TRUE,,dose,dose|tablet|capsule|softgel|gummy|scoop|g|mg|mcg|ml|drop|sachet|serving,TRUE,Unknown supplement Supplements Antioxidants and specialty nutrients Other specialty supplements,2515,TRUE,
supplements_antioxidants_and_specialty_nutrients_custom_supplement,Custom supplement,Supplements,Antioxidants and specialty nutrients,Other specialty supplements,specific,supplements_antioxidants_and_specialty_nutrients_antioxidant_or_specialty_supplement,TRUE,,dose,dose|tablet|capsule|softgel|gummy|scoop|g|mg|mcg|ml|drop|sachet|serving,TRUE,Custom supplement Supplements Antioxidants and specialty nutrients Other specialty supplements,2516,TRUE,
other_oral_comfort_products_oral_comfort_product,Oral comfort product,Other,Oral comfort products,General,general,,TRUE,,piece,serving|piece|unit|g|mg|ml|puff|stick|pouch|drop,FALSE,Oral comfort product Other Oral comfort products General,2517,TRUE,General option remains selectable when the user does not want to choose a specific item.
other_oral_comfort_products_chewing_gum,Chewing gum,Other,Oral comfort products,Common oral products,specific,other_oral_comfort_products_oral_comfort_product,TRUE,,piece,serving|piece|unit|g|mg|ml|puff|stick|pouch|drop,FALSE,Chewing gum Other Oral comfort products Common oral products,2518,TRUE,
other_oral_comfort_products_sugar_free_chewing_gum,Sugar-free chewing gum,Other,Oral comfort products,Common oral products,specific,other_oral_comfort_products_oral_comfort_product,TRUE,,piece,serving|piece|unit|g|mg|ml|puff|stick|pouch|drop,FALSE,Sugar-free chewing gum Other Oral comfort products Common oral products,2519,TRUE,
other_oral_comfort_products_breath_mint,Breath mint,Other,Oral comfort products,Common oral products,specific,other_oral_comfort_products_oral_comfort_product,TRUE,,piece,serving|piece|unit|g|mg|ml|puff|stick|pouch|drop,FALSE,Breath mint Other Oral comfort products Common oral products,2520,TRUE,
other_oral_comfort_products_cough_drop,Cough drop,Other,Oral comfort products,Common oral products,specific,other_oral_comfort_products_oral_comfort_product,TRUE,,piece,serving|piece|unit|g|mg|ml|puff|stick|pouch|drop,FALSE,Cough drop Other Oral comfort products Common oral products,2521,TRUE,
other_oral_comfort_products_throat_lozenge,Throat lozenge,Other,Oral comfort products,Common oral products,specific,other_oral_comfort_products_oral_comfort_product,TRUE,,piece,serving|piece|unit|g|mg|ml|puff|stick|pouch|drop,FALSE,Throat lozenge Other Oral comfort products Common oral products,2522,TRUE,
other_oral_comfort_products_medicated_lozenge,Medicated lozenge,Other,Oral comfort products,Common oral products,specific,other_oral_comfort_products_oral_comfort_product,TRUE,,piece,serving|piece|unit|g|mg|ml|puff|stick|pouch|drop,FALSE,Medicated lozenge Other Oral comfort products Common oral products,2523,TRUE,
other_oral_comfort_products_mouth_freshener,Mouth freshener,Other,Oral comfort products,Common oral products,specific,other_oral_comfort_products_oral_comfort_product,TRUE,,piece,serving|piece|unit|g|mg|ml|puff|stick|pouch|drop,FALSE,Mouth freshener Other Oral comfort products Common oral products,2524,TRUE,
other_oral_comfort_products_ice_chips,Ice chips,Other,Oral comfort products,Common oral products,specific,other_oral_comfort_products_oral_comfort_product,TRUE,,piece,serving|piece|unit|g|mg|ml|puff|stick|pouch|drop,FALSE,Ice chips Other Oral comfort products Common oral products,2525,TRUE,
other_nicotine_and_tobacco_nicotine_or_tobacco_product,Nicotine or tobacco product,Other,Nicotine and tobacco,General,general,,TRUE,,unit,serving|piece|unit|g|mg|ml|puff|stick|pouch|drop,FALSE,Nicotine or tobacco product Other Nicotine and tobacco General,2526,TRUE,General option remains selectable when the user does not want to choose a specific item.
other_nicotine_and_tobacco_cigarette,Cigarette,Other,Nicotine and tobacco,Nicotine products,specific,other_nicotine_and_tobacco_nicotine_or_tobacco_product,TRUE,,unit,serving|piece|unit|g|mg|ml|puff|stick|pouch|drop,FALSE,Cigarette Other Nicotine and tobacco Nicotine products,2527,TRUE,
other_nicotine_and_tobacco_cigar,Cigar,Other,Nicotine and tobacco,Nicotine products,specific,other_nicotine_and_tobacco_nicotine_or_tobacco_product,TRUE,,unit,serving|piece|unit|g|mg|ml|puff|stick|pouch|drop,FALSE,Cigar Other Nicotine and tobacco Nicotine products,2528,TRUE,
other_nicotine_and_tobacco_pipe_tobacco,Pipe tobacco,Other,Nicotine and tobacco,Nicotine products,specific,other_nicotine_and_tobacco_nicotine_or_tobacco_product,TRUE,,unit,serving|piece|unit|g|mg|ml|puff|stick|pouch|drop,FALSE,Pipe tobacco Other Nicotine and tobacco Nicotine products,2529,TRUE,
other_nicotine_and_tobacco_shisha_or_hookah,Shisha or hookah,Other,Nicotine and tobacco,Nicotine products,specific,other_nicotine_and_tobacco_nicotine_or_tobacco_product,TRUE,,unit,serving|piece|unit|g|mg|ml|puff|stick|pouch|drop,FALSE,Shisha or hookah Other Nicotine and tobacco Nicotine products,2530,TRUE,
other_nicotine_and_tobacco_vape,Vape,Other,Nicotine and tobacco,Nicotine products,specific,other_nicotine_and_tobacco_nicotine_or_tobacco_product,TRUE,,unit,serving|piece|unit|g|mg|ml|puff|stick|pouch|drop,FALSE,Vape Other Nicotine and tobacco Nicotine products,2531,TRUE,
other_nicotine_and_tobacco_e_cigarette,E-cigarette,Other,Nicotine and tobacco,Nicotine products,specific,other_nicotine_and_tobacco_nicotine_or_tobacco_product,TRUE,,unit,serving|piece|unit|g|mg|ml|puff|stick|pouch|drop,FALSE,E-cigarette Other Nicotine and tobacco Nicotine products,2532,TRUE,
other_nicotine_and_tobacco_nicotine_gum,Nicotine gum,Other,Nicotine and tobacco,Nicotine products,specific,other_nicotine_and_tobacco_nicotine_or_tobacco_product,TRUE,,unit,serving|piece|unit|g|mg|ml|puff|stick|pouch|drop,FALSE,Nicotine gum Other Nicotine and tobacco Nicotine products,2533,TRUE,
other_nicotine_and_tobacco_nicotine_lozenge,Nicotine lozenge,Other,Nicotine and tobacco,Nicotine products,specific,other_nicotine_and_tobacco_nicotine_or_tobacco_product,TRUE,,unit,serving|piece|unit|g|mg|ml|puff|stick|pouch|drop,FALSE,Nicotine lozenge Other Nicotine and tobacco Nicotine products,2534,TRUE,
other_nicotine_and_tobacco_nicotine_pouch,Nicotine pouch,Other,Nicotine and tobacco,Nicotine products,specific,other_nicotine_and_tobacco_nicotine_or_tobacco_product,TRUE,,unit,serving|piece|unit|g|mg|ml|puff|stick|pouch|drop,FALSE,Nicotine pouch Other Nicotine and tobacco Nicotine products,2535,TRUE,
other_nicotine_and_tobacco_nicotine_patch,Nicotine patch,Other,Nicotine and tobacco,Nicotine products,specific,other_nicotine_and_tobacco_nicotine_or_tobacco_product,TRUE,,unit,serving|piece|unit|g|mg|ml|puff|stick|pouch|drop,FALSE,Nicotine patch Other Nicotine and tobacco Nicotine products,2536,TRUE,
other_nicotine_and_tobacco_heated_tobacco_product,Heated tobacco product,Other,Nicotine and tobacco,Nicotine products,specific,other_nicotine_and_tobacco_nicotine_or_tobacco_product,TRUE,,unit,serving|piece|unit|g|mg|ml|puff|stick|pouch|drop,FALSE,Heated tobacco product Other Nicotine and tobacco Nicotine products,2537,TRUE,
other_nicotine_and_tobacco_smokeless_tobacco,Smokeless tobacco,Other,Nicotine and tobacco,Nicotine products,specific,other_nicotine_and_tobacco_nicotine_or_tobacco_product,TRUE,,unit,serving|piece|unit|g|mg|ml|puff|stick|pouch|drop,FALSE,Smokeless tobacco Other Nicotine and tobacco Nicotine products,2538,TRUE,
other_nicotine_and_tobacco_chewing_tobacco,Chewing tobacco,Other,Nicotine and tobacco,Nicotine products,specific,other_nicotine_and_tobacco_nicotine_or_tobacco_product,TRUE,,unit,serving|piece|unit|g|mg|ml|puff|stick|pouch|drop,FALSE,Chewing tobacco Other Nicotine and tobacco Nicotine products,2539,TRUE,
other_nicotine_and_tobacco_snuff,Snuff,Other,Nicotine and tobacco,Nicotine products,specific,other_nicotine_and_tobacco_nicotine_or_tobacco_product,TRUE,,unit,serving|piece|unit|g|mg|ml|puff|stick|pouch|drop,FALSE,Snuff Other Nicotine and tobacco Nicotine products,2540,TRUE,
other_cannabis_products_cannabis_product,Cannabis product,Other,Cannabis products,General,general,,TRUE,,dose,serving|piece|unit|g|mg|ml|puff|stick|pouch|drop,FALSE,Cannabis product Other Cannabis products General,2541,TRUE,General option remains selectable when the user does not want to choose a specific item.
other_cannabis_products_cannabis_smoked,Cannabis smoked,Other,Cannabis products,Cannabis forms,specific,other_cannabis_products_cannabis_product,TRUE,,dose,serving|piece|unit|g|mg|ml|puff|stick|pouch|drop,FALSE,Cannabis smoked Other Cannabis products Cannabis forms,2542,TRUE,
other_cannabis_products_cannabis_vaporized,Cannabis vaporized,Other,Cannabis products,Cannabis forms,specific,other_cannabis_products_cannabis_product,TRUE,,dose,serving|piece|unit|g|mg|ml|puff|stick|pouch|drop,FALSE,Cannabis vaporized Other Cannabis products Cannabis forms,2543,TRUE,
other_cannabis_products_cannabis_edible,Cannabis edible,Other,Cannabis products,Cannabis forms,specific,other_cannabis_products_cannabis_product,TRUE,,dose,serving|piece|unit|g|mg|ml|puff|stick|pouch|drop,FALSE,Cannabis edible Other Cannabis products Cannabis forms,2544,TRUE,
other_cannabis_products_cannabis_oil,Cannabis oil,Other,Cannabis products,Cannabis forms,specific,other_cannabis_products_cannabis_product,TRUE,,dose,serving|piece|unit|g|mg|ml|puff|stick|pouch|drop,FALSE,Cannabis oil Other Cannabis products Cannabis forms,2545,TRUE,
other_cannabis_products_cbd_oil,CBD oil,Other,Cannabis products,Cannabis forms,specific,other_cannabis_products_cannabis_product,TRUE,,dose,serving|piece|unit|g|mg|ml|puff|stick|pouch|drop,FALSE,CBD oil Other Cannabis products Cannabis forms,2546,TRUE,
other_cannabis_products_cbd_edible,CBD edible,Other,Cannabis products,Cannabis forms,specific,other_cannabis_products_cannabis_product,TRUE,,dose,serving|piece|unit|g|mg|ml|puff|stick|pouch|drop,FALSE,CBD edible Other Cannabis products Cannabis forms,2547,TRUE,
other_cannabis_products_thc_edible,THC edible,Other,Cannabis products,Cannabis forms,specific,other_cannabis_products_cannabis_product,TRUE,,dose,serving|piece|unit|g|mg|ml|puff|stick|pouch|drop,FALSE,THC edible Other Cannabis products Cannabis forms,2548,TRUE,
other_cannabis_products_medical_cannabis_product,Medical cannabis product,Other,Cannabis products,Cannabis forms,specific,other_cannabis_products_cannabis_product,TRUE,,dose,serving|piece|unit|g|mg|ml|puff|stick|pouch|drop,FALSE,Medical cannabis product Other Cannabis products Cannabis forms,2549,TRUE,
other_stimulants_and_miscellaneous_substances_other_substance,Other substance,Other,Stimulants and miscellaneous substances,General,general,,TRUE,,dose,serving|piece|unit|g|mg|ml|puff|stick|pouch|drop,FALSE,Other substance Other Stimulants and miscellaneous substances General,2550,TRUE,General option remains selectable when the user does not want to choose a specific item.
other_stimulants_and_miscellaneous_substances_caffeine_tablet,Caffeine tablet,Other,Stimulants and miscellaneous substances,Stimulants and substances,specific,other_stimulants_and_miscellaneous_substances_other_substance,TRUE,,dose,serving|piece|unit|g|mg|ml|puff|stick|pouch|drop,FALSE,Caffeine tablet Other Stimulants and miscellaneous substances Stimulants and substances,2551,TRUE,
other_stimulants_and_miscellaneous_substances_caffeine_powder,Caffeine powder,Other,Stimulants and miscellaneous substances,Stimulants and substances,specific,other_stimulants_and_miscellaneous_substances_other_substance,TRUE,,dose,serving|piece|unit|g|mg|ml|puff|stick|pouch|drop,FALSE,Caffeine powder Other Stimulants and miscellaneous substances Stimulants and substances,2552,TRUE,
other_stimulants_and_miscellaneous_substances_herbal_stimulant,Herbal stimulant,Other,Stimulants and miscellaneous substances,Stimulants and substances,specific,other_stimulants_and_miscellaneous_substances_other_substance,TRUE,,dose,serving|piece|unit|g|mg|ml|puff|stick|pouch|drop,FALSE,Herbal stimulant Other Stimulants and miscellaneous substances Stimulants and substances,2553,TRUE,
other_stimulants_and_miscellaneous_substances_unknown_substance,Unknown substance,Other,Stimulants and miscellaneous substances,Stimulants and substances,specific,other_stimulants_and_miscellaneous_substances_other_substance,TRUE,,dose,serving|piece|unit|g|mg|ml|puff|stick|pouch|drop,FALSE,Unknown substance Other Stimulants and miscellaneous substances Stimulants and substances,2554,TRUE,
other_stimulants_and_miscellaneous_substances_custom_consumable,Custom consumable,Other,Stimulants and miscellaneous substances,Stimulants and substances,specific,other_stimulants_and_miscellaneous_substances_other_substance,TRUE,,dose,serving|piece|unit|g|mg|ml|puff|stick|pouch|drop,FALSE,Custom consumable Other Stimulants and miscellaneous substances Stimulants and substances,2555,TRUE,
other_stimulants_and_miscellaneous_substances_unspecified_consumable,Unspecified consumable,Other,Stimulants and miscellaneous substances,Stimulants and substances,specific,other_stimulants_and_miscellaneous_substances_other_substance,TRUE,,dose,serving|piece|unit|g|mg|ml|puff|stick|pouch|drop,FALSE,Unspecified consumable Other Stimulants and miscellaneous substances Stimulants and substances,2556,TRUE,
food_other_other_food,Other food,Food,Other,Fallback,general,,TRUE,custom food|miscellaneous food,serving,serving|piece|g|kg|oz|cup|tbsp|tsp|slice|bowl|plate|pack,FALSE,Other food Food Other Fallback custom food miscellaneous food,2557,TRUE,Fallback option. Always open a custom-name field before saving.
drinks_other_other_drink,Other drink,Drinks,Other,Fallback,general,,TRUE,custom drinks|miscellaneous drinks,serving,ml|L|cup|glass|bottle|can|shot|mug|serving,FALSE,Other drink Drinks Other Fallback custom drinks miscellaneous drinks,2558,TRUE,Fallback option. Always open a custom-name field before saving.
medications_other_other_medication,Other medication,Medications,Other,Fallback,general,,TRUE,custom medications|miscellaneous medications,dose,dose|tablet|capsule|mg|g|ml|drop|puff|spray|patch|sachet|suppository|injection|unit,TRUE,Other medication Medications Other Fallback custom medications miscellaneous medications,2559,TRUE,Fallback option. Always open a custom-name field before saving.
supplements_other_other_supplement,Other supplement,Supplements,Other,Fallback,general,,TRUE,custom supplements|miscellaneous supplements,dose,dose|tablet|capsule|softgel|gummy|scoop|g|mg|mcg|ml|drop|sachet|serving,TRUE,Other supplement Supplements Other Fallback custom supplements miscellaneous supplements,2560,TRUE,Fallback option. Always open a custom-name field before saving.
other_other_other_other,Other other,Other,Other,Fallback,general,,TRUE,custom other|miscellaneous other,serving,serving|piece|unit|g|mg|ml|puff|stick|pouch|drop,FALSE,Other other Other Other Fallback custom other miscellaneous other,2561,TRUE,Fallback option. Always open a custom-name field before saving.
